retrieval_top1,paired_cosine_mean,paired_cosine_p05,l2_delta_mean,l2_delta_p95,mean_pair_margin,margin_positive_rate,task,length,condition,representation,n_pairs,n_features,density
0.12777777777777777,0.9583645917932405,0.8479095585047404,0.19520255081675492,0.551525514925492,-6.183147292122363e-06,0.002777777777777778,arg_allele,69,substitution_1pct,ckmer5_count_l2,360,404,0.1376615786578658
0.125,0.9320088466949533,0.7570692849073095,0.2489998779405901,0.6970369755740272,-5.655358362568721e-06,0.002777777777777778,arg_allele,69,substitution_1pct,ckmer7_count_l2,360,1103,0.054519240455323865
0.1388888888888889,0.981481831804158,0.929345985566863,0.12796297496399747,0.3759096002370434,-0.00010024715462899748,0.002777777777777778,arg_allele,69,substitution_1pct,cspaced_count_l2,360,67,0.6854477611940298
0.1388888888888889,0.9979706918253299,0.9922699714879066,0.04238297188351824,0.12433845187059515,-1.1329394926159413e-05,0.002777777777777778,arg_allele,69,substitution_1pct,cspaced_property_l2,360,78,0.7169871794871795
0.14166666666666666,0.9781676418092853,0.9195162466909245,0.14133579935921445,0.40120741128707593,6.978806249853068e-06,0.002777777777777778,arg_allele,69,substitution_1pct,hybrid_ckmer5_csp,360,482,0.23141136468418627
0.14166666666666666,0.9649897692601416,0.8755965335737892,0.17866703418077917,0.4988050122906059,5.332662186642424e-06,0.002777777777777778,arg_allele,69,substitution_1pct,hybrid_ckmer7_csp,360,1181,0.09827241509078935
0.12777777777777777,0.9404448641928822,0.9168318108951359,0.3425830211074859,0.40784349072284604,-9.068303310426752e-05,0.002777777777777778,arg_allele,69,N_3pct,ckmer5_count_l2,360,95,0.547953216374269
0.1111111111111111,0.9001994079687023,0.8597269536210945,0.4429460638897058,0.5296660200143197,-9.183503161792802e-05,0.002777777777777778,arg_allele,69,N_3pct,ckmer7_count_l2,360,116,0.46847461685823755
0.12777777777777777,0.9647234173672309,0.9508133150895451,0.26367800553744186,0.3136452929997669,-0.0002619853754563183,0.002777777777777778,arg_allele,69,N_3pct,cspaced_count_l2,360,67,0.663785240464345
0.125,0.9944741159272311,0.9929101132978564,0.10475046784733821,0.11907882859411044,-2.82257681705006e-05,0.002777777777777778,arg_allele,69,N_3pct,cspaced_property_l2,360,78,0.704789886039886
0.12777777777777777,0.9674594900600566,0.9555451261046054,0.25343536439767334,0.29817735946373725,-4.60752397290891e-05,0.002777777777777778,arg_allele,69,N_3pct,hybrid_ckmer5_csp,360,173,0.6186657032755298
0.125,0.9473367619479667,0.9270495722592752,0.32195218503540446,0.38196969218794746,-5.113559501900196e-05,0.002777777777777778,arg_allele,69,N_3pct,hybrid_ckmer7_csp,360,194,0.5634879725085911
0.044444444444444446,0.970214253815369,0.9678372077779894,0.24396296291848843,0.25362488924398296,-1.8286960416984288e-05,0.0,arg_allele,69,trim_5bp,ckmer5_count_l2,360,95,0.562061403508772
0.044444444444444446,0.9630236412458288,0.9619631668251947,0.27192245461805487,0.2758145506488187,-2.1587669923266933e-18,0.0,arg_allele,69,trim_5bp,ckmer7_count_l2,360,116,0.49711446360153255
0.08611111111111111,0.9762442591720982,0.9735800003779151,0.2177768639203494,0.22986952656706808,-0.0003797459720711441,0.002777777777777778,arg_allele,69,trim_5bp,cspaced_count_l2,360,67,0.6713723051409619
0.09444444444444444,0.9973562492194978,0.9970193888099914,0.07264184471649314,0.07720895271934047,-4.031829355047836e-05,0.002777777777777778,arg_allele,69,trim_5bp,cspaced_property_l2,360,78,0.7048967236467236
0.1,0.9837852515174333,0.9824863536933071,0.18001278206371982,0.18715579706015392,-2.9294903175278165e-05,0.002777777777777778,arg_allele,69,trim_5bp,hybrid_ckmer5_csp,360,173,0.626461143224149
0.09444444444444444,0.9801899452326637,0.9795045880787248,0.1990339789218842,0.20246190713946888,-2.0159146775248278e-05,0.002777777777777778,arg_allele,69,trim_5bp,hybrid_ckmer7_csp,360,194,0.5806557846506301
0.10277777777777777,0.9034523493190979,0.7959745425365099,0.4250190364742107,0.6387886015026752,-2.9040891378446295e-05,0.002777777777777778,arg_allele,69,substitution_1pct_N_3pct,ckmer5_count_l2,360,378,0.1381687242798354
0.1,0.840791346029384,0.6803401986951031,0.5463484754684261,0.7995727742924288,-8.20602573999953e-05,0.002777777777777778,arg_allele,69,substitution_1pct_N_3pct,ckmer7_count_l2,360,925,0.05887537537537538
0.11388888888888889,0.9457918601153125,0.8902348999178336,0.32029040097582284,0.4685403042241651,-0.0006876763355120457,0.002777777777777778,arg_allele,69,substitution_1pct_N_3pct,cspaced_count_l2,360,67,0.657276119402985
0.11666666666666667,0.9923935577848652,0.98629713172461,0.1212849153634638,0.16554660876245283,-7.510576748251705e-05,0.002777777777777778,arg_allele,69,substitution_1pct_N_3pct,cspaced_property_l2,360,78,0.6991987179487179
0.11944444444444445,0.9479229535519814,0.8917773769349855,0.31276653434010826,0.46523668569283333,-2.545634100604124e-05,0.002777777777777778,arg_allele,69,substitution_1pct_N_3pct,hybrid_ckmer5_csp,360,456,0.23413438109161794
0.11666666666666667,0.9165924519071246,0.8349296571178858,0.3959075561390596,0.5745731994950948,-5.662811381011774e-05,0.002777777777777778,arg_allele,69,substitution_1pct_N_3pct,hybrid_ckmer7_csp,360,1003,0.10867120859643292
0.12777777777777777,0.8756034043993117,0.8377191568046787,0.49697159701308935,0.5697031563811481,-0.00025624520998012064,0.0,arg_allele,69,local_mismatch_6bp,ckmer5_count_l2,360,511,0.10984453141987388
0.12777777777777777,0.8241510496986684,0.7849870641173372,0.5908399927334493,0.6557635791696012,-9.237650904538257e-05,0.0,arg_allele,69,local_mismatch_6bp,ckmer7_count_l2,360,2953,0.020455657147157316
0.11666666666666667,0.9097925142173441,0.8717935355735279,0.4209484789409738,0.5063723163951748,-0.0016259259989781646,0.0,arg_allele,69,local_mismatch_6bp,cspaced_count_l2,360,67,0.6608830845771144
0.11944444444444445,0.9900931793274651,0.9859243887199267,0.13949795190978645,0.1677832381348206,-0.00018390970230777612,0.0,arg_allele,69,local_mismatch_6bp,cspaced_property_l2,360,78,0.6958867521367521
0.13333333333333333,0.9328482918633886,0.9126676123950526,0.36511767189061406,0.41792915016140003,-0.00015665581522635987,0.0,arg_allele,69,local_mismatch_6bp,hybrid_ckmer5_csp,360,589,0.18745283908696472
0.1361111111111111,0.9071221145130668,0.8859574069308034,0.4293566957580863,0.4775826244382437,-9.472236272791393e-05,0.0,arg_allele,69,local_mismatch_6bp,hybrid_ckmer7_csp,360,3031,0.0378372557645075
0.1361111111111111,0.961099706936066,0.8809884125738465,0.1978172008820368,0.4878761311291725,-0.00013356903944578127,0.0,arg_allele,75,substitution_1pct,ckmer5_count_l2,360,408,0.15061614923747277
0.12777777777777777,0.9359080582643208,0.8031138791177834,0.25380191740784275,0.627512724181441,-3.0839528461809905e-19,0.0,arg_allele,75,substitution_1pct,ckmer7_count_l2,360,1116,0.05924183592194345
0.11944444444444445,0.9825579082832181,0.9440561513205388,0.13145618364305522,0.3344936666944982,-7.049340733508559e-05,0.0,arg_allele,75,substitution_1pct,cspaced_count_l2,360,70,0.7084325396825397
0.13333333333333333,0.9980764496989856,0.9938151072141458,0.04367067364918514,0.1112195369634993,-8.302592191710948e-06,0.0,arg_allele,75,substitution_1pct,cspaced_property_l2,360,81,0.7356824417009602
0.13333333333333333,0.9795880783175257,0.937429412300861,0.14333487197060252,0.35375298629516905,-6.449471998490299e-05,0.0,arg_allele,75,substitution_1pct,hybrid_ckmer5_csp,360,489,0.2475289706884799
0.13333333333333333,0.966992253981653,0.8988021137006282,0.18215982830448105,0.44988417612783055,-3.6527459525515565e-06,0.0,arg_allele,75,substitution_1pct,hybrid_ckmer7_csp,360,1197,0.10501601225285435
0.12222222222222222,0.944583086016357,0.9219738837374455,0.3309265115444892,0.39503447004674297,-4.556381113830838e-05,0.0,arg_allele,75,N_3pct,ckmer5_count_l2,360,100,0.5776805555555555
0.10277777777777777,0.9073538589774218,0.8717797887081356,0.42744122648891836,0.5063994693754433,-7.093091546216277e-18,0.0,arg_allele,75,N_3pct,ckmer7_count_l2,360,122,0.49314663023679417
0.11388888888888889,0.9675799278559314,0.9534776539564969,0.2529474913935058,0.3050322226480858,-0.00019725230880192563,0.0,arg_allele,75,N_3pct,cspaced_count_l2,360,70,0.6875396825396826
0.11388888888888889,0.9949877882793288,0.9933778916462345,0.09977355695641693,0.11508349125456863,-2.185916413319037e-05,0.0,arg_allele,75,N_3pct,cspaced_property_l2,360,81,0.7237997256515775
0.13055555555555556,0.9697854371478428,0.9583200343279364,0.24449580365790774,0.28872115713883956,-1.2905302131926976e-05,0.0,arg_allele,75,N_3pct,hybrid_ckmer5_csp,360,181,0.6430709023941068
0.125,0.9511708236283754,0.93318018575173,0.3104434245547626,0.3655669958074641,-1.0393775405758637e-05,0.0,arg_allele,75,N_3pct,hybrid_ckmer7_csp,360,203,0.5851806239737274
0.016666666666666666,0.9721809727050919,0.970142500145332,0.2357935088175648,0.24436652739140893,-0.00023265952306048338,0.0,arg_allele,75,trim_5bp,ckmer5_count_l2,360,100,0.5897916666666667
0.030555555555555555,0.9660893167148171,0.9651460248662224,0.26040890321016447,0.26402263211239596,0.0,0.0,arg_allele,75,trim_5bp,ckmer7_count_l2,360,122,0.5210837887067395
0.07222222222222222,0.9788704060092509,0.9767483130677761,0.20537807045856465,0.21564640934745205,-0.0002833172525175654,0.0,arg_allele,75,trim_5bp,cspaced_count_l2,360,70,0.6986111111111111
0.08333333333333333,0.9976270791021076,0.9973409686795438,0.06881452061505869,0.07292504810360292,-3.1189397287544824e-05,0.0,arg_allele,75,trim_5bp,cspaced_property_l2,360,81,0.7271947873799726
0.05555555555555555,0.9849040259035996,0.9838385129732958,0.1737068624059831,0.17978591172115763,-9.856263351988581e-05,0.0,arg_allele,75,trim_5bp,hybrid_ckmer5_csp,360,181,0.6512814610190301
0.08333333333333333,0.9818581979084621,0.9813108341046167,0.19047147584082846,0.19333476612023826,-1.5594698643802634e-05,0.0,arg_allele,75,trim_5bp,hybrid_ckmer7_csp,360,203,0.6033251231527094
0.10555555555555556,0.9086856204334304,0.803621254187427,0.4148312007880732,0.6267036709883556,-0.0003981465137364483,0.0,arg_allele,75,substitution_1pct_N_3pct,ckmer5_count_l2,360,404,0.14307618261826183
0.09444444444444444,0.8513708763835264,0.6909659864806839,0.5306061663373137,0.7861715834759591,-0.0003981804560254737,0.0,arg_allele,75,substitution_1pct_N_3pct,ckmer7_count_l2,360,1026,0.05862031622265541
0.1111111111111111,0.9522195287977092,0.9079572029020231,0.3017852170840651,0.4290519117378637,-0.00045986574832844804,0.0,arg_allele,75,substitution_1pct_N_3pct,cspaced_count_l2,360,70,0.6806944444444445
0.11666666666666667,0.993296888617005,0.9883475152749819,0.11404659925795156,0.152659516629301,-5.093592456641766e-05,0.0,arg_allele,75,substitution_1pct_N_3pct,cspaced_property_l2,360,81,0.7178840877914952
0.11944444444444445,0.9509912545252177,0.8958979081386236,0.3043820883434213,0.45629392643516586,-0.00018429431191916733,0.0,arg_allele,75,substitution_1pct_N_3pct,hybrid_ckmer5_csp,360,485,0.23907502863688432
0.11944444444444445,0.9223338825002656,0.8393835104240766,0.38388570313470183,0.5667741691875131,-0.00021548838218040964,0.0,arg_allele,75,substitution_1pct_N_3pct,hybrid_ckmer7_csp,360,1107,0.10685912877647295
0.125,0.8855209163154153,0.8470545060450354,0.476809131155122,0.553074124103074,-0.0002145054399459772,0.0,arg_allele,75,local_mismatch_6bp,ckmer5_count_l2,360,511,0.12112959338986737
0.12777777777777777,0.8397900165793318,0.8031356060265661,0.5642025874802807,0.627478117504402,-7.407407407408226e-05,0.0,arg_allele,75,local_mismatch_6bp,ckmer7_count_l2,360,2970,0.022326973438084548
0.11388888888888889,0.9209497364873518,0.8898202794724268,0.3945401049398416,0.4694244221917573,-0.0011579801972517048,0.0,arg_allele,75,local_mismatch_6bp,cspaced_count_l2,360,70,0.6850992063492064
0.11944444444444445,0.9912566766072162,0.9877817028313505,0.13119036973849568,0.15632208219483085,-0.00013302628362378031,0.0,arg_allele,75,local_mismatch_6bp,cspaced_property_l2,360,81,0.7155178326474623
0.13333333333333333,0.9383887964613157,0.9178616601602506,0.34979865327864357,0.40531058884137716,-0.00013426090692889427,0.0,arg_allele,75,local_mismatch_6bp,hybrid_ckmer5_csp,360,592,0.2024563626126126
0.13055555555555556,0.9155233465932741,0.8958893078387192,0.4096716533874526,0.4563128140455741,-8.227842656892816e-05,0.0,arg_allele,75,local_mismatch_6bp,hybrid_ckmer7_csp,360,3051,0.04073027058523617
0.13333333333333333,0.9564369878015639,0.8733155306461932,0.2274454471902841,0.5033573243217488,-9.425071240424181e-05,0.0,arg_allele,100,substitution_1pct,ckmer5_count_l2,360,453,0.18725472160902623
0.12777777777777777,0.9297741744723678,0.7920121326622721,0.2891368823205765,0.6449614133787749,-2.1587669923266933e-18,0.0,arg_allele,100,substitution_1pct,ckmer7_count_l2,360,1544,0.05898100172711572
0.12777777777777777,0.9805641739985981,0.9412316242663152,0.15096651005926504,0.34283555713246794,-5.187704182722087e-05,0.0,arg_allele,100,substitution_1pct,cspaced_count_l2,360,83,0.7727074966532798
0.125,0.9978507685977631,0.9934765380036803,0.050208142583860915,0.11422306140641846,-5.650593143743635e-06,0.0,arg_allele,100,substitution_1pct,cspaced_property_l2,360,94,0.7886672576832151
0.1361111111111111,0.9771438781996636,0.9332843808417978,0.16475291928071592,0.365282314953305,-3.88138377439309e-05,0.0,arg_allele,100,substitution_1pct,hybrid_ckmer5_csp,360,547,0.2906053219581556
0.13333333333333333,0.9638124715350657,0.8931216002680602,0.20754944704224598,0.4623381621813801,-2.0693257059559463e-06,0.0,arg_allele,100,substitution_1pct,hybrid_ckmer7_csp,360,1638,0.10085554877221543
0.12222222222222222,0.9358761319858194,0.9188710890479145,0.35674838758768196,0.4028123743225855,-0.00015599455384075354,0.0,arg_allele,100,N_3pct,ckmer5_count_l2,360,123,0.6442524841915086
0.1111111111111111,0.8965815231225241,0.8661044892513667,0.45308162243416883,0.5174852862616168,-4.625929269271485e-18,0.0,arg_allele,100,N_3pct,ckmer7_count_l2,360,147,0.5581065759637188
0.125,0.9641009163969936,0.9522988165443983,0.2667277411389039,0.30887265304175404,-0.0001914405180086469,0.0,arg_allele,100,N_3pct,cspaced_count_l2,360,83,0.7490294511378849
0.125,0.9943016595475851,0.9929903268122425,0.10651709791590613,0.11840331588836539,-2.156730763037129e-05,0.0,arg_allele,100,N_3pct,cspaced_property_l2,360,94,0.7730791962174941
0.12222222222222222,0.9650888957667024,0.9562432125747151,0.263343573133688,0.2958268862403526,-6.466081312736115e-05,0.0,arg_allele,100,N_3pct,hybrid_ckmer5_csp,360,217,0.7000576036866359
0.125,0.9454415913350548,0.9303310630711897,0.3291700196913,0.37327987574931665,-8.212226106758042e-06,0.0,arg_allele,100,N_3pct,hybrid_ckmer7_csp,360,241,0.6419548178884279
0.030555555555555555,0.9787589629734442,0.9774237273859993,0.20606998968204987,0.21249128271060616,-0.00011629233050308595,0.0,arg_allele,100,trim_5bp,ckmer5_count_l2,360,123,0.6702913279132792
0.044444444444444446,0.9746725017791309,0.9741558354989892,0.2250589479347443,0.2273506740742604,0.0,0.0,arg_allele,100,trim_5bp,ckmer7_count_l2,360,147,0.6020408163265306
0.03888888888888889,0.9847791062593902,0.9791215223112755,0.1742945596385348,0.20434518682232172,-0.0005028026425503451,0.0,arg_allele,100,trim_5bp,cspaced_count_l2,360,83,0.7628848728246319
0.030555555555555555,0.9982735195289177,0.9976766922554535,0.05870311780753946,0.06816608752959898,-6.600165999051881e-05,0.0,arg_allele,100,trim_5bp,cspaced_property_l2,360,94,0.7799940898345153
0.03888888888888889,0.9885162412511812,0.987849691467281,0.15152391101974735,0.15588655190694875,-9.089509283737215e-05,0.0,arg_allele,100,trim_5bp,hybrid_ckmer5_csp,360,217,0.7178123399897594
0.030555555555555555,0.9864730106540246,0.9862104247161598,0.16447584241765004,0.16606971598602754,-3.300082999528547e-05,0.0,arg_allele,100,trim_5bp,hybrid_ckmer7_csp,360,241,0.6714499769479022
0.10555555555555556,0.9007632226183513,0.826188182287586,0.43683231911334686,0.5895943235550837,-0.00022989236989260674,0.0,arg_allele,100,substitution_1pct_N_3pct,ckmer5_count_l2,360,446,0.1779397110114599
0.09444444444444444,0.8404248760764852,0.7227259770685223,0.5541395696130942,0.7446796796364047,-6.236422094445711e-06,0.0,arg_allele,100,substitution_1pct_N_3pct,ckmer7_count_l2,360,1296,0.0634462877229081
0.11388888888888889,0.9477589348643746,0.908080736013032,0.3172831683244558,0.4287638625406168,-0.0005157212681955828,0.0,arg_allele,100,substitution_1pct_N_3pct,cspaced_count_l2,360,83,0.7441599732262383
0.11388888888888889,0.9924882502724303,0.987951069657328,0.12122225584222844,0.15523485648392668,-5.6841707755027186e-05,0.0,arg_allele,100,substitution_1pct_N_3pct,cspaced_property_l2,360,94,0.7687795508274232
0.125,0.9466257364453909,0.907746537199286,0.3206840884310384,0.4295406237193633,-0.0001105945267452844,0.0,arg_allele,100,substitution_1pct_N_3pct,hybrid_ckmer5_csp,360,540,0.2807896090534979
0.11666666666666667,0.916456563174458,0.8564315805014407,0.40119756599799355,0.5358514742126772,-2.669397162498187e-05,0.0,arg_allele,100,substitution_1pct_N_3pct,hybrid_ckmer7_csp,360,1390,0.11114508393285372
0.12777777777777777,0.9155411048827781,0.8956860379194793,0.4099687774601919,0.45675805867115266,-0.00017199210965661047,0.0,arg_allele,100,local_mismatch_6bp,ckmer5_count_l2,360,512,0.16617296006944443
0.12777777777777777,0.8817728583765788,0.8573214099741119,0.48492427080431716,0.5341883376223925,-2.83446712018144e-05,0.0,arg_allele,100,local_mismatch_6bp,ckmer7_count_l2,360,3089,0.029514675731088808
0.10277777777777777,0.9425366059498199,0.9227188788955266,0.33680296058991205,0.39314386104377685,-0.0009102568002633664,0.0,arg_allele,100,local_mismatch_6bp,cspaced_count_l2,360,83,0.7589357429718876
0.10833333333333334,0.9936332210350943,0.9914008033644034,0.11211497741671764,0.1311426113183283,-9.912895926694198e-05,0.0,arg_allele,100,local_mismatch_6bp,cspaced_property_l2,360,94,0.7765070921985816
0.125,0.9545871629589363,0.9443538864891217,0.3006199526377073,0.3336048803241568,-0.00011042554097894785,0.0,arg_allele,100,local_mismatch_6bp,hybrid_ckmer5_csp,360,606,0.26084525119178587
0.12222222222222222,0.9377030397058366,0.9243989897605507,0.3520003782550202,0.38884703412167165,-5.7294938909620134e-05,0.0,arg_allele,100,local_mismatch_6bp,hybrid_ckmer7_csp,360,3183,0.05157477222745837
0.13333333333333333,0.9583825382270539,0.901131446304147,0.24841889940242265,0.4446763016590797,-0.00018021056261858853,0.0,arg_allele,150,substitution_1pct,ckmer5_count_l2,360,501,0.2555721889554225
0.12777777777777777,0.9298974292009642,0.8342904644749971,0.32249264497846153,0.5756887401808408,-0.00016464997865119532,0.0,arg_allele,150,substitution_1pct,ckmer7_count_l2,360,2208,0.06386246980676329
0.11944444444444445,0.9812358636977463,0.9548563869030489,0.16600891012227184,0.30047832118424594,-0.00010140064890758996,0.0,arg_allele,150,substitution_1pct,cspaced_count_l2,360,99,0.9085718294051628
0.12222222222222222,0.9979743439036614,0.9951585962038119,0.05454468685919413,0.0984008696793136,-1.1121211442725105e-05,0.0,arg_allele,150,substitution_1pct,cspaced_property_l2,360,110,0.9086237373737374
0.1361111111111111,0.9781784410653577,0.9479289124191863,0.179885520460668,0.3227106640334588,-8.681068089576305e-05,0.0,arg_allele,150,substitution_1pct,hybrid_ckmer5_csp,360,611,0.3731428441534825
0.13333333333333333,0.9639358865523125,0.9151887501041029,0.23130257785630876,0.4118507442931795,-8.511647217172044e-05,0.0,arg_allele,150,substitution_1pct,hybrid_ckmer7_csp,360,2318,0.10395036429872495
0.10277777777777777,0.9456722149866639,0.9342070869879613,0.32884608052074077,0.3627476049416336,-0.00024533726799415105,0.0,arg_allele,150,N_3pct,ckmer5_count_l2,360,163,0.7422375596455351
0.08888888888888889,0.9103237035849017,0.8929460413455494,0.4224185107897784,0.4627179670954285,-6.622932947926029e-05,0.0,arg_allele,150,N_3pct,ckmer7_count_l2,360,196,0.6571074263038549
0.10833333333333334,0.9717936610143334,0.9641044552836309,0.2366578750745405,0.26793857719217,-0.00018154077521015665,0.0,arg_allele,150,N_3pct,cspaced_count_l2,360,99,0.8882435465768799
0.10555555555555556,0.9955959957002065,0.9947572113035327,0.09369014438126333,0.10239910833097392,-1.977004432321652e-05,0.0,arg_allele,150,N_3pct,cspaced_property_l2,360,110,0.8948737373737373
0.10555555555555556,0.9706341053434351,0.9647881069076341,0.24182366438093988,0.2653748031399225,-0.00010564284595026347,0.0,arg_allele,150,N_3pct,hybrid_ckmer5_csp,360,273,0.8037393162393163
0.10833333333333334,0.9529598496425539,0.9442596694012744,0.3059856592142337,0.33388719809576184,-2.2395266486167753e-05,0.0,arg_allele,150,N_3pct,hybrid_ckmer7_csp,360,306,0.7425789760348583
0.008333333333333333,0.9849093358089303,0.9799118698777325,0.17322702984251367,0.20044016624553193,-0.0015621865528277622,0.0,arg_allele,150,trim_5bp,ckmer5_count_l2,360,163,0.7736792774369462
0.022222222222222223,0.9832012747956133,0.9829629780496392,0.18329321058921447,0.18459155966815188,-7.302354036615167e-05,0.0,arg_allele,150,trim_5bp,ckmer7_count_l2,360,196,0.7063775510204081
0.03333333333333333,0.9913325581758509,0.991011846588805,0.1316532142541131,0.13407575031448166,-0.0002707948724044343,0.0,arg_allele,150,trim_5bp,cspaced_count_l2,360,99,0.9100308641975309
0.030555555555555555,0.9990278929130236,0.9989958005344722,0.04409068686134652,0.044815164074850554,-2.7581044850419344e-05,0.0,arg_allele,150,trim_5bp,cspaced_property_l2,360,110,0.9099368686868687
0.011111111111111112,0.9919686143609769,0.9894661115311705,0.12641331327159636,0.14514743172945574,-0.0007934398185999419,0.0,arg_allele,150,trim_5bp,hybrid_ckmer5_csp,360,273,0.8285816035816036
0.030555555555555555,0.991114583854318,0.9909882571792901,0.1333054135452802,0.13425157593644957,-5.0302292608603614e-05,0.0,arg_allele,150,trim_5bp,hybrid_ckmer7_csp,360,306,0.7795524691358025
0.1111111111111111,0.9100027181572724,0.8550473152456172,0.41767965371777727,0.5384286106193541,-0.0004552743456432569,0.0,arg_allele,150,substitution_1pct_N_3pct,ckmer5_count_l2,360,487,0.24787816563997261
0.09166666666666666,0.850865579263711,0.7605714207817713,0.5377548812995645,0.6919950249948686,-0.00010947188663620815,0.0,arg_allele,150,substitution_1pct_N_3pct,ckmer7_count_l2,360,1871,0.06878971435358394
0.11388888888888889,0.9557629387689215,0.9272997903295217,0.2930294167180106,0.38131404889958914,-0.0004125116089320335,0.0,arg_allele,150,substitution_1pct_N_3pct,cspaced_count_l2,360,99,0.8817480359147026
0.11666666666666667,0.993863226352675,0.9907983199603867,0.10978722178510246,0.1356588921227806,-4.370247476541288e-05,0.0,arg_allele,150,substitution_1pct_N_3pct,cspaced_property_l2,360,110,0.8890277777777778
0.125,0.9519329722549735,0.9237165393803546,0.305467507379538,0.39059807833260674,-0.00019851683990156448,0.0,arg_allele,150,substitution_1pct_N_3pct,hybrid_ckmer5_csp,360,597,0.36601293504559834
0.12222222222222222,0.9223644028081928,0.8758951675071173,0.3881611084001109,0.49820644591392893,-4.41329783604215e-05,0.0,arg_allele,150,substitution_1pct_N_3pct,hybrid_ckmer7_csp,360,1981,0.1143354927365528
0.13055555555555556,0.9452826867944922,0.9331312764275981,0.3301861323521961,0.36570068680019713,-0.00012169894628974288,0.0,arg_allele,150,local_mismatch_6bp,ckmer5_count_l2,360,511,0.2505517503805175
0.12777777777777777,0.9201930089428095,0.9067472700065309,0.39892257530957126,0.4318627791173245,-9.745474175677627e-06,0.0,arg_allele,150,local_mismatch_6bp,ckmer7_count_l2,360,3208,0.04396257619839291
0.10833333333333334,0.9633997085323467,0.951705827722335,0.2692508112646567,0.31078664372889375,-0.0003452555982658963,0.0,arg_allele,150,local_mismatch_6bp,cspaced_count_l2,360,99,0.8998456790123457
0.10833333333333334,0.9960434662948696,0.9947799811962242,0.08852751595340007,0.1021764577238381,-3.692402956954795e-05,0.0,arg_allele,150,local_mismatch_6bp,cspaced_property_l2,360,110,0.900770202020202
0.13333333333333333,0.9706630765446811,0.9636905825548708,0.24178177743703763,0.2694787910122571,-6.247171325560432e-05,0.0,arg_allele,150,local_mismatch_6bp,hybrid_ckmer5_csp,360,621,0.365727321524423
0.13055555555555556,0.9581182376188396,0.9510442112595509,0.28898425626333873,0.3129082534881491,-1.0879052501637973e-05,0.0,arg_allele,150,local_mismatch_6bp,hybrid_ckmer7_csp,360,3318,0.07236789230460117
0.13055555555555556,0.9583449281050984,0.8707679817237779,0.2032286971885878,0.508393313362914,-0.00021729193525771295,0.0,arg_family,69,substitution_1pct,ckmer5_count_l2,360,440,0.1267834595959596
0.12777777777777777,0.9293928576756679,0.7813453848974923,0.26412656232637916,0.6612936036323164,-0.00011407128291745783,0.0,arg_family,69,substitution_1pct,ckmer7_count_l2,360,1327,0.046066733651511343
0.13055555555555556,0.9777911475626025,0.92634361188567,0.14683730688834512,0.38381229790610033,-8.870001547652767e-05,0.0,arg_family,69,substitution_1pct,cspaced_count_l2,360,90,0.5225462962962963
0.13055555555555556,0.9976435929294769,0.9921600760265976,0.047821624084615696,0.1252180748454075,-1.0046398415958533e-05,0.0,arg_family,69,substitution_1pct,cspaced_property_l2,360,101,0.5646452145214521
0.1388888888888889,0.9779942605172878,0.9319904330861818,0.14769916915752526,0.36880767493478983,-9.981980607264173e-05,0.0,arg_family,69,substitution_1pct,hybrid_ckmer5_csp,360,541,0.20852844526596837
0.1388888888888889,0.9635182253025726,0.8873795247327655,0.18984077223919457,0.4745955566066262,-5.910536646606648e-05,0.0,arg_family,69,substitution_1pct,hybrid_ckmer7_csp,360,1428,0.08274490351696234
0.11388888888888889,0.9407878079157949,0.916363229041758,0.34155577843135493,0.4089908561689282,-0.0003708661964390326,0.0,arg_family,69,N_3pct,ckmer5_count_l2,360,161,0.32381815044858525
0.10833333333333334,0.8997875198387197,0.8724643430254024,0.4445603158024748,0.5050458533135345,-0.00024312239898946055,0.0,arg_family,69,N_3pct,ckmer7_count_l2,360,212,0.2603511530398323
0.1111111111111111,0.9635673073140438,0.9508099234878854,0.2679615722646093,0.3136561027687136,-0.0003667318181877497,0.0,arg_family,69,N_3pct,cspaced_count_l2,360,90,0.5035956790123457
0.10833333333333334,0.9944307142081558,0.9931086809246978,0.1051671937736598,0.1173994776778014,-4.170647981573806e-05,0.0,arg_family,69,N_3pct,cspaced_property_l2,360,101,0.5527090209020902
0.125,0.9676092610619753,0.9545426737468544,0.2528089452670286,0.3015205491225626,-0.00017587693881894863,0.0,arg_family,69,N_3pct,hybrid_ckmer5_csp,360,262,0.41205470737913485
0.12222222222222222,0.9471091170234378,0.9325863487676553,0.32309860850917466,0.3671883645606976,-0.0001329976872757161,0.0,arg_family,69,N_3pct,hybrid_ckmer7_csp,360,313,0.35469027334043307
0.03611111111111111,0.9689002708935431,0.9471921848833373,0.2484763055434734,0.32498558465465227,-0.0018336923135522638,0.0,arg_family,69,trim_5bp,ckmer5_count_l2,360,161,0.33163388543823324
0.03611111111111111,0.9604971413881358,0.9463204468147683,0.2806862268493572,0.32765699499700096,-0.001244174323578821,0.0,arg_family,69,trim_5bp,ckmer7_count_l2,360,212,0.276539570230608
0.027777777777777776,0.9741190633419345,0.9608386625266795,0.22666031950867646,0.2798618854839687,-0.002061667821746745,0.0,arg_family,69,trim_5bp,cspaced_count_l2,360,90,0.5068518518518519
0.030555555555555555,0.9972083624619668,0.9957458559153285,0.07440576133582212,0.09224038253034018,-0.0002312685847087409,0.0,arg_family,69,trim_5bp,cspaced_property_l2,360,101,0.5506600660066007
0.030555555555555555,0.9830543166777551,0.9715299584885757,0.18344301302891172,0.23862121243269613,-0.00102269172849203,0.0,arg_family,69,trim_5bp,hybrid_ckmer5_csp,360,262,0.4160676420695505
0.030555555555555555,0.9788527519250514,0.9710331513650483,0.20535478785891478,0.24069419866275152,-0.000737721454143753,0.0,arg_family,69,trim_5bp,hybrid_ckmer7_csp,360,313,0.3649937877174299
0.11944444444444445,0.901694748894138,0.7924921362858893,0.42949437702137194,0.6442170889247667,-0.0009015429538491046,0.0,arg_family,69,substitution_1pct_N_3pct,ckmer5_count_l2,360,435,0.12018837803320562
0.1,0.8378664994878108,0.6668195245208474,0.5524043358020384,0.8163071171585364,-0.000286847546240805,0.0,arg_family,69,substitution_1pct_N_3pct,ckmer7_count_l2,360,1179,0.04686999340307228
0.125,0.9433829410230496,0.8931052651242245,0.3275611473727648,0.462372474274389,-0.0010100587969002033,0.0,arg_family,69,substitution_1pct_N_3pct,cspaced_count_l2,360,90,0.5004783950617284
0.125,0.9922860132516811,0.9871910534313144,0.12218315691087861,0.16005454236265945,-0.0001077845629928375,0.0,arg_family,69,substitution_1pct_N_3pct,cspaced_property_l2,360,101,0.5499312431243124
0.13055555555555556,0.9469903810729098,0.890275737761879,0.3159585002901682,0.46845333221967866,-0.00044643549357025223,0.0,arg_family,69,substitution_1pct_N_3pct,hybrid_ckmer5_csp,360,536,0.2011660447761194
0.12777777777777777,0.915076256369746,0.8258131579135749,0.40019917766745944,0.5902316039585356,-0.00018545440441124,0.0,arg_family,69,substitution_1pct_N_3pct,hybrid_ckmer7_csp,360,1280,0.08656467013888888
0.12222222222222222,0.8803212391520598,0.8456854642336624,0.4874108326317417,0.5555434735189438,-0.0008356262153829924,0.0,arg_family,69,local_mismatch_6bp,ckmer5_count_l2,360,510,0.10997821350762527
0.13055555555555556,0.8267456103422668,0.794063226046054,0.5863306435838589,0.6417730481556385,-0.00014151758012990117,0.0,arg_family,69,local_mismatch_6bp,ckmer7_count_l2,360,2985,0.020497394379303927
0.09166666666666666,0.8999481573932273,0.8656725395441172,0.4441837433481649,0.518319320350476,-0.0019253763097845547,0.0,arg_family,69,local_mismatch_6bp,cspaced_count_l2,360,90,0.5127160493827161
0.09444444444444444,0.9893817605917188,0.9857885531207133,0.1446948636467919,0.16859082562718525,-0.00020422307198791098,0.0,arg_family,69,local_mismatch_6bp,cspaced_property_l2,360,101,0.5558855885588558
0.11944444444444445,0.9348514998718893,0.9161065445746337,0.3596247887829122,0.40961795442585464,-0.00046300898275188784,0.0,arg_family,69,local_mismatch_6bp,hybrid_ckmer5_csp,360,611,0.18368794326241134
0.11666666666666667,0.9080636854669927,0.8904492783002885,0.42710868985182077,0.4680827310807175,-0.00014140251539166364,0.0,arg_family,69,local_mismatch_6bp,hybrid_ckmer7_csp,360,3086,0.0380198206956146
0.125,0.9596740991630401,0.872318690047938,0.19997858462125478,0.5053337962401294,-8.543520512904221e-05,0.0,arg_family,75,substitution_1pct,ckmer5_count_l2,360,448,0.1365358382936508
0.12777777777777777,0.9322307827918656,0.7915925024497122,0.25900726505606214,0.6456113140548783,-3.0839528461809905e-19,0.0,arg_family,75,substitution_1pct,ckmer7_count_l2,360,1466,0.0457348036986509
0.13333333333333333,0.9788938948733185,0.9321688027118523,0.14366346788847256,0.368322890338594,-0.00016996365477686527,0.0,arg_family,75,substitution_1pct,cspaced_count_l2,360,96,0.5224537037037037
0.14166666666666666,0.9977727141517824,0.9928119031957532,0.04666976306556129,0.11990071228138564,-1.7468833467800754e-05,0.0,arg_family,75,substitution_1pct,cspaced_property_l2,360,107,0.5622014537902389
0.1388888888888889,0.9787234066574112,0.9322141680315117,0.1452799225356433,0.36820052742843323,-3.385446771960547e-05,0.0,arg_family,75,substitution_1pct,hybrid_ckmer5_csp,360,555,0.2186011011011011
0.14166666666666666,0.965001748471824,0.892121696193273,0.18614439817399103,0.4644960463871766,-1.598688784328216e-06,0.0,arg_family,75,substitution_1pct,hybrid_ckmer7_csp,360,1573,0.08086635586635586
0.11944444444444445,0.9449453995197421,0.9217385805597667,0.3294358579340957,0.3956296739129494,-0.0002451183776270895,0.0,arg_family,75,N_3pct,ckmer5_count_l2,360,175,0.32865873015873015
0.10833333333333334,0.9081420241885335,0.8834662609627432,0.4255894587486902,0.4827680747609929,-0.00011305982127782437,0.0,arg_family,75,N_3pct,ckmer7_count_l2,360,230,0.26571256038647345
0.12222222222222222,0.9674083436949985,0.954363716601969,0.2533788456559038,0.3021134885337184,-0.0003338206568789834,0.0,arg_family,75,N_3pct,cspaced_count_l2,360,96,0.5058159722222222
0.12222222222222222,0.9950822524308796,0.9937903021288854,0.09880357010777863,0.11144222578684636,-4.028624887813896e-05,0.0,arg_family,75,N_3pct,cspaced_property_l2,360,107,0.5519470404984423
0.11944444444444445,0.9700138259753108,0.9584575931382832,0.24331324539805174,0.2882443386927292,-0.00011008504676227573,0.0,arg_family,75,N_3pct,hybrid_ckmer5_csp,360,282,0.41338159968479116
0.11944444444444445,0.9516121383097063,0.9383082255073758,0.3090147815191416,0.3512596612514869,-6.656679308147919e-05,0.0,arg_family,75,N_3pct,hybrid_ckmer7_csp,360,337,0.3565941312232113
0.03333333333333333,0.9711689141969415,0.9517229831803664,0.2392833213405648,0.3107314493888052,-0.0008967059679520813,0.0,arg_family,75,trim_5bp,ckmer5_count_l2,360,175,0.3363968253968254
0.030555555555555555,0.963638150496211,0.9508467747440161,0.26923882578875796,0.31353859493205893,-0.0013668624446771175,0.0,arg_family,75,trim_5bp,ckmer7_count_l2,360,230,0.2807971014492754
0.025,0.9769317063230087,0.966091783079296,0.21365910899802262,0.2604158863076678,-0.0023597836528723316,0.0,arg_family,75,trim_5bp,cspaced_count_l2,360,96,0.5101128472222223
0.027777777777777776,0.9975149253863795,0.9963414139793659,0.0700911082006355,0.08554047019550881,-0.0002586366561891839,0.0,arg_family,75,trim_5bp,cspaced_property_l2,360,107,0.5511292834890966
0.03333333333333333,0.9843419197916603,0.974040403666157,0.17636261352845672,0.22785783433467016,-0.000571792248315395,0.0,arg_family,75,trim_5bp,hybrid_ckmer5_csp,360,282,0.4178733254531127
0.03333333333333333,0.980576537941295,0.9736022994479812,0.1967662137083168,0.22977249858074186,-0.0008119832142036161,0.0,arg_family,75,trim_5bp,hybrid_ckmer7_csp,360,337,0.36662957467853613
0.10833333333333334,0.9048008197379318,0.8141563297600855,0.42276989605897375,0.6096615370437953,-0.00055163609305643,0.0,arg_family,75,substitution_1pct_N_3pct,ckmer5_count_l2,360,427,0.1348263075722092
0.09166666666666666,0.8427680150240472,0.6893935662720556,0.5446536814773697,0.7881705027089754,-0.000499199217076279,0.0,arg_family,75,substitution_1pct_N_3pct,ckmer7_count_l2,360,1286,0.04743282357007085
0.10277777777777777,0.9468977411486414,0.8945063350534638,0.31697331520117183,0.4593331249637105,-0.0007196381852618203,0.0,arg_family,75,substitution_1pct_N_3pct,cspaced_count_l2,360,96,0.5024594907407407
0.10555555555555556,0.9929184723349345,0.9872102614985087,0.1169479064702409,0.15993583728122887,-7.298293021094823e-05,0.0,arg_family,75,substitution_1pct_N_3pct,cspaced_property_l2,360,107,0.5489356178608515
0.11666666666666667,0.9488596460364331,0.9017700319293515,0.3103454089677772,0.44323801294877585,-0.0002604097716744836,0.0,arg_family,75,substitution_1pct_N_3pct,hybrid_ckmer5_csp,360,534,0.21780326674989597
0.10833333333333334,0.9178432436794907,0.8400193206932498,0.39402840432412045,0.5656512653501524,-0.0002660620951093265,0.0,arg_family,75,substitution_1pct_N_3pct,hybrid_ckmer7_csp,360,1393,0.08595457445959959
0.125,0.8880786523699327,0.8562261938477939,0.47158513715268935,0.5362324495818171,-0.00038948250548712,0.0,arg_family,75,local_mismatch_6bp,ckmer5_count_l2,360,512,0.1201904296875
0.11666666666666667,0.8381852955900879,0.8085226775964877,0.5671808923592142,0.6188332932276879,-0.00023097539261494543,0.0,arg_family,75,local_mismatch_6bp,ckmer7_count_l2,360,3166,0.021213237874640276
0.10277777777777777,0.9096497290536791,0.8752477037288308,0.4221319006516159,0.49950434612929784,-0.0020051023113318214,0.0,arg_family,75,local_mismatch_6bp,cspaced_count_l2,360,96,0.5163483796296297
0.10555555555555556,0.9904346009028258,0.986727952575279,0.13732758981613905,0.1629235857181132,-0.00021181958762289246,0.0,arg_family,75,local_mismatch_6bp,cspaced_property_l2,360,107,0.556723779854621
0.12222222222222222,0.9392566266363791,0.9203676994393509,0.3474422841366195,0.39907949553169153,-0.000226802111422528,0.0,arg_family,75,local_mismatch_6bp,hybrid_ckmer5_csp,360,619,0.1956493448213965
0.11666666666666667,0.9143099482464568,0.8986552386983896,0.41273379963721524,0.4502102347484109,-0.00018311672423406854,0.0,arg_family,75,local_mismatch_6bp,hybrid_ckmer7_csp,360,3273,0.03871999864208847
0.125,0.9602704773322456,0.884288635816711,0.22073045408275616,0.4810633678769725,-0.00019413914340846562,0.0,arg_family,100,substitution_1pct,ckmer5_count_l2,360,490,0.16566326530612244
0.125,0.9312105092898585,0.818053522260148,0.291397284583098,0.6032341654695116,-5.637270703079709e-06,0.0,arg_family,100,substitution_1pct,ckmer7_count_l2,360,1898,0.0484508547008547
0.11944444444444445,0.9810379158340546,0.9492560203253365,0.15253997397397076,0.3185717480329331,-0.00012893312916032216,0.0,arg_family,100,substitution_1pct,cspaced_count_l2,360,111,0.539064064064064
0.125,0.9980287140646307,0.9947077560318622,0.04918047630720974,0.1028807662616468,-1.3127669676272584e-05,0.0,arg_family,100,substitution_1pct,cspaced_property_l2,360,122,0.5724271402550091
0.12777777777777777,0.9791495956984382,0.9388712433969708,0.15996649206220387,0.349652910349463,-8.743356153522083e-05,0.0,arg_family,100,substitution_1pct,hybrid_ckmer5_csp,360,612,0.2467501815541031
0.13055555555555556,0.9646196116772445,0.9068247246684376,0.20899390185409533,0.43168244337930345,-2.9937333504728404e-06,0.0,arg_family,100,substitution_1pct,hybrid_ckmer7_csp,360,2020,0.08009694719471948
0.1111111111111111,0.9414928165913901,0.9209258509852836,0.34060205558216905,0.3976786366269022,-0.0005031199594531216,0.0,arg_family,100,N_3pct,ckmer5_count_l2,360,219,0.34627727042110606
0.10555555555555556,0.8981877720564938,0.8748177652797063,0.4496104841059854,0.5003643366993565,-5.7510999155557177e-05,0.0,arg_family,100,N_3pct,ckmer7_count_l2,360,304,0.27286184210526315
0.11388888888888889,0.9689968820373313,0.9558498297634537,0.2471971486276347,0.2971537320531117,-0.000347964717129346,0.0,arg_family,100,N_3pct,cspaced_count_l2,360,111,0.5184059059059059
0.11666666666666667,0.9949752973915363,0.9936014578477603,0.09993597545558229,0.1131241585161487,-3.857356658632516e-05,0.0,arg_family,100,N_3pct,cspaced_property_l2,360,122,0.5577299635701275
0.11388888888888889,0.9682340569914633,0.9584200246101304,0.25110449528633444,0.2883745527584615,-0.00023627342929067135,0.0,arg_family,100,N_3pct,hybrid_ckmer5_csp,360,341,0.4219289670902574
0.11944444444444445,0.9465815347240151,0.9344655237696667,0.3257437835285476,0.36203446259305266,-3.742843476134837e-05,0.0,arg_family,100,N_3pct,hybrid_ckmer7_csp,360,426,0.35444379238393325
0.044444444444444446,0.9804739360344894,0.9792938238560603,0.19741994182061645,0.20350025132141958,-0.0006815550292769337,0.0,arg_family,100,trim_5bp,ckmer5_count_l2,360,219,0.3612950279046169
0.044444444444444446,0.9741819783223714,0.9736101204623264,0.2272282660132316,0.2297384579806921,0.0,0.0,arg_family,100,trim_5bp,ckmer7_count_l2,360,304,0.29431652046783624
0.05555555555555555,0.986138736495066,0.9767101578008043,0.165281598602508,0.2158230400815523,-0.0013291183573162653,0.0,arg_family,100,trim_5bp,cspaced_count_l2,360,111,0.5311061061061061
0.05555555555555555,0.9985195991891124,0.9974850753546035,0.05400851115996821,0.0709214303671404,-0.0001414831370939232,0.0,arg_family,100,trim_5bp,cspaced_property_l2,360,122,0.5651867030965392
0.04722222222222222,0.9894967676118009,0.9886899461871519,0.14481287334995713,0.1503998258832017,-0.0003808299660519157,0.0,arg_family,100,trim_5bp,hybrid_ckmer5_csp,360,341,0.43424160964483544
0.05555555555555555,0.9863507887557417,0.9858204554267967,0.1652140035496559,0.16840157109173365,-7.03047381624926e-05,0.0,arg_family,100,trim_5bp,hybrid_ckmer7_csp,360,426,0.37188967136150236
0.08888888888888889,0.9002052229453066,0.822851112930621,0.43805272710328563,0.595229010323846,-0.001028898436867588,0.0,arg_family,100,substitution_1pct_N_3pct,ckmer5_count_l2,360,482,0.1576648224988474
0.08055555555555556,0.830210114499942,0.7119175723818435,0.5722395338072667,0.7590552290144325,-4.100837049798023e-05,0.0,arg_family,100,substitution_1pct_N_3pct,ckmer7_count_l2,360,1744,0.04756227701325178
0.09722222222222222,0.9476741275454327,0.908236230324083,0.3164162744562286,0.42839785141677,-0.0007511146445436051,0.0,arg_family,100,substitution_1pct_N_3pct,cspaced_count_l2,360,111,0.518430930930931
0.10833333333333334,0.9927430644146925,0.9886554014979371,0.11899661785565978,0.15062807072247233,-7.985781936665985e-05,0.0,arg_family,100,substitution_1pct_N_3pct,cspaced_property_l2,360,122,0.5577527322404372
0.10277777777777777,0.9464741436799996,0.9069485778067158,0.32112754265755983,0.43139565856607937,-0.0004884284127260019,0.0,arg_family,100,substitution_1pct_N_3pct,hybrid_ckmer5_csp,360,604,0.23847728108903607
0.1111111111111111,0.9114765894573174,0.8508669870882877,0.4133820261378075,0.5461373483778799,-4.817534316549632e-05,0.0,arg_family,100,substitution_1pct_N_3pct,hybrid_ckmer7_csp,360,1866,0.08091878051685125
0.1111111111111111,0.9215799334969024,0.9015823979018225,0.39482018006336,0.44366078572231865,-0.000367290499877804,0.0,arg_family,100,local_mismatch_6bp,ckmer5_count_l2,360,512,0.15887315538194444
0.10833333333333334,0.8811111662677336,0.8660254037844383,0.48610078534081114,0.5176380902050415,-1.4983513683848747e-05,0.0,arg_family,100,local_mismatch_6bp,ckmer7_count_l2,360,3270,0.028135406048250086
0.09722222222222222,0.941353083987024,0.9182407648123756,0.33975797164634297,0.4043739856082917,-0.0010830450733688487,0.0,arg_family,100,local_mismatch_6bp,cspaced_count_l2,360,111,0.5379129129129129
0.09444444444444444,0.9938887308806733,0.9914459675159805,0.10966171881174384,0.1307977729503659,-0.00011153382572529778,0.0,arg_family,100,local_mismatch_6bp,cspaced_property_l2,360,122,0.5713797814207651
0.11944444444444445,0.9577343321887878,0.9472511019837586,0.289884644199002,0.32480417592005195,-0.00018830941701881494,0.0,arg_family,100,local_mismatch_6bp,hybrid_ckmer5_csp,360,634,0.23825140203294778
0.11388888888888889,0.9374999485742036,0.9285714901698684,0.35243851857206115,0.3779643099116144,-3.5691734895274925e-05,0.0,arg_family,100,local_mismatch_6bp,hybrid_ckmer7_csp,360,3392,0.04767426624737946
0.12777777777777777,0.963997833658448,0.9172018221867163,0.22892646952544354,0.4069353133925827,-1.3095681383084529e-05,0.0,arg_family,150,substitution_1pct,ckmer5_count_l2,360,507,0.23815746219592374
0.12777777777777777,0.9339566546874468,0.8502760322480069,0.3104524926438062,0.5472179569142461,-5.09876245368909e-05,0.0,arg_family,150,substitution_1pct,ckmer7_count_l2,360,2658,0.05306046735222807
0.12777777777777777,0.983804021783522,0.9591474585725703,0.1527778332705589,0.2858404537783272,-6.113884040511996e-05,0.0,arg_family,150,substitution_1pct,cspaced_count_l2,360,126,0.6376763668430335
0.12777777777777777,0.9983679316324191,0.9958411314441417,0.04850431534424036,0.0912015859630901,-6.116394711550936e-06,0.0,arg_family,150,substitution_1pct,cspaced_property_l2,360,137,0.6594687753446877
0.1361111111111111,0.9811828826454334,0.9567621536769891,0.16551246669240005,0.2940674577822135,-5.174194396858561e-06,0.0,arg_family,150,substitution_1pct,hybrid_ckmer5_csp,360,644,0.3277842477570738
0.13055555555555556,0.966162293159933,0.9231865956265783,0.22221184613206893,0.3919523209989139,-2.4171357380791928e-05,0.0,arg_family,150,substitution_1pct,hybrid_ckmer7_csp,360,2795,0.08278423772609819
0.10833333333333334,0.950628525991198,0.9371970830012184,0.31327569527751337,0.354409133626046,-0.00024053296811342933,0.0,arg_family,150,N_3pct,ckmer5_count_l2,360,301,0.37870062753783684
0.10277777777777777,0.9103115342999016,0.8929150560368547,0.4225069354287334,0.4627849262090255,-7.52936437777213e-05,0.0,arg_family,150,N_3pct,ckmer7_count_l2,360,449,0.28707621875773326
0.125,0.9772814701942154,0.9701508729382831,0.21229448020313113,0.24433212837320084,-0.00016618134689761198,0.0,arg_family,150,N_3pct,cspaced_count_l2,360,126,0.617879188712522
0.12777777777777777,0.9962947508089708,0.9956162463067789,0.08594533851999027,0.09363472986591288,-1.7784763752433836e-05,0.0,arg_family,150,N_3pct,cspaced_property_l2,360,137,0.6449107866991078
0.12777777777777777,0.9734616384000843,0.9667703452340002,0.22975332951256863,0.25779702417697786,-0.00010657545862867096,0.0,arg_family,150,N_3pct,hybrid_ckmer5_csp,360,438,0.46196727549467276
0.12222222222222222,0.953303142554436,0.944645957706162,0.30490239240529415,0.3327282442412346,-4.117757638725332e-05,0.0,arg_family,150,N_3pct,hybrid_ckmer7_csp,360,586,0.37073378839590443
0.044444444444444446,0.9871707594943283,0.9821641739782949,0.15959951002757092,0.18886940473091965,-0.0006653658214357187,0.0,arg_family,150,trim_5bp,ckmer5_count_l2,360,301,0.39544112218530825
0.027777777777777776,0.9822412715971456,0.9763879010584546,0.18790491882470914,0.21731129258069418,-0.0009192889411757563,0.0,arg_family,150,trim_5bp,ckmer7_count_l2,360,449,0.3090076713684731
0.03333333333333333,0.9923370136789149,0.9895704091042089,0.12330853516027926,0.1444270812264154,-0.0005843111997628273,0.0,arg_family,150,trim_5bp,cspaced_count_l2,360,126,0.627094356261023
0.03333333333333333,0.999193414663902,0.9989091764379884,0.04001900634167357,0.046708105549494144,-5.9663071766262916e-05,0.0,arg_family,150,trim_5bp,cspaced_property_l2,360,137,0.6497364152473641
0.044444444444444446,0.9931820870791148,0.9906857863691537,0.11636128434431695,0.13648599657727323,-0.00035684009178941,0.0,arg_family,150,trim_5bp,hybrid_ckmer5_csp,360,438,0.4749809741248097
0.030555555555555555,0.9907173431305238,0.9876536637485973,0.13585178378205393,0.15713902285175874,-0.00048593124915438657,0.0,arg_family,150,trim_5bp,hybrid_ckmer7_csp,360,586,0.3886660978384528
0.1,0.9155707244034624,0.8643370706980463,0.40502415867665004,0.5208894641129372,-0.00040550667572321125,0.0,arg_family,150,substitution_1pct_N_3pct,ckmer5_count_l2,360,503,0.22693560857079745
0.09722222222222222,0.8494910183567631,0.7575315107724844,0.540946647963152,0.6963741655568727,-0.0002555314983524028,0.0,arg_family,150,substitution_1pct_N_3pct,ckmer7_count_l2,360,2416,0.053376218727005154
0.10833333333333334,0.9609854334213903,0.9337834494248972,0.27428085371158134,0.3639135635809642,-0.00037346888447892305,0.0,arg_family,150,substitution_1pct_N_3pct,cspaced_count_l2,360,126,0.6191909171075838
0.10833333333333334,0.9946349411910704,0.9918595997505548,0.10256611344593498,0.12759623997408814,-3.875843721579613e-05,0.0,arg_family,150,substitution_1pct_N_3pct,cspaced_property_l2,360,137,0.6461171938361719
0.10555555555555556,0.9551028327972663,0.9281843333060019,0.295507977585872,0.37898722144818336,-0.00018742959604240068,0.0,arg_family,150,substitution_1pct_N_3pct,hybrid_ckmer5_csp,360,640,0.31666666666666665
0.1111111111111111,0.9220629797739166,0.8751567298143368,0.3893702646648156,0.49968642089851056,-0.0001318091034046364,0.0,arg_family,150,substitution_1pct_N_3pct,hybrid_ckmer7_csp,360,2553,0.08518409714061888
0.1361111111111111,0.949931985364486,0.938760428632108,0.31567637002175253,0.34997015234046075,-0.00023367247259870573,0.0,arg_family,150,local_mismatch_6bp,ckmer5_count_l2,360,512,0.23621961805555555
0.13055555555555556,0.9206873378352652,0.911585718827003,0.3976183479344773,0.4205098837673057,-0.000176039163239377,0.0,arg_family,150,local_mismatch_6bp,ckmer7_count_l2,360,3426,0.04118424466498022
0.11666666666666667,0.966025937679028,0.9566893806731881,0.25966591169821873,0.29431468435812375,-0.000380094646357383,0.0,arg_family,150,local_mismatch_6bp,cspaced_count_l2,360,126,0.6380070546737213
0.10833333333333334,0.9965686736902835,0.9956653514721753,0.08252432167943362,0.09310895185393812,-3.907288612395433e-05,0.0,arg_family,150,local_mismatch_6bp,cspaced_property_l2,360,137,0.6597729115977291
0.1361111111111111,0.9732503295273846,0.9673102538710998,0.23076478540208134,0.2556940532553778,-0.00012366315254945802,0.0,arg_family,150,local_mismatch_6bp,hybrid_ckmer5_csp,360,649,0.3256291730868002
0.13055555555555556,0.9586280057627743,0.953749111819647,0.28717584580560335,0.30414103540309195,-0.00010073968981293424,0.0,arg_family,150,local_mismatch_6bp,hybrid_ckmer7_csp,360,3563,0.06496943898712072
0.041666666666666664,0.9649307998949244,0.8895817497671282,0.1842857708598735,0.4699323395175393,-0.0011187129892022965,0.0,resistance_snp,69,substitution_1pct,ckmer5_count_l2,360,353,0.14866619452313504
0.03888888888888889,0.9386235851994278,0.8007030043895719,0.24358360362529802,0.6313429656817625,-0.001344878395788544,0.0,resistance_snp,69,substitution_1pct,ckmer7_count_l2,360,861,0.0678297199638663
0.03888888888888889,0.986112676334636,0.9534461012644573,0.11527023326426068,0.3051356127552424,-0.0006585858190634215,0.0,resistance_snp,69,substitution_1pct,cspaced_count_l2,360,45,0.8912962962962963
0.03888888888888889,0.9985341966861967,0.9950907280373749,0.03746016242197097,0.09908851432819145,-6.908197020468897e-05,0.0,resistance_snp,69,substitution_1pct,cspaced_property_l2,360,56,0.8947916666666667
0.041666666666666664,0.9817324982905606,0.9421786506136848,0.13303433669774156,0.34006274730746866,-0.0005596307278715333,0.0,resistance_snp,69,substitution_1pct,hybrid_ckmer5_csp,360,409,0.2508251833740831
0.03888888888888889,0.9685788909428124,0.8982446968320881,0.17430685793253708,0.45112146271960407,-0.000693890672375205,0.0,resistance_snp,69,substitution_1pct,hybrid_ckmer7_csp,360,917,0.1183312128922816
0.027777777777777776,0.9457461420307514,0.9276460014866608,0.32705952600084043,0.3804050379806355,-0.0013267524819376992,0.0,resistance_snp,69,N_3pct,ckmer5_count_l2,360,63,0.7802028218694885
0.03611111111111111,0.9045002027991534,0.8641498944304669,0.43350875079356604,0.5212487037289079,-0.0007067010432420359,0.0,resistance_snp,69,N_3pct,ckmer7_count_l2,360,75,0.703925925925926
0.041666666666666664,0.969324110968101,0.9568582167806944,0.24561062459924188,0.2937394293249994,-0.0004986614812331114,0.0,resistance_snp,69,N_3pct,cspaced_count_l2,360,45,0.8683333333333333
0.041666666666666664,0.9950531366284091,0.9937141699341997,0.09911724842268158,0.11212333676101856,-5.414367197824312e-05,0.0,resistance_snp,69,N_3pct,cspaced_property_l2,360,56,0.8852678571428572
0.030555555555555555,0.9703996393295802,0.9615444781650402,0.24175801931908897,0.2773283473377574,-0.0006091887717907004,0.0,resistance_snp,69,N_3pct,hybrid_ckmer5_csp,360,119,0.8296451914098973
0.03888888888888889,0.9497766697137814,0.9295708011346709,0.3145397407463057,0.3753110654142097,-0.00035205290937593805,0.0,resistance_snp,69,N_3pct,hybrid_ckmer7_csp,360,131,0.7814461407972858
0.016666666666666666,0.9744946338449713,0.9722066481023154,0.22577558964064998,0.23576832653130178,-0.0006383371939132424,0.0,resistance_snp,69,trim_5bp,ckmer5_count_l2,360,63,0.8035493827160494
0.013888888888888888,0.9649188323402939,0.9630868246861526,0.2648594069587143,0.2717100488161835,-0.0006389530676053662,0.0,resistance_snp,69,trim_5bp,ckmer7_count_l2,360,75,0.7427777777777778
0.019444444444444445,0.9805468556041667,0.9791238294461823,0.19720352272998984,0.20433389612992842,-0.00029718542578346973,0.0,resistance_snp,69,trim_5bp,cspaced_count_l2,360,45,0.8810185185185185
0.019444444444444445,0.9979183411566048,0.9977804271191796,0.06450894016118797,0.06662691469399815,-2.344024043160537e-05,0.0,resistance_snp,69,trim_5bp,cspaced_property_l2,360,56,0.8865327380952381
0.022222222222222223,0.9862064875007882,0.9849935376107469,0.16603756931425814,0.1732423873609052,-0.0003218839330739067,0.0,resistance_snp,69,trim_5bp,hybrid_ckmer5_csp,360,119,0.8426003734827264
0.016666666666666666,0.9814185867484494,0.9804753878635988,0.19276148682519403,0.1976087656780474,-0.000330725845325875,0.0,resistance_snp,69,trim_5bp,hybrid_ckmer7_csp,360,131,0.8042302798982188
0.025,0.9123274206509222,0.826533081255946,0.4057974185332819,0.5890104688302279,-0.002928136337377089,0.0,resistance_snp,69,substitution_1pct_N_3pct,ckmer5_count_l2,360,346,0.14259794476557483
0.03333333333333333,0.8484524620124195,0.6952253673328358,0.5331314463334945,0.7807363233715927,-0.0018188228676619617,0.0,resistance_snp,69,substitution_1pct_N_3pct,ckmer7_count_l2,360,807,0.0657045986506953
0.03611111111111111,0.9549956287381656,0.9116773870411814,0.2924948792789393,0.4202918275527382,-0.0015453130966030222,0.0,resistance_snp,69,substitution_1pct_N_3pct,cspaced_count_l2,360,45,0.86
0.03333333333333333,0.9935334325941527,0.9890302752085864,0.11217935219847663,0.14811910345283244,-0.00016357052586962831,0.0,resistance_snp,69,substitution_1pct_N_3pct,cspaced_property_l2,360,56,0.8785714285714286
0.025,0.9529304266225375,0.9079071560894643,0.29793407474379535,0.4291685824185137,-0.0013921694836385838,0.0,resistance_snp,69,substitution_1pct_N_3pct,hybrid_ckmer5_csp,360,402,0.24512161415146488
0.03333333333333333,0.920992947303286,0.8433501199504244,0.38541926269216825,0.5597318584283691,-0.0009328278587732368,0.0,resistance_snp,69,substitution_1pct_N_3pct,hybrid_ckmer7_csp,360,863,0.11845146131067336
0.022222222222222223,0.8860396311190232,0.8332990051427471,0.4744971352648032,0.5774048200104386,-0.0020708705740573614,0.0,resistance_snp,69,local_mismatch_6bp,ckmer5_count_l2,360,511,0.10402533159382474
0.03888888888888889,0.8324280301008313,0.7758801774444586,0.5759865504243256,0.6695070164763652,-0.00040505733440032135,0.0,resistance_snp,69,local_mismatch_6bp,ckmer7_count_l2,360,2740,0.02146036090835361
0.025,0.9296031714114943,0.8900636712452542,0.3706592403128406,0.4689055345044265,-0.002396609528269038,0.0,resistance_snp,69,local_mismatch_6bp,cspaced_count_l2,360,45,0.8535802469135803
0.025,0.9925604025460651,0.9882812714313466,0.120530927371297,0.15309293206937638,-0.0002501658131942419,0.0,resistance_snp,69,local_mismatch_6bp,cspaced_property_l2,360,56,0.864484126984127
0.022222222222222223,0.9393000168325442,0.9101480936903884,0.34628894626864126,0.42391439765904265,-0.0010532498919766126,0.0,resistance_snp,69,local_mismatch_6bp,hybrid_ckmer5_csp,360,567,0.1791323731138546
0.030555555555555555,0.9124942163234484,0.8827319939341053,0.4161848431513769,0.4842891544816684,-0.00026876883100285676,0.0,resistance_snp,69,local_mismatch_6bp,hybrid_ckmer7_csp,360,2796,0.03834495708154506
0.03888888888888889,0.9686416090577006,0.8954306901088189,0.1751148576698559,0.4573120628922146,-0.0005578039109235215,0.0,resistance_snp,75,substitution_1pct,ckmer5_count_l2,360,355,0.15488654147104852
0.03333333333333333,0.9412926901433887,0.8163291254594967,0.2397703936552764,0.6060868486285264,-0.0008652919645254417,0.0,resistance_snp,75,substitution_1pct,ckmer7_count_l2,360,930,0.06812873357228195
0.03888888888888889,0.9876753948794503,0.954785924496251,0.10903601013268684,0.30071273835256307,-0.0004669213371644295,0.0,resistance_snp,75,substitution_1pct,cspaced_count_l2,360,46,0.9036533816425121
0.03611111111111111,0.998696967450207,0.9952084325217372,0.03547142859561085,0.0978934852784407,-4.8356599508709666e-05,0.0,resistance_snp,75,substitution_1pct,cspaced_property_l2,360,57,0.9047027290448343
0.03888888888888889,0.9836692882539539,0.9453754460400123,0.12641066243227345,0.3305263157276144,-0.0002699492403231344,0.0,resistance_snp,75,substitution_1pct,hybrid_ckmer5_csp,360,412,0.2586232470334412
0.03888888888888889,0.9699948287967979,0.9068934868119777,0.17143420117870314,0.43152323575825574,-0.00042885455547198953,0.0,resistance_snp,75,substitution_1pct,hybrid_ckmer7_csp,360,987,0.11644151750534729
0.025,0.9573880955652158,0.9366038200727762,0.289431847437183,0.35607865220301255,-0.001084057814977936,0.0,resistance_snp,75,N_3pct,ckmer5_count_l2,360,66,0.7844907407407408
0.019444444444444445,0.9166186031624698,0.878843811475561,0.40495680123608596,0.4922523509835973,-0.0015820908438825372,0.0,resistance_snp,75,N_3pct,ckmer7_count_l2,360,79,0.7314697609001406
0.027777777777777776,0.9737406751058332,0.96417920143932,0.22730025184492383,0.2676592695591694,-0.0008423240474538197,0.0,resistance_snp,75,N_3pct,cspaced_count_l2,360,46,0.8845108695652174
0.027777777777777776,0.9957566570466233,0.9947348102358107,0.09180392206915997,0.10261758233115091,-8.600504241263031e-05,0.0,resistance_snp,75,N_3pct,cspaced_property_l2,360,57,0.8980263157894737
0.025,0.9765723763059196,0.9658352595880548,0.214832189973363,0.26139907939588086,-0.0005312688063186515,0.0,resistance_snp,75,N_3pct,hybrid_ckmer5_csp,360,123,0.8371047877145438
0.022222222222222223,0.9561876301045467,0.9374799980155936,0.29369943192429415,0.3536099528757787,-0.000772917041653491,0.0,resistance_snp,75,N_3pct,hybrid_ckmer7_csp,360,136,0.8012765522875817
0.025,0.9798981414512208,0.9761033642897542,0.20020809985357502,0.21861672264602816,-0.0009093660059821981,0.0,resistance_snp,75,trim_5bp,ckmer5_count_l2,360,66,0.8086489898989899
0.008333333333333333,0.9689912558984296,0.9678372077779895,0.24898365566870184,0.25362488924398296,-0.002882729527063141,0.0,resistance_snp,75,trim_5bp,ckmer7_count_l2,360,79,0.7668073136427567
0.008333333333333333,0.9838689397822886,0.9829301444298433,0.17959417423209756,0.18476934578093496,-0.0007561798263931456,0.0,resistance_snp,75,trim_5bp,cspaced_count_l2,360,46,0.8972222222222223
0.008333333333333333,0.9982682946751478,0.9981600065993373,0.05884138110017278,0.06066289476545893,-6.800289851632989e-05,0.0,resistance_snp,75,trim_5bp,cspaced_property_l2,360,57,0.8995126705653022
0.025,0.9890832180631843,0.987164793379061,0.1475750723870981,0.16021989028168687,-0.00046246992876954393,0.0,resistance_snp,75,trim_5bp,hybrid_ckmer5_csp,360,123,0.850756549232159
0.008333333333333333,0.983629775286789,0.9829986071886634,0.18091062219425932,0.18439844257117213,-0.0014753662127897505,0.0,resistance_snp,75,trim_5bp,hybrid_ckmer7_csp,360,136,0.8224264705882353
0.027777777777777776,0.9278973146762267,0.8525823680771245,0.3670492929604098,0.5429873423751765,-0.0019029497504035088,0.0,resistance_snp,75,substitution_1pct_N_3pct,ckmer5_count_l2,360,328,0.1582740514905149
0.027777777777777776,0.8639493689696555,0.7410151835021642,0.5054098917605904,0.7196958774589385,-0.0024189650261180126,0.0,resistance_snp,75,substitution_1pct_N_3pct,ckmer7_count_l2,360,807,0.07173860663637616
0.025,0.9617347788588748,0.9289499737226792,0.2695731555680056,0.3769613964828937,-0.0017106954994415779,0.0,resistance_snp,75,substitution_1pct_N_3pct,cspaced_count_l2,360,46,0.8765096618357487
0.03333333333333333,0.9944813042022136,0.9909972206184214,0.10360027457497077,0.13418469705299932,-0.00017521188691498293,0.0,resistance_snp,75,substitution_1pct_N_3pct,cspaced_property_l2,360,57,0.8915692007797271
0.027777777777777776,0.9611893094392201,0.9214731495053035,0.26990840579164443,0.39629995281615377,-0.0009139866739641946,0.0,resistance_snp,75,substitution_1pct_N_3pct,hybrid_ckmer5_csp,360,385,0.2668398268398268
0.027777777777777776,0.9292153365859345,0.8637788497681276,0.3649614325063567,0.521958827004155,-0.0012047410069377072,0.0,resistance_snp,75,substitution_1pct_N_3pct,hybrid_ckmer7_csp,360,864,0.12582465277777777
0.03333333333333333,0.9084599619988962,0.8684080017945102,0.42547338079383745,0.5130146161767521,-0.0017550032499014567,0.0,resistance_snp,75,local_mismatch_6bp,ckmer5_count_l2,360,506,0.10992808519982433
0.03888888888888889,0.8515725433918048,0.8032576295872965,0.5424656226332448,0.6272836207214455,-0.00104994349107066,0.0,resistance_snp,75,local_mismatch_6bp,ckmer7_count_l2,360,2740,0.023250709651257098
0.030555555555555555,0.940134912124388,0.9090954682121617,0.3421858202255416,0.42639072474534895,-0.0025844756001682347,0.0,resistance_snp,75,local_mismatch_6bp,cspaced_count_l2,360,46,0.8695350241545894
0.030555555555555555,0.9936675459343762,0.9904089579219264,0.1113203367291284,0.13849940109091133,-0.0002728786195627735,0.0,resistance_snp,75,local_mismatch_6bp,cspaced_property_l2,360,57,0.8771686159844054
0.030555555555555555,0.9510637539666362,0.9300220814988072,0.31110316967982204,0.37410665198418325,-0.0009218599829664199,0.0,resistance_snp,75,local_mismatch_6bp,hybrid_ckmer5_csp,360,563,0.18760607854746397
0.03888888888888889,0.9226200446630906,0.8974639381518926,0.39164744921068495,0.4528488967232807,-0.0005886104532675555,0.0,resistance_snp,75,local_mismatch_6bp,hybrid_ckmer7_csp,360,2797,0.040652683430659836
