length,condition,method,representation,n_pairs,n_features,paired_cosine_mean,paired_cosine_p05,l2_delta_mean,l2_delta_p95,retrieval_top1
69,N_3pct,CK4,ckmer4_count_l2,2000,136,0.964250546727161,0.95014918872348,0.2651399957228407,0.3157556303148863,1.0
69,N_3pct,CK4+P,ckmer4_property_l2,2000,147,0.9943532884570075,0.9927850434320956,0.1058929236191681,0.1201245731922647,1.0
69,N_3pct,"CK4P-MSP
(222-dim)",ckmer4_property_multiscale_mean_l2,2000,222,0.9948074396058078,0.9934209189897972,0.1015664373351081,0.1147090294818335,1.0
69,N_3pct,"CK4P-MSP+SD
(297-dim)",ckmer4_property_multiscale_l2,2000,297,0.994342542457442,0.9929489325013084,0.1060734321165432,0.1187524104308779,1.0
69,N_3pct,CK5,ckmer5_count_l2,2000,512,0.9381871555497762,0.9188917168084226,0.3491420982545937,0.4027611778500444,1.0
69,N_3pct,CK5+CK4P-MSP,hybrid:ckmer5_count_l2+ckmer4_property_multiscale_mean_l2,2000,734,0.966497297577792,0.9563802207299048,0.2571662508429105,0.2953634345126812,1.0
69,N_3pct,CSP,cspaced_property_l2,2000,147,0.9941177965055988,0.992231931062493,0.1079501507298943,0.1246440444404623,1.0
75,N_3pct,CK4,ckmer4_count_l2,2000,136,0.9682988083350054,0.9555554861683524,0.2496754962094477,0.2981426297316335,1.0
75,N_3pct,CK4+P,ckmer4_property_l2,2000,147,0.9950471170488486,0.9936621666266054,0.0991564886074779,0.1125862630062081,1.0
75,N_3pct,"CK4P-MSP
(222-dim)",ckmer4_property_multiscale_mean_l2,2000,222,0.9954472276213708,0.9942121409257382,0.0950866910057367,0.1075905113052172,1.0
75,N_3pct,"CK4P-MSP+SD
(297-dim)",ckmer4_property_multiscale_l2,2000,297,0.9950313081412638,0.9937953938905392,0.0993925876813205,0.1113966435931946,1.0
75,N_3pct,CK5,ckmer5_count_l2,2000,512,0.9440934421477488,0.9269016367413474,0.3321926506009189,0.3823568018522613,1.0
75,N_3pct,CK5+CK4P-MSP,hybrid:ckmer5_count_l2+ckmer4_property_multiscale_mean_l2,2000,734,0.9697703348845598,0.9608303518480872,0.2443718058320908,0.2798915794983206,1.0
75,N_3pct,CSP,cspaced_property_l2,2000,147,0.9948410366431356,0.9932567780142972,0.101112727988489,0.1161311492826032,1.0
100,N_3pct,CK4,ckmer4_count_l2,2000,136,0.968676477344275,0.9552233909376536,0.2483111210723847,0.299254437101096,1.0
100,N_3pct,CK4+P,ckmer4_property_l2,2000,147,0.9948115053683736,0.9933686020013264,0.1015731896515119,0.1151642131450244,1.0
100,N_3pct,"CK4P-MSP
(222-dim)",ckmer4_property_multiscale_mean_l2,2000,222,0.9952397334230614,0.99395474182593,0.0973060073411174,0.1099568828509293,1.0
100,N_3pct,"CK4P-MSP+SD
(297-dim)",ckmer4_property_multiscale_l2,2000,297,0.9947893969053108,0.9935067491790528,0.101855050641826,0.1139583329110094,1.0
100,N_3pct,CK5,ckmer5_count_l2,2000,512,0.940714355020619,0.9218672530631032,0.3425271238460839,0.3953042922090446,1.0
100,N_3pct,CK5+CK4P-MSP,hybrid:ckmer5_count_l2+ckmer4_property_multiscale_mean_l2,2000,734,0.9679770442218402,0.958364395371414,0.2518235045066714,0.2885675115436081,1.0
100,N_3pct,CSP,cspaced_property_l2,2000,147,0.9946334840949768,0.993211025968566,0.103274856855409,0.1165244525216383,1.0
69,substitution_1pct,CK4,ckmer4_count_l2,2000,136,0.9755544309448438,0.9187462744562568,0.1539428143046589,0.403122129133237,1.0
69,substitution_1pct,CK4+P,ckmer4_property_l2,2000,147,0.9973521171995124,0.9912322033154336,0.0506540401113238,0.132422027402085,1.0
69,substitution_1pct,"CK4P-MSP
(222-dim)",ckmer4_property_multiscale_mean_l2,2000,222,0.9976017478412702,0.9920751970768132,0.0482185614965269,0.1258952167103843,1.0
69,substitution_1pct,"CK4P-MSP+SD
(297-dim)",ckmer4_property_multiscale_l2,2000,297,0.9976010947961538,0.992073686272867,0.0482268850674732,0.1259072163541524,1.0
69,substitution_1pct,CK5,ckmer5_count_l2,2000,512,0.9583206308157078,0.8618263080888109,0.2018017546959759,0.5256874621706396,1.0
69,substitution_1pct,CK5+CK4P-MSP,hybrid:ckmer5_count_l2+ckmer4_property_multiscale_mean_l2,2000,734,0.9779611893284892,0.9271344972932544,0.1467416037225823,0.3817472930317356,1.0
69,substitution_1pct,CSP,cspaced_property_l2,2000,147,0.997242943650371,0.9907377332897868,0.0515848206047587,0.1361048574236098,1.0
75,substitution_1pct,CK4,ckmer4_count_l2,2000,136,0.9767278779549396,0.9263440251086744,0.1541464613889716,0.3838123721077977,1.0
75,substitution_1pct,CK4+P,ckmer4_property_l2,2000,147,0.9974887353009128,0.99197142291857,0.0506535349676747,0.1267168264791368,1.0
75,substitution_1pct,"CK4P-MSP
(222-dim)",ckmer4_property_multiscale_mean_l2,2000,222,0.9977252549774286,0.9927652664765216,0.0482184090182962,0.1202890965262887,1.0
75,substitution_1pct,"CK4P-MSP+SD
(297-dim)",ckmer4_property_multiscale_l2,2000,297,0.9977245705914006,0.992766445601214,0.0482269867955057,0.1202792936716684,1.0
75,substitution_1pct,CK5,ckmer5_count_l2,2000,512,0.9591601910084336,0.8723779022665666,0.2051842113182186,0.5052169681944548,1.0
75,substitution_1pct,CK5+CK4P-MSP,hybrid:ckmer5_count_l2+ckmer4_property_multiscale_mean_l2,2000,734,0.9784427229929312,0.932713098855826,0.1490698879565927,0.3668430209233906,1.0
75,substitution_1pct,CSP,cspaced_property_l2,2000,147,0.9973692510978668,0.9915238148902226,0.0518439148619733,0.1302012677847639,1.0
100,substitution_1pct,CK4,ckmer4_count_l2,2000,136,0.9802774766014776,0.9420884197712396,0.1523881198605101,0.3403278045569295,1.0
100,substitution_1pct,CK4+P,ckmer4_property_l2,2000,147,0.9979023710521376,0.993757339636666,0.049693462924528,0.1117377312217899,1.0
100,substitution_1pct,"CK4P-MSP
(222-dim)",ckmer4_property_multiscale_mean_l2,2000,222,0.9980984842868468,0.9943336206700568,0.0473254310594116,0.1064554300103914,1.0
100,substitution_1pct,"CK4P-MSP+SD
(297-dim)",ckmer4_property_multiscale_l2,2000,297,0.9980982739234164,0.994335161109212,0.0473286757557578,0.106440958741148,1.0
100,substitution_1pct,CK5,ckmer5_count_l2,2000,512,0.9623989019848396,0.8921071469733823,0.211503169262794,0.4645271122233981,1.0
100,substitution_1pct,CK5+CK4P-MSP,hybrid:ckmer5_count_l2+ckmer4_property_multiscale_mean_l2,2000,734,0.9802486931358432,0.9436498841119672,0.1532868291882898,0.3357083912934745,1.0
100,substitution_1pct,CSP,cspaced_property_l2,2000,147,0.9977803230510373,0.9933389327779674,0.0511965135315653,0.1154215418447624,1.0
69,substitution_1pct_N_3pct,CK4,ckmer4_count_l2,2000,136,0.9401824650528628,0.8772698206660012,0.3344678696667822,0.4954393727322012,1.0
69,substitution_1pct_N_3pct,CK4+P,ckmer4_property_l2,2000,147,0.991724221095492,0.984654944381934,0.1260473202788058,0.1751859330937468,1.0
69,substitution_1pct_N_3pct,"CK4P-MSP
(222-dim)",ckmer4_property_multiscale_mean_l2,2000,222,0.992427827121213,0.9861528852131592,0.1206360095339782,0.1664157796723866,1.0
69,substitution_1pct_N_3pct,"CK4P-MSP+SD
(297-dim)",ckmer4_property_multiscale_l2,2000,297,0.9919587765562912,0.9856156871109452,0.1245949667854551,0.1696131649815977,1.0
69,substitution_1pct_N_3pct,CK5,ckmer5_count_l2,2000,512,0.8981909008549565,0.8000434658248522,0.4379712268321198,0.6323867481336836,1.0
69,substitution_1pct_N_3pct,CK5+CK4P-MSP,hybrid:ckmer5_count_l2+ckmer4_property_multiscale_mean_l2,2000,734,0.9453093639880846,0.8931833187882205,0.3212975189074514,0.462204891063478,1.0
69,substitution_1pct_N_3pct,CSP,cspaced_property_l2,2000,147,0.9914455810329714,0.9842867343832624,0.1280976007239941,0.1772752727460989,1.0
75,substitution_1pct_N_3pct,CK4,ckmer4_count_l2,2000,136,0.9454498385288056,0.8877978581513154,0.3194433277088958,0.4737132170269542,1.0
75,substitution_1pct_N_3pct,CK4+P,ckmer4_property_l2,2000,147,0.9925656840552752,0.9862638423070764,0.119440965760838,0.1657477461569937,1.0
75,substitution_1pct_N_3pct,"CK4P-MSP
(222-dim)",ckmer4_property_multiscale_mean_l2,2000,222,0.9932005711106922,0.9875315303557378,0.114284538109837,0.1579143411375693,1.0
75,substitution_1pct_N_3pct,"CK4P-MSP+SD
(297-dim)",ckmer4_property_multiscale_l2,2000,297,0.9927845428323296,0.98706835595256,0.1179976901921585,0.1608206706001796,1.0
75,substitution_1pct_N_3pct,CK5,ckmer5_count_l2,2000,512,0.9048792763234428,0.8093563741493714,0.4229785971879155,0.6174846165594028,1.0
75,substitution_1pct_N_3pct,CK5+CK4P-MSP,hybrid:ckmer5_count_l2+ckmer4_property_multiscale_mean_l2,2000,734,0.9490399237170676,0.8987238847834291,0.3098814562978085,0.4500580077217024,1.0
75,substitution_1pct_N_3pct,CSP,cspaced_property_l2,2000,147,0.9922085051588718,0.9855767240178784,0.1221266398250155,0.1698427075041247,1.0
100,substitution_1pct_N_3pct,CK4,ckmer4_count_l2,2000,136,0.9478398801788868,0.9001772612042855,0.3148922532862289,0.4468170451802392,1.0
100,substitution_1pct_N_3pct,CK4+P,ckmer4_property_l2,2000,147,0.99257090896517,0.9874491712830772,0.1201930447897453,0.1584350193959356,1.0
100,substitution_1pct_N_3pct,"CK4P-MSP
(222-dim)",ckmer4_property_multiscale_mean_l2,2000,222,0.993209101359324,0.9885481597754554,0.1149514895652336,0.1513396195217295,1.0
100,substitution_1pct_N_3pct,"CK4P-MSP+SD
(297-dim)",ckmer4_property_multiscale_l2,2000,297,0.992757388661374,0.9880858948401544,0.1189105319809398,0.1543638892526413,1.0
100,substitution_1pct_N_3pct,CK5,ckmer5_count_l2,2000,512,0.9023150925767076,0.8228670135310541,0.4322341589750038,0.595202455757165,1.0
100,substitution_1pct_N_3pct,CK5+CK4P-MSP,hybrid:ckmer5_count_l2+ckmer4_property_multiscale_mean_l2,2000,734,0.9477620969680158,0.9058916761096611,0.3163186892224873,0.4338394250852566,1.0
100,substitution_1pct_N_3pct,CSP,cspaced_property_l2,2000,147,0.9923054083752132,0.9872762417026304,0.1223096657265924,0.1595227757662179,1.0
