method,method_label,repeat,order_in_round,phase,n_reads,n_features,elapsed_seconds,milliseconds_per_10000_reads,reads_per_second,checksum
ck4p_msp,CK4P-MSP,1,1,long_duration_round_robin,10000,222,1.381148299900815,1381.148299900815,7240.35210463506,40.796533304536496
hash_k15_d222,"Hashed k=15, d=222",1,2,long_duration_round_robin,10000,222,3.1207703000400215,3120.7703000400215,3204.3370830181757,4.916720194724753
ck4,CK4,1,3,long_duration_round_robin,10000,136,0.9486623001284897,948.6623001284897,10541.158849303456,33.00785196945289
rp_ck15_d222,"CK15 random projection, d=222",1,4,long_duration_round_robin,10000,222,4.815896400017664,4815.896400017664,2076.456628087623,-2.5657169697822537
pseknc_k3_l3,"PseKNC (k=3, lambda=3)",1,5,long_duration_round_robin,10000,67,25.406328700017184,25406.328700017184,393.60271679053085,25.7972391549615
ncp_anf,NCP+ANF,1,6,long_duration_round_robin,10000,300,0.6162475999444723,616.2475999444723,16227.243726224753,61.16214224762019
pseeiip,PseEIIP,1,7,long_duration_round_robin,10000,64,0.4501590998843312,450.1590998843312,22214.3682146368,28.40811705461396
minhash_k15_s222,"MinHash k=15, s=222",1,8,long_duration_round_robin,10000,222,2.9077377000357956,2907.7377000357956,3439.0997509427675,1.5714450675296385e+19
ck4p_msp_pkm,CK4P-MSP-PKM,1,9,long_duration_round_robin,10000,297,2.0507514998316765,2050.7514998316765,4876.261214886733,40.456346764723534
ck4_p,CK4+P,1,10,long_duration_round_robin,10000,147,1.147170800017193,1147.170800017193,8717.097750265371,31.048312774573144
pseknc_k3_l3,"PseKNC (k=3, lambda=3)",2,1,long_duration_round_robin,10000,67,25.14430040004663,25144.30040004663,397.7044435875994,25.7972391549615
ck4,CK4,2,2,long_duration_round_robin,10000,136,0.9167881000321358,916.7881000321358,10907.645943102309,33.00785196945289
ck4_p,CK4+P,2,3,long_duration_round_robin,10000,147,1.1182088998612016,1118.2088998612016,8942.872839986569,31.048312774573144
rp_ck15_d222,"CK15 random projection, d=222",2,4,long_duration_round_robin,10000,222,4.690814099973068,4690.814099973068,2131.826115227507,-4.0819976380799625
minhash_k15_s222,"MinHash k=15, s=222",2,5,long_duration_round_robin,10000,222,3.010559800080955,3010.559800080955,3321.641377039279,1.0814324618653456e+19
pseeiip,PseEIIP,2,6,long_duration_round_robin,10000,64,0.4945940999314189,494.5940999314189,20218.59945637567,28.40811705461396
ck4p_msp,CK4P-MSP,2,7,long_duration_round_robin,10000,222,1.312890499830246,1312.890499830246,7616.781446200563,40.796533304536496
ncp_anf,NCP+ANF,2,8,long_duration_round_robin,10000,300,0.5980412000790238,598.0412000790238,16721.2559915247,61.16214224762019
ck4p_msp_pkm,CK4P-MSP-PKM,2,9,long_duration_round_robin,10000,297,2.037248299922794,2037.248299922794,4908.581835792413,40.456346764723534
hash_k15_d222,"Hashed k=15, d=222",2,10,long_duration_round_robin,10000,222,2.8187380998861045,2818.7380998861045,3547.686817872177,4.916720194724753
ck4p_msp,CK4P-MSP,3,1,long_duration_round_robin,10000,222,1.2978946999646723,1297.8946999646723,7704.785295965992,40.796533304536496
ck4,CK4,3,2,long_duration_round_robin,10000,136,0.9513912999536842,951.3912999536842,10510.922267721831,33.00785196945289
pseknc_k3_l3,"PseKNC (k=3, lambda=3)",3,3,long_duration_round_robin,10000,67,24.317427000030875,24317.427000030875,411.22771747139626,25.7972391549615
rp_ck15_d222,"CK15 random projection, d=222",3,4,long_duration_round_robin,10000,222,4.8743867999874055,4874.3867999874055,2051.5401034702127,-0.23162534325668832
ck4p_msp_pkm,CK4P-MSP-PKM,3,5,long_duration_round_robin,10000,297,2.0254642001818866,2025.4642001818866,4937.139841376609,40.456346764723534
pseeiip,PseEIIP,3,6,long_duration_round_robin,10000,64,0.46253410005010664,462.53410005010664,21620.027580489077,28.40811705461396
minhash_k15_s222,"MinHash k=15, s=222",3,7,long_duration_round_robin,10000,222,3.1825347000267357,3182.5347000267357,3142.1495576830607,1.0541426654001816e+19
hash_k15_d222,"Hashed k=15, d=222",3,8,long_duration_round_robin,10000,222,2.7964480998925865,2796.4480998925865,3575.9648106410796,4.916720194724753
ck4_p,CK4+P,3,9,long_duration_round_robin,10000,147,1.125656799878925,1125.656799878925,8883.702386975847,31.048312774573144
ncp_anf,NCP+ANF,3,10,long_duration_round_robin,10000,300,0.6218550999183208,621.8550999183208,16080.916601493622,61.16214224762019
ck4_p,CK4+P,4,1,long_duration_round_robin,10000,147,1.0895469998940825,1089.5469998940825,9178.12632311605,31.048312774573144
ck4p_msp,CK4P-MSP,4,2,long_duration_round_robin,10000,222,1.2345191999338567,1234.5191999338567,8100.31954183927,40.796533304536496
pseeiip,PseEIIP,4,3,long_duration_round_robin,10000,64,0.4616640000604093,461.6640000604093,21660.774933049768,28.40811705461396
pseknc_k3_l3,"PseKNC (k=3, lambda=3)",4,4,long_duration_round_robin,10000,67,23.884511900134385,23884.511900134385,418.6813631282009,25.7972391549615
ncp_anf,NCP+ANF,4,5,long_duration_round_robin,10000,300,0.6154323001392186,615.4323001392186,16248.74092201185,61.16214224762019
ck4p_msp_pkm,CK4P-MSP-PKM,4,6,long_duration_round_robin,10000,297,2.088175900047645,2088.175900047645,4788.868600471749,40.456346764723534
minhash_k15_s222,"MinHash k=15, s=222",4,7,long_duration_round_robin,10000,222,2.912866000086069,2912.866000086069,3433.0449803405036,8.486585831142267e+18
rp_ck15_d222,"CK15 random projection, d=222",4,8,long_duration_round_robin,10000,222,5.151140499860048,5151.140499860048,1941.3176558223738,0.5599676680435983
ck4,CK4,4,9,long_duration_round_robin,10000,136,0.9646124001592398,964.6124001592398,10366.858230672946,33.00785196945289
hash_k15_d222,"Hashed k=15, d=222",4,10,long_duration_round_robin,10000,222,2.757489699870348,2757.489699870348,3626.4868008283697,4.916720194724753
rp_ck15_d222,"CK15 random projection, d=222",5,1,long_duration_round_robin,10000,222,4.944819200085476,4944.819200085476,2022.3186319587055,-2.4556619999489877
pseknc_k3_l3,"PseKNC (k=3, lambda=3)",5,2,long_duration_round_robin,10000,67,25.963532199850306,25963.532199850306,385.1556068344836,25.7972391549615
minhash_k15_s222,"MinHash k=15, s=222",5,3,long_duration_round_robin,10000,222,2.8835676999296993,2883.5676999296993,3467.9262083022354,1.7794978708387074e+19
pseeiip,PseEIIP,5,4,long_duration_round_robin,10000,64,0.4678283999674022,467.8283999674022,21375.359000643803,28.40811705461396
ncp_anf,NCP+ANF,5,5,long_duration_round_robin,10000,300,0.6197047999594361,619.7047999594361,16136.71541781598,61.16214224762019
ck4,CK4,5,6,long_duration_round_robin,10000,136,0.8799970000982285,879.9970000982285,11363.675102169398,33.00785196945289
ck4_p,CK4+P,5,7,long_duration_round_robin,10000,147,1.1217593001201749,1121.7593001201749,8914.568391747403,31.048312774573144
hash_k15_d222,"Hashed k=15, d=222",5,8,long_duration_round_robin,10000,222,2.8540400001220405,2854.0400001220405,3503.805132223933,4.916720194724753
ck4p_msp_pkm,CK4P-MSP-PKM,5,9,long_duration_round_robin,10000,297,2.073829999892041,2073.829999892041,4821.996017282312,40.456346764723534
ck4p_msp,CK4P-MSP,5,10,long_duration_round_robin,10000,222,1.2377987999934703,1237.7987999934703,8078.857404008432,40.796533304536496
ck4_p,CK4+P,6,1,long_duration_round_robin,10000,147,1.10240099998191,1102.40099998191,9071.109333322536,31.048312774573144
pseeiip,PseEIIP,6,2,long_duration_round_robin,10000,64,0.45762560004368424,457.62560004368424,21851.92436578158,28.40811705461396
ncp_anf,NCP+ANF,6,3,long_duration_round_robin,10000,300,0.6135693001560867,613.5693001560867,16298.07749093067,61.16214224762019
ck4p_msp,CK4P-MSP,6,4,long_duration_round_robin,10000,222,1.2529589999467134,1252.9589999467134,7981.107123557344,40.796533304536496
ck4p_msp_pkm,CK4P-MSP-PKM,6,5,long_duration_round_robin,10000,297,2.0917613999918103,2091.7613999918103,4780.659973952646,40.456346764723534
minhash_k15_s222,"MinHash k=15, s=222",6,6,long_duration_round_robin,10000,222,2.8746295000892133,2874.6295000892133,3478.7091691954224,4.134323798387032e+16
hash_k15_d222,"Hashed k=15, d=222",6,7,long_duration_round_robin,10000,222,2.767737800022587,2767.737800022587,3613.0590115575224,4.916720194724753
ck4,CK4,6,8,long_duration_round_robin,10000,136,0.881655199918896,881.655199918896,11342.302524751067,33.00785196945289
rp_ck15_d222,"CK15 random projection, d=222",6,9,long_duration_round_robin,10000,222,4.659462499897927,4659.462499897927,2146.1702932943585,0.6623797431762661
ck4p_msp_pkm,CK4P-MSP-PKM,7,1,long_duration_round_robin,10000,297,2.478770599933341,2478.770599933341,4034.2579504004602,40.456346764723534
ck4,CK4,7,2,long_duration_round_robin,10000,136,1.0038009998388588,1003.8009998388588,9962.133930535345,33.00785196945289
pseeiip,PseEIIP,7,3,long_duration_round_robin,10000,64,0.5781702999956906,578.1702999956906,17295.94204350264,28.40811705461396
rp_ck15_d222,"CK15 random projection, d=222",7,4,long_duration_round_robin,10000,222,4.817101399879903,4817.101399879903,2075.937201622809,-2.245035486987364
ncp_anf,NCP+ANF,7,5,long_duration_round_robin,10000,300,0.6638816001359373,663.8816001359373,15062.926880263569,61.16214224762019
ck4p_msp,CK4P-MSP,7,6,long_duration_round_robin,10000,222,1.2246153999585658,1224.6153999585658,8165.829043419138,40.796533304536496
minhash_k15_s222,"MinHash k=15, s=222",7,7,long_duration_round_robin,10000,222,3.0420939999166876,3042.0939999166876,3287.2094025608235,1.482572792085035e+19
ck4_p,CK4+P,7,8,long_duration_round_robin,10000,147,1.2124495999887586,1212.4495999887586,8247.765515443047,31.048312774573144
hash_k15_d222,"Hashed k=15, d=222",7,10,long_duration_round_robin,10000,222,2.898980600060895,2898.980600060895,3449.4884166489223,4.916720194724753
ck4_p,CK4+P,8,2,long_duration_round_robin,10000,147,1.1346011001151055,1134.6011001151055,8813.670283754791,31.048312774573144
ncp_anf,NCP+ANF,8,3,long_duration_round_robin,10000,300,0.6155162998475134,615.5162998475134,16246.523451088748,61.16214224762019
rp_ck15_d222,"CK15 random projection, d=222",8,4,long_duration_round_robin,10000,222,4.917806399986148,4917.806399986148,2033.4269360477808,3.5728942257434646
ck4p_msp_pkm,CK4P-MSP-PKM,8,5,long_duration_round_robin,10000,297,2.280501199886203,2280.501199886203,4385.000981582031,40.456346764723534
ck4,CK4,8,6,long_duration_round_robin,10000,136,1.0005329998675734,1000.5329998675734,9994.672840699468,33.00785196945289
pseeiip,PseEIIP,8,7,long_duration_round_robin,10000,64,0.49536480009555817,495.36480009555817,20187.14288554809,28.40811705461396
hash_k15_d222,"Hashed k=15, d=222",8,8,long_duration_round_robin,10000,222,3.0378900000359863,3037.8900000359863,3291.758424393754,4.916720194724753
ck4p_msp,CK4P-MSP,8,9,long_duration_round_robin,10000,222,1.346465399954468,1346.465399954468,7426.852558066594,40.796533304536496
minhash_k15_s222,"MinHash k=15, s=222",8,10,long_duration_round_robin,10000,222,3.154528900049627,3154.528900049627,3170.045454280885,1.242927075265757e+19
hash_k15_d222,"Hashed k=15, d=222",9,1,long_duration_round_robin,10000,222,3.2040878001134843,3204.0878001134843,3121.0131007164705,4.916720194724753
ncp_anf,NCP+ANF,9,2,long_duration_round_robin,10000,300,0.7056137998588383,705.6137998588383,14172.058429130144,61.16214224762019
ck4,CK4,9,3,long_duration_round_robin,10000,136,1.060790600022301,1060.790600022301,9426.931196213249,33.00785196945289
ck4p_msp_pkm,CK4P-MSP-PKM,9,4,long_duration_round_robin,10000,297,2.2502293998841196,2250.2293998841196,4443.991355065831,40.456346764723534
ck4p_msp,CK4P-MSP,9,5,long_duration_round_robin,10000,222,1.3185312999412417,1318.5312999412417,7584.196143425366,40.796533304536496
ck4_p,CK4+P,9,6,long_duration_round_robin,10000,147,1.2219030000269413,1221.9030000269413,8183.955682062744,31.048312774573144
rp_ck15_d222,"CK15 random projection, d=222",9,7,long_duration_round_robin,10000,222,4.744423400145024,4744.423400145024,2107.7376862474644,-1.8371193091702671
pseeiip,PseEIIP,9,9,long_duration_round_robin,10000,64,0.4816301001701504,481.6301001701504,20762.8219176235,28.40811705461396
minhash_k15_s222,"MinHash k=15, s=222",9,10,long_duration_round_robin,10000,222,3.1939800998661667,3193.9800998661667,3130.8898888941158,1.1041075013659589e+19
minhash_k15_s222,"MinHash k=15, s=222",10,1,long_duration_round_robin,10000,222,2.864698300138116,2864.698300138116,3490.7689928527097,1.2563604470433247e+19
pseeiip,PseEIIP,10,2,long_duration_round_robin,10000,64,0.4698403999209404,469.8403999209404,21283.823191200012,28.40811705461396
ck4,CK4,10,3,long_duration_round_robin,10000,136,0.8681117999367416,868.1117999367416,11519.253626927648,33.00785196945289
ncp_anf,NCP+ANF,10,4,long_duration_round_robin,10000,300,0.6009215998928994,600.9215998928994,16641.105930927217,61.16214224762019
ck4p_msp,CK4P-MSP,10,5,long_duration_round_robin,10000,222,1.2487150998786092,1248.7150998786092,8008.231822432615,40.796533304536496
hash_k15_d222,"Hashed k=15, d=222",10,6,long_duration_round_robin,10000,222,2.908674499951303,2908.674499951303,3437.992116397837,4.916720194724753
ck4_p,CK4+P,10,7,long_duration_round_robin,10000,147,1.1531674000434577,1153.1674000434577,8671.76786269118,31.048312774573144
rp_ck15_d222,"CK15 random projection, d=222",10,9,long_duration_round_robin,10000,222,5.080416500102729,5080.416500102729,1968.3425561266079,-1.7559961011796628
ck4p_msp_pkm,CK4P-MSP-PKM,10,10,long_duration_round_robin,10000,297,2.1516759002115577,2151.6759002115577,4647.540086783877,40.456346764723534
ck4_p,CK4+P,11,1,long_duration_round_robin,10000,147,1.4587204998824745,1458.7204998824745,6855.322867407207,31.048312774573144
hash_k15_d222,"Hashed k=15, d=222",11,2,long_duration_round_robin,10000,222,3.12407309981063,3124.07309981063,3200.949427401735,4.916720194724753
ck4,CK4,11,3,long_duration_round_robin,10000,136,1.2063808001112193,1206.3808001112193,8289.256592178916,33.00785196945289
minhash_k15_s222,"MinHash k=15, s=222",11,4,long_duration_round_robin,10000,222,3.042041099863127,3042.041099863127,3287.266566007257,7.789671080242782e+18
ncp_anf,NCP+ANF,11,5,long_duration_round_robin,10000,300,0.614856299944222,614.856299944222,16263.962816851958,61.16214224762019
rp_ck15_d222,"CK15 random projection, d=222",11,6,long_duration_round_robin,10000,222,4.555646999971941,4555.646999971941,2195.077889059796,2.3247500168966333
ck4p_msp,CK4P-MSP,11,7,long_duration_round_robin,10000,222,1.3502091998234391,1350.2091998234391,7406.25971242653,40.796533304536496
ck4p_msp_pkm,CK4P-MSP-PKM,11,8,long_duration_round_robin,10000,297,2.2959612999111414,2295.9612999111414,4355.474110294029,40.456346764723534
pseeiip,PseEIIP,11,10,long_duration_round_robin,10000,64,0.6699880000669509,669.9880000669509,14925.640457740608,28.40811705461396
minhash_k15_s222,"MinHash k=15, s=222",12,1,long_duration_round_robin,10000,222,5.135342999827117,5135.342999827117,1947.2895968850871,1.5400404909639148e+19
ck4p_msp_pkm,CK4P-MSP-PKM,12,2,long_duration_round_robin,10000,297,3.888141799950972,3888.141799950972,2571.9226598490045,40.456346764723534
ck4_p,CK4+P,12,3,long_duration_round_robin,10000,147,1.2140887000132352,1214.0887000132352,8236.630486628355,31.048312774573144
rp_ck15_d222,"CK15 random projection, d=222",12,4,long_duration_round_robin,10000,222,5.481540599837899,5481.540599837899,1824.3046490061063,-0.4670203027373766
hash_k15_d222,"Hashed k=15, d=222",12,5,long_duration_round_robin,10000,222,3.2379982999991626,3237.9982999991626,3088.327748659592,4.916720194724753
ncp_anf,NCP+ANF,12,7,long_duration_round_robin,10000,300,0.584462100174278,584.462100174278,17109.749284030815,61.16214224762019
ck4,CK4,12,8,long_duration_round_robin,10000,136,0.8666556000243872,866.6556000243872,11538.608877296363,33.00785196945289
pseeiip,PseEIIP,12,9,long_duration_round_robin,10000,64,0.4454206000082195,445.4206000082195,22450.690425668385,28.40811705461396
ck4p_msp,CK4P-MSP,12,10,long_duration_round_robin,10000,222,1.3357364998664707,1335.7364998664707,7486.506508581347,40.796533304536496
pseeiip,PseEIIP,13,2,long_duration_round_robin,10000,64,0.4780274999793619,478.0274999793619,20919.298576821908,28.40811705461396
ck4_p,CK4+P,13,3,long_duration_round_robin,10000,147,1.2748245000839233,1274.8245000839233,7844.216987782779,31.048312774573144
ck4p_msp,CK4P-MSP,13,4,long_duration_round_robin,10000,222,1.1965894000604749,1196.5894000604749,8357.085562929611,40.796533304536496
ck4,CK4,13,5,long_duration_round_robin,10000,136,0.8640805999748409,864.0805999748409,11572.994464047875,33.00785196945289
ck4p_msp_pkm,CK4P-MSP-PKM,13,6,long_duration_round_robin,10000,297,1.972305899951607,1972.305899951607,5070.207415718506,40.456346764723534
minhash_k15_s222,"MinHash k=15, s=222",13,7,long_duration_round_robin,10000,222,2.838071199832484,2838.071199832484,3523.519776596953,1.4933110524225618e+19
rp_ck15_d222,"CK15 random projection, d=222",13,8,long_duration_round_robin,10000,222,4.58788020000793,4587.88020000793,2179.655868081018,3.441980039394726
hash_k15_d222,"Hashed k=15, d=222",13,9,long_duration_round_robin,10000,222,2.868060600012541,2868.060600012541,3486.676676202823,4.916720194724753
ncp_anf,NCP+ANF,13,10,long_duration_round_robin,10000,300,0.6730814001057297,673.0814001057297,14857.044034241875,61.16214224762019
pseeiip,PseEIIP,14,1,long_duration_round_robin,10000,64,0.47300269990228117,473.00269990228117,21141.528371964738,28.40811705461396
ncp_anf,NCP+ANF,14,2,long_duration_round_robin,10000,300,0.6691761999391019,669.1761999391019,14943.747253578422,61.16214224762019
ck4p_msp_pkm,CK4P-MSP-PKM,14,3,long_duration_round_robin,10000,297,2.27911869995296,2279.11869995296,4387.660897261031,40.456346764723534
ck4,CK4,14,5,long_duration_round_robin,10000,136,0.9094264998566359,909.4264998566359,10995.940850169225,33.00785196945289
ck4_p,CK4+P,14,6,long_duration_round_robin,10000,147,1.0863129999488592,1086.3129999488592,9205.44999504818,31.048312774573144
hash_k15_d222,"Hashed k=15, d=222",14,7,long_duration_round_robin,10000,222,2.772631000028923,2772.631000028923,3606.6826057617054,4.916720194724753
minhash_k15_s222,"MinHash k=15, s=222",14,8,long_duration_round_robin,10000,222,3.1575758000835776,3157.5758000835776,3166.986521664915,5.781034301045464e+18
rp_ck15_d222,"CK15 random projection, d=222",14,9,long_duration_round_robin,10000,222,4.8274674999993294,4827.467499999329,2071.4795076303235,5.141705645969976
ck4p_msp,CK4P-MSP,14,10,long_duration_round_robin,10000,222,1.2365779001265764,1236.5779001265764,8086.833833094055,40.796533304536496
ck4p_msp_pkm,CK4P-MSP-PKM,15,1,long_duration_round_robin,10000,297,1.9947424998972565,1994.7424998972565,5013.178392958024,40.456346764723534
rp_ck15_d222,"CK15 random projection, d=222",15,2,long_duration_round_robin,10000,222,4.79469670006074,4794.69670006074,2085.637658764384,-1.1749422217235979
ck4_p,CK4+P,15,3,long_duration_round_robin,10000,147,1.1400615000166,1140.0615000166,8771.456627431411,31.048312774573144
ncp_anf,NCP+ANF,15,4,long_duration_round_robin,10000,300,0.6019780999049544,601.9780999049544,16611.900003636158,61.16214224762019
hash_k15_d222,"Hashed k=15, d=222",15,5,long_duration_round_robin,10000,222,3.063092399854213,3063.092399854213,3264.674614607103,4.916720194724753
ck4,CK4,15,6,long_duration_round_robin,10000,136,0.9144188000354916,914.4188000354916,10935.90814144664,33.00785196945289
ck4p_msp,CK4P-MSP,15,8,long_duration_round_robin,10000,222,1.2806257000193,1280.6257000193,7808.6828960634575,40.796533304536496
pseeiip,PseEIIP,15,9,long_duration_round_robin,10000,64,0.4614138000179082,461.4138000179082,21672.52041358946,28.40811705461396
minhash_k15_s222,"MinHash k=15, s=222",15,10,long_duration_round_robin,10000,222,2.958296900149435,2958.296900149435,3380.3233203181403,1.748589260189694e+19
ck4p_msp_pkm,CK4P-MSP-PKM,16,2,long_duration_round_robin,10000,297,2.1088947001844645,2108.8947001844645,4741.820442303403,40.456346764723534
ck4p_msp,CK4P-MSP,16,3,long_duration_round_robin,10000,222,1.2460213999729604,1246.0213999729604,8025.544344757648,40.796533304536496
rp_ck15_d222,"CK15 random projection, d=222",16,4,long_duration_round_robin,10000,222,4.575363600160927,4575.363600160927,2185.6186467122034,-1.2663992235272186
hash_k15_d222,"Hashed k=15, d=222",16,5,long_duration_round_robin,10000,222,2.806601900141686,2806.601900141686,3563.027588449637,4.916720194724753
ck4,CK4,16,6,long_duration_round_robin,10000,136,0.9996225999202579,999.6225999202579,10003.77542564336,33.00785196945289
ncp_anf,NCP+ANF,16,7,long_duration_round_robin,10000,300,0.6680352999828756,668.0352999828756,14969.268839919598,61.16214224762019
minhash_k15_s222,"MinHash k=15, s=222",16,8,long_duration_round_robin,10000,222,2.9957083999179304,2995.7083999179304,3338.1086090602003,1.7895140139548619e+19
pseeiip,PseEIIP,16,9,long_duration_round_robin,10000,64,0.47038890002295375,470.38890002295375,21259.005047763727,28.40811705461396
ck4_p,CK4+P,16,10,long_duration_round_robin,10000,147,1.1378313000313938,1137.8313000313938,8788.649072779146,31.048312774573144
hash_k15_d222,"Hashed k=15, d=222",17,1,long_duration_round_robin,10000,222,2.8641804000362754,2864.1804000362754,3491.400192485553,4.916720194724753
rp_ck15_d222,"CK15 random projection, d=222",17,2,long_duration_round_robin,10000,222,4.618912199977785,4618.912199977785,2165.0119264116115,1.1334134353799845
minhash_k15_s222,"MinHash k=15, s=222",17,3,long_duration_round_robin,10000,222,2.9076990000903606,2907.6990000903606,3439.1455235528974,2.6243919405730196e+18
pseeiip,PseEIIP,17,4,long_duration_round_robin,10000,64,0.43805829994380474,438.05829994380474,22828.011708219718,28.40811705461396
ck4_p,CK4+P,17,5,long_duration_round_robin,10000,147,1.1141212999355048,1114.1212999355048,8975.683348463843,31.048312774573144
ck4,CK4,17,6,long_duration_round_robin,10000,136,0.9180492998566478,918.0492998566478,10892.661212814482,33.00785196945289
ncp_anf,NCP+ANF,17,7,long_duration_round_robin,10000,300,0.6146436999551952,614.6436999551952,16269.588382226899,61.16214224762019
ck4p_msp,CK4P-MSP,17,9,long_duration_round_robin,10000,222,1.2450478998944163,1245.0478998944163,8031.819499352619,40.796533304536496
ck4p_msp_pkm,CK4P-MSP-PKM,17,10,long_duration_round_robin,10000,297,2.09648589999415,2096.48589999415,4769.886599298333,40.456346764723534
pseeiip,PseEIIP,18,1,long_duration_round_robin,10000,64,0.474487200146541,474.487200146541,21075.384113442033,28.40811705461396
minhash_k15_s222,"MinHash k=15, s=222",18,3,long_duration_round_robin,10000,222,2.899170899996534,2899.170899996534,3449.261994183218,1.1527893835608777e+19
hash_k15_d222,"Hashed k=15, d=222",18,4,long_duration_round_robin,10000,222,2.731673200149089,2731.673200149089,3660.7600057921354,4.916720194724753
ncp_anf,NCP+ANF,18,5,long_duration_round_robin,10000,300,0.6105053999926895,610.5053999926895,16379.871496828277,61.16214224762019
ck4p_msp_pkm,CK4P-MSP-PKM,18,6,long_duration_round_robin,10000,297,2.0197312000673264,2019.7312000673264,4951.153895957371,40.456346764723534
ck4p_msp,CK4P-MSP,18,7,long_duration_round_robin,10000,222,1.257450999924913,1257.450999924913,7952.596165255852,40.796533304536496
ck4,CK4,18,8,long_duration_round_robin,10000,136,0.8907441000919789,890.7441000919789,11226.568886583018,33.00785196945289
rp_ck15_d222,"CK15 random projection, d=222",18,9,long_duration_round_robin,10000,222,4.686288599856198,4686.288599856198,2133.8847975147874,-1.8386181222726707
ck4_p,CK4+P,18,10,long_duration_round_robin,10000,147,1.160867900121957,1160.867900121957,8614.244565595647,31.048312774573144
ck4p_msp_pkm,CK4P-MSP-PKM,19,1,long_duration_round_robin,10000,297,2.0283317000139505,2028.3317000139505,4930.160091631572,40.456346764723534
hash_k15_d222,"Hashed k=15, d=222",19,2,long_duration_round_robin,10000,222,2.7230604998767376,2723.0604998767376,3672.3385324904316,4.916720194724753
ck4p_msp,CK4P-MSP,19,3,long_duration_round_robin,10000,222,1.2814472001045942,1281.4472001045942,7803.676967091411,40.796533304536496
ck4,CK4,19,4,long_duration_round_robin,10000,136,0.873149799881503,873.149799881503,11452.78851504876,33.00785196945289
ck4_p,CK4+P,19,5,long_duration_round_robin,10000,147,1.1079347000923008,1107.9347000923008,9025.802693215504,31.048312774573144
pseeiip,PseEIIP,19,7,long_duration_round_robin,10000,64,0.4546942999586463,454.6942999586463,21992.7982402891,28.40811705461396
minhash_k15_s222,"MinHash k=15, s=222",19,8,long_duration_round_robin,10000,222,2.9114875998347998,2911.4875998347998,3434.670304131609,7.555232167912838e+18
rp_ck15_d222,"CK15 random projection, d=222",19,9,long_duration_round_robin,10000,222,4.738242200110108,4738.242200110108,2110.4873026050923,-2.359712280593606
ncp_anf,NCP+ANF,19,10,long_duration_round_robin,10000,300,0.6090206999797374,609.0206999797374,16419.803136958577,61.16214224762019
ncp_anf,NCP+ANF,20,1,long_duration_round_robin,10000,300,0.6086821001954377,608.6821001954377,16428.937201848334,61.16214224762019
ck4_p,CK4+P,20,2,long_duration_round_robin,10000,147,1.1009544001426548,1100.9544001426548,9083.02832406525,31.048312774573144
rp_ck15_d222,"CK15 random projection, d=222",20,3,long_duration_round_robin,10000,222,4.643232900183648,4643.232900183648,2153.671852127961,-1.6245869234517543
pseeiip,PseEIIP,20,4,long_duration_round_robin,10000,64,0.4535043998621404,453.5043998621404,22050.502714063794,28.40811705461396
minhash_k15_s222,"MinHash k=15, s=222",20,5,long_duration_round_robin,10000,222,2.9326082000043243,2932.6082000043243,3409.9338602358316,5.38804562347113e+18
ck4p_msp,CK4P-MSP,20,6,long_duration_round_robin,10000,222,1.3428025001194328,1342.8025001194328,7447.111544036126,40.796533304536496
hash_k15_d222,"Hashed k=15, d=222",20,8,long_duration_round_robin,10000,222,2.7711471000220627,2771.1471000220627,3608.613920177815,4.916720194724753
ck4p_msp_pkm,CK4P-MSP-PKM,20,9,long_duration_round_robin,10000,297,2.0053809001110494,2005.3809001110494,4986.583845216758,40.456346764723534
ck4,CK4,20,10,long_duration_round_robin,10000,136,0.8706881999969482,870.6881999969482,11485.167709904705,33.00785196945289
ck4p_msp,CK4P-MSP,21,1,long_duration_round_robin,10000,222,1.2598156998865306,1259.8156998865306,7937.668978804346,40.796533304536496
ck4,CK4,21,2,long_duration_round_robin,10000,136,0.8725062001030892,872.5062001030892,11461.236606477376,33.00785196945289
rp_ck15_d222,"CK15 random projection, d=222",21,4,long_duration_round_robin,10000,222,4.671199799980968,4671.199799980968,2140.777622066336,-4.979991955005386
ck4p_msp_pkm,CK4P-MSP-PKM,21,5,long_duration_round_robin,10000,297,2.26798849995248,2267.98849995248,4409.193432951501,40.456346764723534
ncp_anf,NCP+ANF,21,6,long_duration_round_robin,10000,300,0.596253699855879,596.253699855879,16771.3843996559,61.16214224762019
hash_k15_d222,"Hashed k=15, d=222",21,7,long_duration_round_robin,10000,222,2.9368606000207365,2936.8606000207365,3404.996478188101,4.916720194724753
ck4_p,CK4+P,21,8,long_duration_round_robin,10000,147,1.0791278001852334,1079.1278001852334,9266.743010682785,31.048312774573144
minhash_k15_s222,"MinHash k=15, s=222",21,9,long_duration_round_robin,10000,222,2.9194111998658627,2919.4111998658627,3425.3482347603062,7.20975434100505e+18
pseeiip,PseEIIP,21,10,long_duration_round_robin,10000,64,0.4628190000075847,462.8190000075847,21606.71882493182,28.40811705461396
ck4,CK4,22,1,long_duration_round_robin,10000,136,0.890965900151059,890.965900151059,11223.77410662355,33.00785196945289
ck4_p,CK4+P,22,2,long_duration_round_robin,10000,147,1.1032053001690656,1103.2053001690656,9064.495972297727,31.048312774573144
rp_ck15_d222,"CK15 random projection, d=222",22,3,long_duration_round_robin,10000,222,4.697517799912021,4697.517799912021,2128.783844137278,-2.6087823870945726
ncp_anf,NCP+ANF,22,4,long_duration_round_robin,10000,300,0.605164100183174,605.164100183174,16524.44353023114,61.16214224762019
ck4p_msp_pkm,CK4P-MSP-PKM,22,5,long_duration_round_robin,10000,297,2.015752899926156,2015.7528999261558,4960.925518383893,40.456346764723534
ck4p_msp,CK4P-MSP,22,6,long_duration_round_robin,10000,222,1.2381994999013841,1238.1994999013841,8076.242964721312,40.796533304536496
pseeiip,PseEIIP,22,7,long_duration_round_robin,10000,64,0.4944186001084745,494.4186001084745,20225.776291195394,28.40811705461396
hash_k15_d222,"Hashed k=15, d=222",22,8,long_duration_round_robin,10000,222,2.79907129984349,2799.07129984349,3572.6135309804895,4.916720194724753
minhash_k15_s222,"MinHash k=15, s=222",22,10,long_duration_round_robin,10000,222,2.954300899989903,2954.300899989903,3384.8955602437713,1.636600488576367e+19
rp_ck15_d222,"CK15 random projection, d=222",23,1,long_duration_round_robin,10000,222,4.701813300140202,4701.813300140202,2126.8390218092695,4.267802774687498
ck4p_msp_pkm,CK4P-MSP-PKM,23,2,long_duration_round_robin,10000,297,2.099774800008163,2099.774800008163,4762.415474250441,40.456346764723534
ck4,CK4,23,3,long_duration_round_robin,10000,136,0.8977359998971224,897.7359998971224,11139.132218320272,33.00785196945289
ncp_anf,NCP+ANF,23,4,long_duration_round_robin,10000,300,0.6138331999536604,613.8331999536604,16291.070604774917,61.16214224762019
ck4p_msp,CK4P-MSP,23,5,long_duration_round_robin,10000,222,1.2608841001056135,1260.8841001056135,7930.9430574645085,40.796533304536496
hash_k15_d222,"Hashed k=15, d=222",23,7,long_duration_round_robin,10000,222,2.8032091001514345,2803.2091001514345,3567.340017360739,4.916720194724753
ck4_p,CK4+P,23,8,long_duration_round_robin,10000,147,1.2784849999006838,1278.4849999006838,7821.75778423433,31.048312774573144
minhash_k15_s222,"MinHash k=15, s=222",23,9,long_duration_round_robin,10000,222,2.887371299788356,2887.371299788356,3463.3578302634646,5.520307697750002e+18
pseeiip,PseEIIP,23,10,long_duration_round_robin,10000,64,0.480657699983567,480.657699983567,20804.82638755581,28.40811705461396
pseeiip,PseEIIP,24,1,long_duration_round_robin,10000,64,0.47901290003210306,479.01290003210306,20876.264500037072,28.40811705461396
minhash_k15_s222,"MinHash k=15, s=222",24,2,long_duration_round_robin,10000,222,2.9031586998607963,2903.1586998607963,3444.524062869691,1.0004492052765936e+19
hash_k15_d222,"Hashed k=15, d=222",24,3,long_duration_round_robin,10000,222,2.7961205998435616,2796.1205998435616,3576.383651177093,4.916720194724753
ck4,CK4,24,4,long_duration_round_robin,10000,136,0.9660800001583993,966.0800001583993,10351.109637256119,33.00785196945289
ck4p_msp_pkm,CK4P-MSP-PKM,24,5,long_duration_round_robin,10000,297,2.0999509999528527,2099.9509999528527,4762.015875715441,40.456346764723534
rp_ck15_d222,"CK15 random projection, d=222",24,7,long_duration_round_robin,10000,222,4.916142100002617,4916.142100002617,2034.11532795089,1.7183862873041253
ncp_anf,NCP+ANF,24,8,long_duration_round_robin,10000,300,0.6026664001401514,602.6664001401514,16592.927692126985,61.16214224762019
ck4p_msp,CK4P-MSP,24,9,long_duration_round_robin,10000,222,1.2840567000675946,1284.0567000675946,7787.818092046547,40.796533304536496
ck4_p,CK4+P,24,10,long_duration_round_robin,10000,147,1.126562099903822,1126.562099903822,8876.563485362885,31.048312774573144
ck4p_msp,CK4P-MSP,25,1,long_duration_round_robin,10000,222,1.2349014000501484,1234.9014000501484,8097.812505187789,40.796533304536496
ck4_p,CK4+P,25,3,long_duration_round_robin,10000,147,1.133311799960211,1133.311799960211,8823.697062318672,31.048312774573144
minhash_k15_s222,"MinHash k=15, s=222",25,4,long_duration_round_robin,10000,222,2.888891800073907,2888.891800073907,3461.5349732877394,8.097824463757371e+18
rp_ck15_d222,"CK15 random projection, d=222",25,5,long_duration_round_robin,10000,222,4.752047499874607,4752.047499874607,2104.356069728653,-1.972800468413791
pseeiip,PseEIIP,25,6,long_duration_round_robin,10000,64,0.5295278998091817,529.5278998091817,18884.74621186826,28.40811705461396
ncp_anf,NCP+ANF,25,7,long_duration_round_robin,10000,300,0.594596000155434,594.596000155434,16818.14206181321,61.16214224762019
ck4,CK4,25,8,long_duration_round_robin,10000,136,1.294913399964571,1294.913399964571,7722.524147385919,33.00785196945289
ck4p_msp_pkm,CK4P-MSP-PKM,25,9,long_duration_round_robin,10000,297,2.2909687000792474,2290.9687000792474,4364.965789211388,40.456346764723534
hash_k15_d222,"Hashed k=15, d=222",25,10,long_duration_round_robin,10000,222,3.015257300110534,3015.257300110534,3316.466558138643,4.916720194724753
hash_k15_d222,"Hashed k=15, d=222",26,1,long_duration_round_robin,10000,222,2.9388222000561655,2938.8222000561655,3402.7237169396926,4.916720194724753
pseeiip,PseEIIP,26,2,long_duration_round_robin,10000,64,0.5204094999935478,520.4094999935478,19215.636916935575,28.40811705461396
minhash_k15_s222,"MinHash k=15, s=222",26,3,long_duration_round_robin,10000,222,3.1352740000002086,3135.2740000002086,3189.5138989445054,1.0452091646342115e+19
ck4,CK4,26,4,long_duration_round_robin,10000,136,1.1008867998607457,1100.8867998607457,9083.5860701254,33.00785196945289
rp_ck15_d222,"CK15 random projection, d=222",26,5,long_duration_round_robin,10000,222,5.032624999992549,5032.624999992549,1987.034599242901,-0.05304996226868974
ck4p_msp_pkm,CK4P-MSP-PKM,26,6,long_duration_round_robin,10000,297,2.0515699998941272,2051.5699998941272,4874.31576817562,40.456346764723534
ck4_p,CK4+P,26,7,long_duration_round_robin,10000,147,1.042505499906838,1042.505499906838,9592.275533216502,31.048312774573144
ck4p_msp,CK4P-MSP,26,8,long_duration_round_robin,10000,222,1.259000499965623,1259.000499965623,7942.8086011666,40.796533304536496
ncp_anf,NCP+ANF,26,9,long_duration_round_robin,10000,300,0.613979599904269,613.979599904269,16287.186091458396,61.16214224762019
hash_k15_d222,"Hashed k=15, d=222",27,1,long_duration_round_robin,10000,222,2.793580000055954,2793.580000055954,3579.636165708412,4.916720194724753
ck4p_msp_pkm,CK4P-MSP-PKM,27,2,long_duration_round_robin,10000,297,1.9385265000164509,1938.5265000164509,5158.557285605916,40.456346764723534
ck4p_msp,CK4P-MSP,27,3,long_duration_round_robin,10000,222,1.3101832999382168,1310.1832999382168,7632.519816480306,40.796533304536496
pseeiip,PseEIIP,27,4,long_duration_round_robin,10000,64,0.4806413999758661,480.6413999758661,20805.531942321486,28.40811705461396
ck4_p,CK4+P,27,7,long_duration_round_robin,10000,147,1.293455099919811,1293.455099919811,7731.230871964524,31.048312774573144
ck4,CK4,27,8,long_duration_round_robin,10000,136,0.9291528000030667,929.1528000030667,10762.492455457268,33.00785196945289
minhash_k15_s222,"MinHash k=15, s=222",27,9,long_duration_round_robin,10000,222,2.836494700051844,2836.494700051844,3525.4781191084985,1.1617624963510522e+19
ncp_anf,NCP+ANF,27,10,long_duration_round_robin,10000,300,0.6385152000002563,638.5152000002563,15661.334295559425,61.16214224762019
ck4p_msp_pkm,CK4P-MSP-PKM,28,1,long_duration_round_robin,10000,297,2.0096456999890506,2009.6456999890506,4976.001491235238,40.456346764723534
ck4p_msp,CK4P-MSP,28,2,long_duration_round_robin,10000,222,1.2598987000528723,1259.8987000528723,7937.146057520613,40.796533304536496
ck4,CK4,28,3,long_duration_round_robin,10000,136,0.9018327000085264,901.8327000085264,11088.531165376298,33.00785196945289
ncp_anf,NCP+ANF,28,5,long_duration_round_robin,10000,300,0.6055884000379592,605.5884000379592,16512.865833251075,61.16214224762019
pseeiip,PseEIIP,28,6,long_duration_round_robin,10000,64,0.4697493000421673,469.7493000421673,21287.950826328735,28.40811705461396
minhash_k15_s222,"MinHash k=15, s=222",28,7,long_duration_round_robin,10000,222,2.800129200099036,2800.129200099036,3571.263782987698,1.2623761476179177e+19
ck4_p,CK4+P,28,9,long_duration_round_robin,10000,147,1.0211066000629216,1021.1066000629216,9793.296801121243,31.048312774573144
hash_k15_d222,"Hashed k=15, d=222",28,10,long_duration_round_robin,10000,222,2.707153799943626,2707.153799943626,3693.9164668842386,4.916720194724753
minhash_k15_s222,"MinHash k=15, s=222",29,1,long_duration_round_robin,10000,222,2.84578669979237,2845.78669979237,3513.966805990626,1.7188634500806568e+19
ck4p_msp,CK4P-MSP,29,4,long_duration_round_robin,10000,222,1.219259399920702,1219.259399920702,8201.700147360258,40.796533304536496
ck4_p,CK4+P,29,5,long_duration_round_robin,10000,147,1.0389511999674141,1038.9511999674141,9625.09114991507,31.048312774573144
ck4,CK4,29,6,long_duration_round_robin,10000,136,0.8628430000972003,862.8430000972003,11589.593934091705,33.00785196945289
hash_k15_d222,"Hashed k=15, d=222",29,7,long_duration_round_robin,10000,222,2.6771150999702513,2677.1150999702513,3735.364235968458,4.916720194724753
ck4p_msp_pkm,CK4P-MSP-PKM,29,8,long_duration_round_robin,10000,297,1.9547365000471473,1954.7365000471473,5115.779031986564,40.456346764723534
pseeiip,PseEIIP,29,9,long_duration_round_robin,10000,64,0.47470580018125474,474.70580018125474,21065.678987241667,28.40811705461396
ncp_anf,NCP+ANF,29,10,long_duration_round_robin,10000,300,0.6528688999824226,652.8688999824226,15317.010812230807,61.16214224762019
ck4p_msp_pkm,CK4P-MSP-PKM,30,1,long_duration_round_robin,10000,297,2.4751856999937445,2475.1856999937445,4040.10091041867,40.456346764723534
hash_k15_d222,"Hashed k=15, d=222",30,2,long_duration_round_robin,10000,222,2.8687194001395255,2868.7194001395255,3485.8759624638196,4.916720194724753
ncp_anf,NCP+ANF,30,3,long_duration_round_robin,10000,300,0.5918624999467283,591.8624999467283,16895.81617504077,61.16214224762019
minhash_k15_s222,"MinHash k=15, s=222",30,4,long_duration_round_robin,10000,222,2.8847934999503195,2884.7934999503195,3466.4526248316265,1.7207928970362405e+19
ck4p_msp,CK4P-MSP,30,6,long_duration_round_robin,10000,222,1.2152861000504345,1215.2861000504345,8228.515079358678,40.796533304536496
ck4,CK4,30,7,long_duration_round_robin,10000,136,0.894122299971059,894.122299971059,11184.152324937742,33.00785196945289
pseeiip,PseEIIP,30,8,long_duration_round_robin,10000,64,0.4685837000142783,468.5837000142783,21340.904516514955,28.40811705461396
ck4_p,CK4+P,30,10,long_duration_round_robin,10000,147,1.0986949000507593,1098.6949000507593,9101.707853142854,31.048312774573144
hash_k15_d222,"Hashed k=15, d=222",31,1,long_duration_round_robin,10000,222,2.7821498000994325,2782.1498000994325,3594.342763154811,4.916720194724753
pseeiip,PseEIIP,31,2,long_duration_round_robin,10000,64,0.4571348000317812,457.1348000317812,21875.38555214955,28.40811705461396
ck4p_msp,CK4P-MSP,31,3,long_duration_round_robin,10000,222,1.1962270999792963,1196.2270999792963,8359.61666490675,40.796533304536496
minhash_k15_s222,"MinHash k=15, s=222",31,5,long_duration_round_robin,10000,222,3.4136386001482606,3413.6386001482606,2929.4255108217026,1.76906644974368e+19
ck4,CK4,31,7,long_duration_round_robin,10000,136,0.9482275999616832,948.2275999616832,10545.991279313204,33.00785196945289
ck4p_msp_pkm,CK4P-MSP-PKM,31,8,long_duration_round_robin,10000,297,2.0272356001660228,2027.2356001660228,4932.825764889409,40.456346764723534
ck4_p,CK4+P,31,9,long_duration_round_robin,10000,147,1.1140388001222163,1114.0388001222163,8976.348040035,31.048312774573144
ncp_anf,NCP+ANF,31,10,long_duration_round_robin,10000,300,0.5937714001629502,593.7714001629502,16841.498255482962,61.16214224762019
ck4,CK4,32,1,long_duration_round_robin,10000,136,0.8806469000410289,880.6469000410289,11355.288935365701,33.00785196945289
ck4p_msp_pkm,CK4P-MSP-PKM,32,2,long_duration_round_robin,10000,297,2.0298421001061797,2029.8421001061797,4926.491572658241,40.456346764723534
ck4_p,CK4+P,32,3,long_duration_round_robin,10000,147,1.079005700070411,1079.005700070411,9267.791633860179,31.048312774573144
hash_k15_d222,"Hashed k=15, d=222",32,4,long_duration_round_robin,10000,222,2.9684133999980986,2968.4133999980986,3368.8030110652394,4.916720194724753
ncp_anf,NCP+ANF,32,5,long_duration_round_robin,10000,300,0.5999708001036197,599.9708001036197,16667.47781437517,61.16214224762019
ck4p_msp,CK4P-MSP,32,6,long_duration_round_robin,10000,222,1.483437499962747,1483.437499962747,6741.099642048368,40.796533304536496
minhash_k15_s222,"MinHash k=15, s=222",32,9,long_duration_round_robin,10000,222,2.8873334999661893,2887.3334999661893,3463.403171167134,1.8341180609677627e+19
pseeiip,PseEIIP,32,10,long_duration_round_robin,10000,64,0.4615727998316288,461.5727998316288,21665.054794493462,28.40811705461396
pseeiip,PseEIIP,33,1,long_duration_round_robin,10000,64,0.4565059000160545,456.5059000160545,21905.521921290212,28.40811705461396
minhash_k15_s222,"MinHash k=15, s=222",33,2,long_duration_round_robin,10000,222,2.861675600055605,2861.675600055605,3494.4561849727797,4.4971837522212644e+18
ck4p_msp_pkm,CK4P-MSP-PKM,33,3,long_duration_round_robin,10000,297,1.9946024999953806,1994.6024999953806,5013.530264813746,40.456346764723534
ncp_anf,NCP+ANF,33,5,long_duration_round_robin,10000,300,0.6168317999690771,616.8317999690771,16211.87493981555,61.16214224762019
hash_k15_d222,"Hashed k=15, d=222",33,6,long_duration_round_robin,10000,222,2.8409816999919713,2840.9816999919713,3519.910036741265,4.916720194724753
ck4,CK4,33,8,long_duration_round_robin,10000,136,0.9724039998836815,972.4039998836815,10283.791511754574,33.00785196945289
ck4p_msp,CK4P-MSP,33,9,long_duration_round_robin,10000,222,1.3326681000180542,1332.6681000180542,7503.743805276442,40.796533304536496
ck4_p,CK4+P,33,10,long_duration_round_robin,10000,147,1.2656354000791907,1265.6354000791907,7901.169641252371,31.048312774573144
pseeiip,PseEIIP,34,1,long_duration_round_robin,10000,64,0.4735755999572575,473.5755999572575,21115.95276636412,28.40811705461396
ck4_p,CK4+P,34,3,long_duration_round_robin,10000,147,1.129994599847123,1129.994599847123,8849.599813444152,31.048312774573144
hash_k15_d222,"Hashed k=15, d=222",34,4,long_duration_round_robin,10000,222,2.9180258999112993,2918.0258999112993,3426.9743802835933,4.916720194724753
ck4,CK4,34,5,long_duration_round_robin,10000,136,1.0092513000126928,1009.2513000126928,9908.335020102759,33.00785196945289
ck4p_msp_pkm,CK4P-MSP-PKM,34,6,long_duration_round_robin,10000,297,2.2597650999668986,2259.7650999668986,4425.23871182296,40.456346764723534
ncp_anf,NCP+ANF,34,8,long_duration_round_robin,10000,300,0.6560122999362648,656.0122999362648,15243.616622693744,61.16214224762019
ck4p_msp,CK4P-MSP,34,9,long_duration_round_robin,10000,222,1.3839711998589337,1383.9711998589337,7225.583885719072,40.796533304536496
minhash_k15_s222,"MinHash k=15, s=222",34,10,long_duration_round_robin,10000,222,3.185639899922535,3185.639899922535,3139.0867499629103,2.2901674817681661e+18
pseeiip,PseEIIP,35,2,long_duration_round_robin,10000,64,0.46556150005199015,465.56150005199015,21479.4393412756,28.40811705461396
ck4p_msp,CK4P-MSP,35,3,long_duration_round_robin,10000,222,1.3191941999830306,1319.1941999830306,7580.385056368983,40.796533304536496
ck4,CK4,35,5,long_duration_round_robin,10000,136,1.0102415999863297,1010.2415999863297,9898.622270291897,33.00785196945289
ck4p_msp_pkm,CK4P-MSP-PKM,35,6,long_duration_round_robin,10000,297,2.039212299976498,2039.212299976498,4903.854297129951,40.456346764723534
ck4_p,CK4+P,35,7,long_duration_round_robin,10000,147,1.0557481998112053,1055.7481998112053,9471.955530483741,31.048312774573144
ncp_anf,NCP+ANF,35,8,long_duration_round_robin,10000,300,0.6830762999597937,683.0762999597937,14639.652994238866,61.16214224762019
minhash_k15_s222,"MinHash k=15, s=222",35,9,long_duration_round_robin,10000,222,3.2335753000807017,3233.5753000807017,3092.5520737835996,1.452626304227732e+19
hash_k15_d222,"Hashed k=15, d=222",35,10,long_duration_round_robin,10000,222,2.8889287998899817,2888.9287998899817,3461.4906398457542,4.916720194724753
ck4_p,CK4+P,36,2,long_duration_round_robin,10000,147,1.0898619999643415,1089.8619999643415,9175.47359236966,31.048312774573144
hash_k15_d222,"Hashed k=15, d=222",36,3,long_duration_round_robin,10000,222,2.8760148999281228,2876.0148999281228,3477.033446610419,4.916720194724753
ck4p_msp_pkm,CK4P-MSP-PKM,36,4,long_duration_round_robin,10000,297,2.0742828000802547,2074.2828000802547,4820.943412158215,40.456346764723534
pseeiip,PseEIIP,36,6,long_duration_round_robin,10000,64,0.49745650007389486,497.45650007389486,20102.26019463922,28.40811705461396
ncp_anf,NCP+ANF,36,7,long_duration_round_robin,10000,300,0.64767189999111,647.67189999111,15439.916414680429,61.16214224762019
minhash_k15_s222,"MinHash k=15, s=222",36,8,long_duration_round_robin,10000,222,3.125750199891627,3125.750199891627,3199.2319796849765,8.70903415613521e+17
ck4,CK4,36,9,long_duration_round_robin,10000,136,1.0447690999135375,1044.7690999135375,9571.492878979265,33.00785196945289
ck4p_msp,CK4P-MSP,36,10,long_duration_round_robin,10000,222,1.3558307001367211,1355.8307001367211,7375.5521238688625,40.796533304536496
hash_k15_d222,"Hashed k=15, d=222",37,2,long_duration_round_robin,10000,222,2.949924699962139,2949.924699962139,3389.917037586873,4.916720194724753
ck4,CK4,37,3,long_duration_round_robin,10000,136,0.9729067999869585,972.9067999869585,10278.476828545186,33.00785196945289
pseeiip,PseEIIP,37,4,long_duration_round_robin,10000,64,0.5013963000383228,501.3963000383228,19944.303536415562,28.40811705461396
ck4_p,CK4+P,37,5,long_duration_round_robin,10000,147,1.2299843998625875,1229.9843998625875,8130.184416255352,31.048312774573144
ck4p_msp_pkm,CK4P-MSP-PKM,37,6,long_duration_round_robin,10000,297,2.1053742000367492,2105.3742000367492,4749.749474381063,40.456346764723534
ck4p_msp,CK4P-MSP,37,7,long_duration_round_robin,10000,222,1.3620900998357683,1362.0900998357683,7341.658236269196,40.796533304536496
minhash_k15_s222,"MinHash k=15, s=222",37,9,long_duration_round_robin,10000,222,3.299925599945709,3299.925599945709,3030.371351452445,1.15679078203443e+19
ncp_anf,NCP+ANF,37,10,long_duration_round_robin,10000,300,0.637517899973318,637.517899973318,15685.83407684479,61.16214224762019
pseeiip,PseEIIP,38,1,long_duration_round_robin,10000,64,0.46559049980714917,465.5904998071492,21478.101473595507,28.40811705461396
ck4p_msp_pkm,CK4P-MSP-PKM,38,2,long_duration_round_robin,10000,297,2.2784392999019474,2278.4392999019474,4388.969238912948,40.456346764723534
ck4,CK4,38,4,long_duration_round_robin,10000,136,1.1260724000167102,1126.0724000167102,8880.423674225216,33.00785196945289
ck4_p,CK4+P,38,5,long_duration_round_robin,10000,147,1.2993885001633316,1299.3885001633316,7695.927737349539,31.048312774573144
ncp_anf,NCP+ANF,38,6,long_duration_round_robin,10000,300,0.5786633000243455,578.6633000243455,17281.206531638138,61.16214224762019
minhash_k15_s222,"MinHash k=15, s=222",38,7,long_duration_round_robin,10000,222,2.861063400050625,2861.063400050625,3495.203916076468,1.3675650215555156e+19
hash_k15_d222,"Hashed k=15, d=222",38,8,long_duration_round_robin,10000,222,3.0429826001636684,3042.9826001636684,3286.249484128547,4.916720194724753
ck4p_msp,CK4P-MSP,38,10,long_duration_round_robin,10000,222,1.4586736999917775,1458.6736999917775,6855.542812663565,40.796533304536496
pseeiip,PseEIIP,39,1,long_duration_round_robin,10000,64,0.6174834999255836,617.4834999255836,16194.764720361201,28.40811705461396
ncp_anf,NCP+ANF,39,3,long_duration_round_robin,10000,300,0.6976498998701572,697.6498998701572,14333.837074815241,61.16214224762019
ck4p_msp,CK4P-MSP,39,4,long_duration_round_robin,10000,222,1.5284416999202222,1528.4416999202222,6542.611341029204,40.796533304536496
minhash_k15_s222,"MinHash k=15, s=222",39,5,long_duration_round_robin,10000,222,3.4253265999723226,3425.3265999723226,2919.429639229381,7.023856533028388e+18
ck4,CK4,39,6,long_duration_round_robin,10000,136,1.1353559999261051,1135.3559999261051,8807.810061910846,33.00785196945289
ck4p_msp_pkm,CK4P-MSP-PKM,39,7,long_duration_round_robin,10000,297,3.5724655999802053,3572.4655999802053,2799.1872056249917,40.456346764723534
hash_k15_d222,"Hashed k=15, d=222",39,9,long_duration_round_robin,10000,222,5.657233400037512,5657.233400037512,1767.6484763619071,4.916720194724753
ck4_p,CK4+P,39,10,long_duration_round_robin,10000,147,2.727011799812317,2727.011799812317,3667.017502706896,31.048312774573144
pseeiip,PseEIIP,40,1,long_duration_round_robin,10000,64,0.899037400027737,899.037400027737,11123.007785539823,28.40811705461396
ck4p_msp,CK4P-MSP,40,2,long_duration_round_robin,10000,222,3.046236400026828,3046.236400026828,3282.7393172479756,40.796533304536496
ck4p_msp_pkm,CK4P-MSP-PKM,40,3,long_duration_round_robin,10000,297,4.974823999917135,4974.823999917135,2010.1213631209002,40.456346764723534
ncp_anf,NCP+ANF,40,4,long_duration_round_robin,10000,300,1.1429920000955462,1142.9920000955462,8748.967621089272,61.16214224762019
ck4_p,CK4+P,40,5,long_duration_round_robin,10000,147,2.79428520007059,2794.28520007059,3578.7327649115336,31.048312774573144
hash_k15_d222,"Hashed k=15, d=222",40,6,long_duration_round_robin,10000,222,5.338567099999636,5338.567099999636,1873.1618077818448,4.916720194724753
minhash_k15_s222,"MinHash k=15, s=222",40,8,long_duration_round_robin,10000,222,4.879959200043231,4879.959200043231,2049.1974604852044,5.143960359144982e+18
ck4,CK4,40,10,long_duration_round_robin,10000,136,2.1752487998455763,2175.2487998455763,4597.17527517308,33.00785196945289
ck4p_msp,CK4P-MSP,41,2,long_duration_round_robin,10000,222,2.8995234998874366,2899.5234998874366,3448.842542710281,40.796533304536496
ck4_p,CK4+P,41,3,long_duration_round_robin,10000,147,2.7042900000233203,2704.2900000233203,3697.8282654278073,31.048312774573144
pseeiip,PseEIIP,41,4,long_duration_round_robin,10000,64,0.7568346001207829,756.8346001207829,13212.926573922632,28.40811705461396
ncp_anf,NCP+ANF,41,6,long_duration_round_robin,10000,300,0.6484109999146312,648.4109999146312,15422.317020094637,61.16214224762019
ck4p_msp_pkm,CK4P-MSP-PKM,41,7,long_duration_round_robin,10000,297,3.381299400003627,3381.299400003627,2957.442928594041,40.456346764723534
ck4,CK4,41,9,long_duration_round_robin,10000,136,2.1475394999142736,2147.5394999142736,4656.491766693551,33.00785196945289
ck4,CK4,42,1,long_duration_round_robin,10000,136,2.2502027000300586,2250.2027000300586,4444.044085391249,33.00785196945289
ncp_anf,NCP+ANF,42,3,long_duration_round_robin,10000,300,1.0901692998595536,1090.1692998595536,9172.887184851288,61.16214224762019
ck4p_msp_pkm,CK4P-MSP-PKM,42,5,long_duration_round_robin,10000,297,4.99452680000104,4994.52680000104,2002.1916790991927,40.456346764723534
ck4_p,CK4+P,42,6,long_duration_round_robin,10000,147,2.714532000012696,2714.532000012696,3683.8762629997473,31.048312774573144
ck4p_msp,CK4P-MSP,42,7,long_duration_round_robin,10000,222,3.0394520999398082,3039.4520999398082,3290.0666538545006,40.796533304536496
pseeiip,PseEIIP,42,9,long_duration_round_robin,10000,64,0.8303034999407828,830.3034999407828,12043.78880820471,28.40811705461396
ck4,CK4,43,1,long_duration_round_robin,10000,136,2.3881771001033485,2388.1771001033485,4187.294149821321,33.00785196945289
ck4p_msp,CK4P-MSP,43,3,long_duration_round_robin,10000,222,3.141195099800825,3141.195099800825,3183.501719022188,40.796533304536496
pseeiip,PseEIIP,43,4,long_duration_round_robin,10000,64,0.9193628998473287,919.3628998473287,10877.09760929076,28.40811705461396
ck4p_msp_pkm,CK4P-MSP-PKM,43,5,long_duration_round_robin,10000,297,4.977488199947402,4977.488199947402,2009.0454458748234,40.456346764723534
ncp_anf,NCP+ANF,43,6,long_duration_round_robin,10000,300,1.0403684000484645,1040.3684000484645,9611.97975595391,61.16214224762019
ck4_p,CK4+P,43,10,long_duration_round_robin,10000,147,2.7770122999791056,2777.0122999791056,3600.9923326861895,31.048312774573144
ck4_p,CK4+P,44,1,long_duration_round_robin,10000,147,2.806091499980539,2806.091499980539,3563.6756677639887,31.048312774573144
ncp_anf,NCP+ANF,44,3,long_duration_round_robin,10000,300,1.0556828000117093,1055.6828000117093,9472.542320372258,61.16214224762019
ck4,CK4,44,4,long_duration_round_robin,10000,136,2.2049134999979287,2204.9134999979287,4535.3253086841705,33.00785196945289
ck4p_msp_pkm,CK4P-MSP-PKM,44,6,long_duration_round_robin,10000,297,4.866722700186074,4866.722700186074,2054.770862456918,40.456346764723534
ck4p_msp,CK4P-MSP,44,7,long_duration_round_robin,10000,222,3.0021339000668377,3002.1339000668377,3330.9640185527255,40.796533304536496
pseeiip,PseEIIP,44,8,long_duration_round_robin,10000,64,0.8914673000108451,891.4673000108451,11217.461369450506,28.40811705461396
ck4_p,CK4+P,45,1,long_duration_round_robin,10000,147,2.733320500003174,2733.320500003174,3658.5537627176864,31.048312774573144
pseeiip,PseEIIP,45,6,long_duration_round_robin,10000,64,0.8810169999487698,881.0169999487698,11350.518776120653,28.40811705461396
ncp_anf,NCP+ANF,45,7,long_duration_round_robin,10000,300,1.048160099890083,1048.160099890083,9540.527254422932,61.16214224762019
ck4,CK4,45,8,long_duration_round_robin,10000,136,2.1452900001313537,2145.2900001313537,4661.374452585763,33.00785196945289
ck4p_msp_pkm,CK4P-MSP-PKM,45,9,long_duration_round_robin,10000,297,4.805923799984157,4805.923799984157,2080.765408730152,40.456346764723534
ck4p_msp,CK4P-MSP,45,10,long_duration_round_robin,10000,222,3.136691600084305,3136.691600084305,3188.0724262886506,40.796533304536496
pseeiip,PseEIIP,46,1,long_duration_round_robin,10000,64,0.8372782999649644,837.2782999649644,11943.460137947497,28.40811705461396
ck4_p,CK4+P,46,3,long_duration_round_robin,10000,147,2.84969580010511,2849.69580010511,3509.146484909426,31.048312774573144
ck4p_msp,CK4P-MSP,46,5,long_duration_round_robin,10000,222,2.9762025999370962,2976.2025999370962,3359.9863128307716,40.796533304536496
ck4,CK4,46,6,long_duration_round_robin,10000,136,2.1252894999925047,2125.2894999925047,4705.241333020874,33.00785196945289
ncp_anf,NCP+ANF,46,8,long_duration_round_robin,10000,300,1.0587265999056399,1058.72659990564,9445.30911086135,61.16214224762019
ck4p_msp_pkm,CK4P-MSP-PKM,46,9,long_duration_round_robin,10000,297,5.095710099907592,5095.710099907592,1962.4350294537644,40.456346764723534
pseeiip,PseEIIP,47,2,long_duration_round_robin,10000,64,0.840759800048545,840.759800048545,11894.003494722994,28.40811705461396
ck4p_msp_pkm,CK4P-MSP-PKM,47,6,long_duration_round_robin,10000,297,4.735165799967945,4735.165799967945,2111.8584696797093,40.456346764723534
ck4_p,CK4+P,47,7,long_duration_round_robin,10000,147,2.7886004999745637,2788.6004999745637,3586.028188724493,31.048312774573144
ck4p_msp,CK4P-MSP,47,8,long_duration_round_robin,10000,222,3.013509100070223,3013.509100070223,3318.3905101753207,40.796533304536496
ncp_anf,NCP+ANF,47,9,long_duration_round_robin,10000,300,1.0960175001528114,1096.0175001528114,9123.941906589775,61.16214224762019
ck4,CK4,47,10,long_duration_round_robin,10000,136,2.306514900177717,2306.514900177717,4335.545371603495,33.00785196945289
ck4,CK4,48,3,long_duration_round_robin,10000,136,2.2863238998688757,2286.3238998688757,4373.833471527598,33.00785196945289
ck4_p,CK4+P,48,4,long_duration_round_robin,10000,147,2.7993342999834567,2799.3342999834567,3572.27788051577,31.048312774573144
ck4p_msp,CK4P-MSP,48,6,long_duration_round_robin,10000,222,3.057030700147152,3057.030700147152,3271.148045558929,40.796533304536496
ncp_anf,NCP+ANF,48,9,long_duration_round_robin,10000,300,1.1550500001758337,1155.0500001758337,8657.63386734574,61.16214224762019
pseeiip,PseEIIP,48,10,long_duration_round_robin,10000,64,0.8735512001439929,873.5512001439929,11447.525913022198,28.40811705461396
ck4p_msp,CK4P-MSP,49,3,long_duration_round_robin,10000,222,3.1234150999225676,3123.4150999225676,3201.623761199051,40.796533304536496
pseeiip,PseEIIP,49,6,long_duration_round_robin,10000,64,0.9119996000081301,911.9996000081301,10964.91708977817,28.40811705461396
ck4_p,CK4+P,49,7,long_duration_round_robin,10000,147,2.7831403999589384,2783.1403999589384,3593.063433000914,31.048312774573144
ncp_anf,NCP+ANF,49,8,long_duration_round_robin,10000,300,1.1353555999230593,1135.3555999230593,8807.813165036292,61.16214224762019
ck4,CK4,49,10,long_duration_round_robin,10000,136,2.4671211999375373,2467.1211999375373,4053.307150152648,33.00785196945289
ck4_p,CK4+P,50,1,long_duration_round_robin,10000,147,2.9789150001015514,2978.9150001015514,3356.9269346923625,31.048312774573144
ck4p_msp,CK4P-MSP,50,2,long_duration_round_robin,10000,222,3.027809999883175,3027.809999883175,3302.717145522949,40.796533304536496
ck4,CK4,50,5,long_duration_round_robin,10000,136,2.205516700167209,2205.516700167209,4534.084914996046,33.00785196945289
pseeiip,PseEIIP,50,6,long_duration_round_robin,10000,64,0.8722443000879139,872.2443000879139,11464.67795661387,28.40811705461396
ncp_anf,NCP+ANF,50,7,long_duration_round_robin,10000,300,1.1284036999568343,1128.4036999568343,8862.07657807444,61.16214224762019
ck4_p,CK4+P,51,2,long_duration_round_robin,10000,147,2.8086906999815255,2808.6906999815255,3560.3777945594993,31.048312774573144
ck4p_msp,CK4P-MSP,51,4,long_duration_round_robin,10000,222,3.1609587999992073,3160.9587999992073,3163.597070611141,40.796533304536496
ncp_anf,NCP+ANF,51,6,long_duration_round_robin,10000,300,1.097360200015828,1097.360200015828,9112.778101352467,61.16214224762019
ck4,CK4,51,7,long_duration_round_robin,10000,136,2.171291299862787,2171.291299862787,4605.554307997247,33.00785196945289
pseeiip,PseEIIP,51,8,long_duration_round_robin,10000,64,0.8702652000356466,870.2652000356466,11490.750175452718,28.40811705461396
ck4,CK4,52,3,long_duration_round_robin,10000,136,2.184579099994153,2184.579099994153,4577.540817829286,33.00785196945289
ck4p_msp,CK4P-MSP,52,4,long_duration_round_robin,10000,222,2.969156199833378,2969.156199833378,3367.9602307757254,40.796533304536496
pseeiip,PseEIIP,52,7,long_duration_round_robin,10000,64,0.8465879000723362,846.5879000723362,11812.122520467818,28.40811705461396
ck4_p,CK4+P,52,8,long_duration_round_robin,10000,147,2.7208837000653148,2720.8837000653148,3675.2765286366152,31.048312774573144
ncp_anf,NCP+ANF,52,10,long_duration_round_robin,10000,300,1.0570743000134826,1057.0743000134826,9460.072957854007,61.16214224762019
ck4p_msp,CK4P-MSP,53,1,long_duration_round_robin,10000,222,2.9807957999873906,2980.7957999873906,3354.8088064409853,40.796533304536496
ck4_p,CK4+P,53,3,long_duration_round_robin,10000,147,2.661133399931714,2661.133399931714,3757.7973356227108,31.048312774573144
ck4,CK4,53,4,long_duration_round_robin,10000,136,2.1348059000447392,2134.8059000447392,4684.266611681385,33.00785196945289
pseeiip,PseEIIP,53,5,long_duration_round_robin,10000,64,0.8722270000725985,872.2270000725985,11464.905350519608,28.40811705461396
ncp_anf,NCP+ANF,53,6,long_duration_round_robin,10000,300,1.0581858998630196,1058.1858998630196,9450.13536968739,61.16214224762019
ck4p_msp,CK4P-MSP,54,1,long_duration_round_robin,10000,222,2.9005618998780847,2900.5618998780847,3447.607858470566,40.796533304536496
ncp_anf,NCP+ANF,54,2,long_duration_round_robin,10000,300,1.0603143000043929,1060.3143000043929,9431.165834468677,61.16214224762019
ck4_p,CK4+P,54,4,long_duration_round_robin,10000,147,2.5686079999431968,2568.607999943197,3893.159252101194,31.048312774573144
pseeiip,PseEIIP,54,5,long_duration_round_robin,10000,64,0.8394460999406874,839.4460999406874,11912.617142073288,28.40811705461396
ck4,CK4,54,9,long_duration_round_robin,10000,136,2.1298454999923706,2129.8454999923706,4695.17624636896,33.00785196945289
ncp_anf,NCP+ANF,55,2,long_duration_round_robin,10000,300,1.0396996999625117,1039.6996999625117,9618.161859968382,61.16214224762019
ck4,CK4,55,3,long_duration_round_robin,10000,136,2.1593899000436068,2159.3899000436068,4630.937655028422,33.00785196945289
pseeiip,PseEIIP,55,4,long_duration_round_robin,10000,64,0.8453951999545097,845.3951999545097,11828.787294437081,28.40811705461396
ck4_p,CK4+P,55,5,long_duration_round_robin,10000,147,2.653559400001541,2653.559400001541,3768.5231391444236,31.048312774573144
ck4p_msp,CK4P-MSP,55,7,long_duration_round_robin,10000,222,2.9149747998453677,2914.9747998453677,3430.561389597768,40.796533304536496
ncp_anf,NCP+ANF,56,3,long_duration_round_robin,10000,300,1.0894108000211418,1089.4108000211418,9179.273787083746,61.16214224762019
pseeiip,PseEIIP,56,6,long_duration_round_robin,10000,64,0.8135733001399785,813.5733001399785,12291.455481982337,28.40811705461396
ck4_p,CK4+P,56,8,long_duration_round_robin,10000,147,2.5889644999988377,2588.9644999988377,3862.5481345937687,31.048312774573144
ck4p_msp,CK4P-MSP,56,9,long_duration_round_robin,10000,222,2.880653499858454,2880.653499858454,3471.4345201501565,40.796533304536496
ck4,CK4,56,10,long_duration_round_robin,10000,136,2.0530153999570757,2053.0153999570757,4870.884066534074,33.00785196945289
ck4p_msp,CK4P-MSP,57,1,long_duration_round_robin,10000,222,2.851420500082895,2851.420500082895,3507.0239551512254,40.796533304536496
ncp_anf,NCP+ANF,57,2,long_duration_round_robin,10000,300,1.024445699993521,1024.445699993521,9761.376322886848,61.16214224762019
pseeiip,PseEIIP,57,3,long_duration_round_robin,10000,64,0.7695513998623937,769.5513998623937,12994.58359998843,28.40811705461396
ck4_p,CK4+P,57,5,long_duration_round_robin,10000,147,2.5160215999931097,2516.0215999931097,3974.5286765532483,31.048312774573144
ck4,CK4,57,10,long_duration_round_robin,10000,136,2.11969400011003,2119.69400011003,4717.6620773946215,33.00785196945289
pseeiip,PseEIIP,58,2,long_duration_round_robin,10000,64,0.8156059999018908,815.6059999018908,12260.822016025997,28.40811705461396
ck4,CK4,58,5,long_duration_round_robin,10000,136,2.1074711000546813,2107.4711000546813,4745.0235496660125,33.00785196945289
ck4p_msp,CK4P-MSP,58,6,long_duration_round_robin,10000,222,2.875915699871257,2875.915699871257,3477.1533812509383,40.796533304536496
ck4_p,CK4+P,58,7,long_duration_round_robin,10000,147,2.5678908999543637,2567.8908999543637,3894.2464417696715,31.048312774573144
ncp_anf,NCP+ANF,58,10,long_duration_round_robin,10000,300,1.055921799968928,1055.921799968928,9470.398281666563,61.16214224762019
ck4_p,CK4+P,59,1,long_duration_round_robin,10000,147,2.734300200128928,2734.300200128928,3657.2429024174007,31.048312774573144
ck4,CK4,59,4,long_duration_round_robin,10000,136,2.2778287001419812,2277.8287001419812,4390.145755638552,33.00785196945289
ck4p_msp,CK4P-MSP,59,5,long_duration_round_robin,10000,222,3.09311019978486,3093.11019978486,3232.9918283207453,40.796533304536496
pseeiip,PseEIIP,59,7,long_duration_round_robin,10000,64,0.9167746999301016,916.7746999301016,10907.805375478225,28.40811705461396
ncp_anf,NCP+ANF,59,10,long_duration_round_robin,10000,300,1.1205493998713791,1120.5493998713791,8924.193793819208,61.16214224762019
ck4,CK4,60,3,long_duration_round_robin,10000,136,2.209228500025347,2209.228500025347,4526.467044891585,33.00785196945289
ck4p_msp,CK4P-MSP,60,6,long_duration_round_robin,10000,222,3.121107099810615,3121.107099810615,3203.991301870669,40.796533304536496
ck4_p,CK4+P,60,7,long_duration_round_robin,10000,147,2.803863500012085,2803.863500012085,3566.507428038811,31.048312774573144
ncp_anf,NCP+ANF,60,9,long_duration_round_robin,10000,300,1.155904300045222,1155.904300045222,8651.235227352969,61.16214224762019
pseeiip,PseEIIP,60,10,long_duration_round_robin,10000,64,0.7695313999429345,769.5313999429345,12994.921325811476,28.40811705461396
ncp_anf,NCP+ANF,61,1,long_duration_round_robin,10000,300,1.1534191998653114,1153.4191998653114,8669.8747525338,61.16214224762019
ck4_p,CK4+P,61,4,long_duration_round_robin,10000,147,2.8195056000258774,2819.5056000258774,3546.721098872164,31.048312774573144
ck4p_msp,CK4P-MSP,61,5,long_duration_round_robin,10000,222,3.1094779998529702,3109.4779998529702,3215.9738710075594,40.796533304536496
ck4,CK4,61,6,long_duration_round_robin,10000,136,2.229172999970615,2229.172999970615,4485.968563288637,33.00785196945289
pseeiip,PseEIIP,61,8,long_duration_round_robin,10000,64,0.8173010998871177,817.3010998871177,12235.392808575883,28.40811705461396
pseeiip,PseEIIP,62,1,long_duration_round_robin,10000,64,0.7858814001083374,785.8814001083374,12724.566325938562,28.40811705461396
ncp_anf,NCP+ANF,62,4,long_duration_round_robin,10000,300,1.0100005001295358,1010.0005001295358,9900.985196262247,61.16214224762019
ck4p_msp,CK4P-MSP,62,5,long_duration_round_robin,10000,222,2.801063100108877,2801.063100108877,3570.0730910386496,40.796533304536496
ck4,CK4,62,7,long_duration_round_robin,10000,136,2.0562503999099135,2056.2503999099135,4863.220938674644,33.00785196945289
ck4_p,CK4+P,62,10,long_duration_round_robin,10000,147,2.5089925001375377,2508.9925001375377,3985.663567926895,31.048312774573144
ck4,CK4,63,1,long_duration_round_robin,10000,136,2.0640461000148207,2064.0461000148207,4844.853029168387,33.00785196945289
ncp_anf,NCP+ANF,63,3,long_duration_round_robin,10000,300,0.9769528000615537,976.9528000615537,10235.90904224845,61.16214224762019
pseeiip,PseEIIP,63,4,long_duration_round_robin,10000,64,0.7932345001026988,793.2345001026988,12606.612544846847,28.40811705461396
ck4_p,CK4+P,63,6,long_duration_round_robin,10000,147,2.475053299916908,2475.053299916908,4040.317030884029,31.048312774573144
ck4p_msp,CK4P-MSP,63,9,long_duration_round_robin,10000,222,2.7723211999982595,2772.3211999982595,3607.0856436138347,40.796533304536496
ck4,CK4,64,3,long_duration_round_robin,10000,136,2.0826938000973314,2082.6938000973314,4801.473937038976,33.00785196945289
pseeiip,PseEIIP,64,6,long_duration_round_robin,10000,64,0.7943319999612868,794.3319999612868,12589.194443239563,28.40811705461396
ck4_p,CK4+P,64,8,long_duration_round_robin,10000,147,2.6356259000021964,2635.6259000021964,3794.1651734381826,31.048312774573144
ncp_anf,NCP+ANF,64,9,long_duration_round_robin,10000,300,1.04528299998492,1045.28299998492,9566.787176433814,61.16214224762019
ck4,CK4,65,3,long_duration_round_robin,10000,136,2.0618257999885827,2061.8257999885827,4850.070262994756,33.00785196945289
ncp_anf,NCP+ANF,65,4,long_duration_round_robin,10000,300,1.0538099999539554,1053.8099999539554,9489.376643262955,61.16214224762019
pseeiip,PseEIIP,65,5,long_duration_round_robin,10000,64,0.8587513999082148,858.7513999082148,11644.81362250917,28.40811705461396
ck4_p,CK4+P,65,6,long_duration_round_robin,10000,147,2.638184000039473,2638.184000039473,3790.486182863052,31.048312774573144
ck4,CK4,66,3,long_duration_round_robin,10000,136,2.1060005999170244,2106.0005999170244,4748.336729056011,33.00785196945289
ncp_anf,NCP+ANF,66,4,long_duration_round_robin,10000,300,1.0994147998280823,1099.4147998280823,9095.748030282764,61.16214224762019
pseeiip,PseEIIP,66,5,long_duration_round_robin,10000,64,0.9086235999129713,908.6235999129713,11005.65734915735,28.40811705461396
ck4_p,CK4+P,66,10,long_duration_round_robin,10000,147,2.73584540002048,2735.84540002048,3655.1772990992627,31.048312774573144
ncp_anf,NCP+ANF,67,1,long_duration_round_robin,10000,300,1.1114143000449985,1111.4143000449985,8997.544839575237,61.16214224762019
pseeiip,PseEIIP,67,5,long_duration_round_robin,10000,64,0.9102996999863535,910.2996999863535,10985.393052584674,28.40811705461396
ck4,CK4,67,7,long_duration_round_robin,10000,136,2.4594381998758763,2459.4381998758763,4065.969212198413,33.00785196945289
ck4_p,CK4+P,67,9,long_duration_round_robin,10000,147,2.7357455000746995,2735.7455000746995,3655.3107735083363,31.048312774573144
ncp_anf,NCP+ANF,68,1,long_duration_round_robin,10000,300,1.1191263000946492,1119.1263000946492,8935.541948352262,61.16214224762019
pseeiip,PseEIIP,68,2,long_duration_round_robin,10000,64,0.8404875998385251,840.487599838525,11897.855485222157,28.40811705461396
ck4,CK4,68,8,long_duration_round_robin,10000,136,2.215356200002134,2215.356200002134,4513.946786521448,33.00785196945289
pseeiip,PseEIIP,69,1,long_duration_round_robin,10000,64,0.8512526000849903,851.2526000849903,11747.394368019064,28.40811705461396
ck4,CK4,69,6,long_duration_round_robin,10000,136,2.254266700008884,2254.266700008884,4436.0323469980685,33.00785196945289
ncp_anf,NCP+ANF,69,10,long_duration_round_robin,10000,300,1.065108200069517,1065.108200069517,9388.717502454047,61.16214224762019
pseeiip,PseEIIP,70,4,long_duration_round_robin,10000,64,0.8486409999895841,848.6409999895841,11783.545692610582,28.40811705461396
ncp_anf,NCP+ANF,70,9,long_duration_round_robin,10000,300,1.0825996999628842,1082.5996999628842,9237.024544106967,61.16214224762019
ck4,CK4,70,10,long_duration_round_robin,10000,136,2.2452363001648337,2245.2363001648337,4453.8741865459115,33.00785196945289
ck4,CK4,71,6,long_duration_round_robin,10000,136,2.1714842999354005,2171.4842999354005,4605.144969409859,33.00785196945289
pseeiip,PseEIIP,71,7,long_duration_round_robin,10000,64,0.8477536998689175,847.7536998689175,11795.878922788817,28.40811705461396
ncp_anf,NCP+ANF,71,8,long_duration_round_robin,10000,300,1.0839435001835227,1083.9435001835227,9225.573102571212,61.16214224762019
ck4,CK4,72,3,long_duration_round_robin,10000,136,2.0744446001481265,2074.4446001481265,4820.567393935681,33.00785196945289
ncp_anf,NCP+ANF,72,5,long_duration_round_robin,10000,300,1.0401365999132395,1040.1365999132395,9614.121838260597,61.16214224762019
pseeiip,PseEIIP,72,10,long_duration_round_robin,10000,64,0.8728708999697119,872.8708999697119,11456.447912683301,28.40811705461396
pseeiip,PseEIIP,73,5,long_duration_round_robin,10000,64,0.8653619000688195,865.3619000688195,11555.858883092416,28.40811705461396
ck4,CK4,73,7,long_duration_round_robin,10000,136,2.1581014001276344,2158.1014001276344,4633.70256810388,33.00785196945289
ncp_anf,NCP+ANF,73,9,long_duration_round_robin,10000,300,1.0627770000137389,1062.7770000137389,9409.311642866496,61.16214224762019
ck4,CK4,74,1,long_duration_round_robin,10000,136,2.161046699853614,2161.046699853614,4627.387275192797,33.00785196945289
ncp_anf,NCP+ANF,74,7,long_duration_round_robin,10000,300,1.0616399999707937,1061.6399999707937,9419.388870309243,61.16214224762019
pseeiip,PseEIIP,74,9,long_duration_round_robin,10000,64,0.8423106998670846,842.3106998670846,11872.103727968772,28.40811705461396
ncp_anf,NCP+ANF,75,2,long_duration_round_robin,10000,300,1.0418044000398368,1041.8044000398368,9598.73081704936,61.16214224762019
pseeiip,PseEIIP,75,9,long_duration_round_robin,10000,64,0.8798001001123339,879.8001001123339,11366.218302001998,28.40811705461396
ck4,CK4,75,10,long_duration_round_robin,10000,136,2.1564276998396963,2156.4276998396963,4637.298992562271,33.00785196945289
ck4,CK4,76,1,long_duration_round_robin,10000,136,2.226013199891895,2226.013199891895,4492.336343955932,33.00785196945289
ncp_anf,NCP+ANF,76,2,long_duration_round_robin,10000,300,1.2130393998231739,1213.0393998231739,8243.755315332472,61.16214224762019
pseeiip,PseEIIP,76,4,long_duration_round_robin,10000,64,0.8859262000769377,885.9262000769377,11287.621925089874,28.40811705461396
ck4,CK4,77,4,long_duration_round_robin,10000,136,2.408517099916935,2408.517099916935,4151.932323978468,33.00785196945289
ncp_anf,NCP+ANF,77,5,long_duration_round_robin,10000,300,1.1566507001407444,1156.6507001407444,8645.652485044251,61.16214224762019
pseeiip,PseEIIP,77,6,long_duration_round_robin,10000,64,0.9037516999524087,903.7516999524087,11064.986102406887,28.40811705461396
pseeiip,PseEIIP,78,1,long_duration_round_robin,10000,64,0.9028753000311553,902.8753000311553,11075.72662543203,28.40811705461396
ncp_anf,NCP+ANF,78,2,long_duration_round_robin,10000,300,1.1674063000828028,1167.4063000828028,8565.997972848623,61.16214224762019
pseeiip,PseEIIP,79,3,long_duration_round_robin,10000,64,0.9263927000574768,926.3927000574768,10794.558289783117,28.40811705461396
ncp_anf,NCP+ANF,79,8,long_duration_round_robin,10000,300,1.1722661000676453,1172.2661000676453,8530.486379690543,61.16214224762019
ncp_anf,NCP+ANF,80,1,long_duration_round_robin,10000,300,1.1806188998743892,1180.6188998743892,8470.133758712434,61.16214224762019
pseeiip,PseEIIP,80,10,long_duration_round_robin,10000,64,0.8775142000522465,877.5142000522465,11395.826984229552,28.40811705461396
pseeiip,PseEIIP,81,4,long_duration_round_robin,10000,64,0.9190388000570238,919.0388000570238,10880.933426727499,28.40811705461396
ncp_anf,NCP+ANF,81,8,long_duration_round_robin,10000,300,1.1201036998536438,1120.1036998536438,8927.74481622249,61.16214224762019
ncp_anf,NCP+ANF,82,3,long_duration_round_robin,10000,300,1.2269575998652726,1226.9575998652726,8150.2408894146465,61.16214224762019
pseeiip,PseEIIP,82,6,long_duration_round_robin,10000,64,0.903540400089696,903.540400089696,11067.5737343978,28.40811705461396
pseeiip,PseEIIP,83,2,long_duration_round_robin,10000,64,0.9813032001256943,981.3032001256943,10190.530305739458,28.40811705461396
ncp_anf,NCP+ANF,83,4,long_duration_round_robin,10000,300,1.1263951999135315,1126.3951999135315,8877.87874164206,61.16214224762019
pseeiip,PseEIIP,84,4,long_duration_round_robin,10000,64,0.8442951000761241,844.2951000761241,11844.199971192977,28.40811705461396
ncp_anf,NCP+ANF,84,9,long_duration_round_robin,10000,300,1.023568200180307,1023.568200180307,9769.744701172278,61.16214224762019
pseeiip,PseEIIP,85,3,long_duration_round_robin,10000,64,0.889392500044778,889.392500044778,11243.629780436122,28.40811705461396
ncp_anf,NCP+ANF,85,6,long_duration_round_robin,10000,300,1.098501699976623,1098.501699976623,9103.308625023345,61.16214224762019
ncp_anf,NCP+ANF,86,2,long_duration_round_robin,10000,300,1.1751635000109673,1175.1635000109673,8509.45421629133,61.16214224762019
pseeiip,PseEIIP,86,9,long_duration_round_robin,10000,64,0.8905553000513464,890.5553000513464,11228.948948395942,28.40811705461396
ncp_anf,NCP+ANF,87,7,long_duration_round_robin,10000,300,1.1334800999611616,1133.4800999611616,8822.386912961812,61.16214224762019
pseeiip,PseEIIP,87,10,long_duration_round_robin,10000,64,0.8470910000614822,847.0910000614822,11805.10712458779,28.40811705461396
ncp_anf,NCP+ANF,88,5,long_duration_round_robin,10000,300,1.0762231000699103,1076.2231000699103,9291.753725923938,61.16214224762019
pseeiip,PseEIIP,88,10,long_duration_round_robin,10000,64,0.8787306000012904,878.7306000012904,11380.05208875771,28.40811705461396
pseeiip,PseEIIP,89,7,long_duration_round_robin,10000,64,0.8047859999351203,804.7859999351203,12425.663469302614,28.40811705461396
ncp_anf,NCP+ANF,89,9,long_duration_round_robin,10000,300,1.0593956999946386,1059.3956999946386,9439.34358054371,61.16214224762019
ncp_anf,NCP+ANF,90,5,long_duration_round_robin,10000,300,1.0845343000255525,1084.5343000255525,9220.547473477225,61.16214224762019
pseeiip,PseEIIP,90,6,long_duration_round_robin,10000,64,0.9156688000075519,915.6688000075519,10920.97928849113,28.40811705461396
ncp_anf,NCP+ANF,91,4,long_duration_round_robin,10000,300,1.1064216999802738,1106.4216999802738,9038.145220921,61.16214224762019
pseeiip,PseEIIP,91,10,long_duration_round_robin,10000,64,0.8272067999932915,827.2067999932915,12088.875478394397,28.40811705461396
pseeiip,PseEIIP,92,4,long_duration_round_robin,10000,64,0.8582874999847263,858.2874999847263,11651.107583621986,28.40811705461396
ncp_anf,NCP+ANF,92,5,long_duration_round_robin,10000,300,1.0117406998760998,1011.7406998760998,9883.955445525344,61.16214224762019
pseeiip,PseEIIP,93,4,long_duration_round_robin,10000,64,0.8640693000052124,864.0693000052124,11573.14581126731,28.40811705461396
ncp_anf,NCP+ANF,93,6,long_duration_round_robin,10000,300,1.0487365000881255,1048.7365000881255,9535.283647665261,61.16214224762019
pseeiip,PseEIIP,94,1,long_duration_round_robin,10000,64,0.8199412000831217,819.9412000831217,12195.996492170718,28.40811705461396
ncp_anf,NCP+ANF,94,8,long_duration_round_robin,10000,300,1.062629000050947,1062.629000050947,9410.622145189483,61.16214224762019
pseeiip,PseEIIP,95,7,long_duration_round_robin,10000,64,0.8063247001264244,806.3247001264244,12401.951718001557,28.40811705461396
ncp_anf,NCP+ANF,95,9,long_duration_round_robin,10000,300,1.0529928000178188,1052.9928000178188,9496.741098163995,61.16214224762019
ncp_anf,NCP+ANF,96,2,long_duration_round_robin,10000,300,1.0379106998443604,1037.9106998443604,9634.740254146669,61.16214224762019
pseeiip,PseEIIP,96,5,long_duration_round_robin,10000,64,0.8520007999613881,852.0007999613881,11737.07818167916,28.40811705461396
ncp_anf,NCP+ANF,97,4,long_duration_round_robin,10000,300,1.0503909001126885,1050.3909001126885,9520.265264033776,61.16214224762019
pseeiip,PseEIIP,97,8,long_duration_round_robin,10000,64,0.7947710000444204,794.7710000444204,12582.240669879868,28.40811705461396
ncp_anf,NCP+ANF,98,6,long_duration_round_robin,10000,300,1.0201441999524832,1020.1441999524832,9802.53575961691,61.16214224762019
pseeiip,PseEIIP,98,9,long_duration_round_robin,10000,64,0.8461690000258386,846.1690000258386,11817.970168718826,28.40811705461396
ncp_anf,NCP+ANF,99,2,long_duration_round_robin,10000,300,1.0288363001309335,1028.8363001309335,9719.719258279829,61.16214224762019
pseeiip,PseEIIP,99,5,long_duration_round_robin,10000,64,0.8607189001049846,860.7189001049846,11618.19497489862,28.40811705461396
pseeiip,PseEIIP,100,2,long_duration_round_robin,10000,64,0.8660246999934316,866.0246999934316,11547.014767680235,28.40811705461396
ncp_anf,NCP+ANF,100,7,long_duration_round_robin,10000,300,1.0105109000578523,1010.5109000578523,9895.984298068923,61.16214224762019
pseeiip,PseEIIP,101,5,long_duration_round_robin,10000,64,0.8163596999365836,816.3596999365836,12249.502273050493,28.40811705461396
ncp_anf,NCP+ANF,101,8,long_duration_round_robin,10000,300,1.0467197999823838,1046.7197999823838,9553.655142635402,61.16214224762019
ncp_anf,NCP+ANF,102,7,long_duration_round_robin,10000,300,1.0037805999163538,1003.7805999163538,9962.336391870207,61.16214224762019
pseeiip,PseEIIP,102,8,long_duration_round_robin,10000,64,0.8170692999847233,817.0692999847233,12238.863949712673,28.40811705461396
pseeiip,PseEIIP,103,1,long_duration_round_robin,10000,64,0.852881700033322,852.881700033322,11724.955523854365,28.40811705461396
ncp_anf,NCP+ANF,103,9,long_duration_round_robin,10000,300,1.1683201000560075,1168.3201000560075,8559.298089214262,61.16214224762019
pseeiip,PseEIIP,104,6,long_duration_round_robin,10000,64,0.8314325001556426,831.4325001556426,12027.434576021527,28.40811705461396
ncp_anf,NCP+ANF,104,10,long_duration_round_robin,10000,300,1.024449799908325,1024.449799908325,9761.337257223213,61.16214224762019
pseeiip,PseEIIP,105,7,long_duration_round_robin,10000,64,0.8479184999596328,847.9184999596328,11793.586294527215,28.40811705461396
ncp_anf,NCP+ANF,105,8,long_duration_round_robin,10000,300,1.1251320999581367,1125.1320999581367,8887.84525867858,61.16214224762019
pseeiip,PseEIIP,106,1,long_duration_round_robin,10000,64,0.8812261999119073,881.2261999119073,11347.824203365333,28.40811705461396
ncp_anf,NCP+ANF,106,8,long_duration_round_robin,10000,300,1.1602992000989616,1160.2992000989616,8618.466684409592,61.16214224762019
ncp_anf,NCP+ANF,107,4,long_duration_round_robin,10000,300,1.1278530999552459,1127.8530999552459,8866.402903354,61.16214224762019
pseeiip,PseEIIP,107,7,long_duration_round_robin,10000,64,0.9228480998426676,922.8480998426676,10836.01949411269,28.40811705461396
ncp_anf,NCP+ANF,108,4,long_duration_round_robin,10000,300,1.1280238998588175,1128.0238998588175,8865.06039566324,61.16214224762019
pseeiip,PseEIIP,108,8,long_duration_round_robin,10000,64,0.8403725000098348,840.3725000098348,11899.485049645213,28.40811705461396
ncp_anf,NCP+ANF,109,4,long_duration_round_robin,10000,300,1.161141699878499,1161.141699878499,8612.213307855875,61.16214224762019
pseeiip,PseEIIP,109,10,long_duration_round_robin,10000,64,0.8134130998514593,813.4130998514593,12293.876262659332,28.40811705461396
ncp_anf,NCP+ANF,110,6,long_duration_round_robin,10000,300,1.0516579998657107,1051.6579998657107,9508.794685417626,61.16214224762019
pseeiip,PseEIIP,110,8,long_duration_round_robin,10000,64,0.9185789001639932,918.5789001639932,10886.381124381049,28.40811705461396
ncp_anf,NCP+ANF,111,1,long_duration_round_robin,10000,300,1.1285600000992417,1128.5600000992417,8860.849223010415,61.16214224762019
pseeiip,PseEIIP,111,3,long_duration_round_robin,10000,64,0.8814725999254733,881.4725999254733,11344.652120605313,28.40811705461396
ncp_anf,NCP+ANF,112,3,long_duration_round_robin,10000,300,1.0608656001277268,1060.8656001277268,9426.264739657892,61.16214224762019
pseeiip,PseEIIP,112,9,long_duration_round_robin,10000,64,0.7980755001772195,798.0755001772195,12530.142822050564,28.40811705461396
pseeiip,PseEIIP,113,7,long_duration_round_robin,10000,64,0.8391212001442909,839.1212001442909,11917.229594819499,28.40811705461396
ncp_anf,NCP+ANF,113,10,long_duration_round_robin,10000,300,1.1211951000150293,1121.1951000150293,8919.054319686156,61.16214224762019
pseeiip,PseEIIP,114,8,long_duration_round_robin,10000,64,0.8160375999286771,816.0375999286771,12254.33730121506,28.40811705461396
ncp_anf,NCP+ANF,114,10,long_duration_round_robin,10000,300,1.0566542998421937,1056.6542998421937,9463.833158577458,61.16214224762019
pseeiip,PseEIIP,115,5,long_duration_round_robin,10000,64,0.8160687000490725,816.0687000490725,12253.870292291165,28.40811705461396
ncp_anf,NCP+ANF,115,7,long_duration_round_robin,10000,300,1.0581301001366228,1058.1301001366228,9450.633715748969,61.16214224762019
ncp_anf,NCP+ANF,116,8,long_duration_round_robin,10000,300,1.004705699859187,1004.705699859187,9953.163400388328,61.16214224762019
pseeiip,PseEIIP,116,9,long_duration_round_robin,10000,64,0.8708687999751419,870.8687999751419,11482.785926290437,28.40811705461396
ncp_anf,NCP+ANF,117,8,long_duration_round_robin,10000,300,1.12530090007931,1125.30090007931,8886.512042508108,61.16214224762019
pseeiip,PseEIIP,117,9,long_duration_round_robin,10000,64,0.8965301997959614,896.5301997959614,11154.113940920082,28.40811705461396
pseeiip,PseEIIP,118,1,long_duration_round_robin,10000,64,0.8800062001682818,880.0062001682818,11363.556300043932,28.40811705461396
ncp_anf,NCP+ANF,118,10,long_duration_round_robin,10000,300,1.0931205998640507,1093.1205998640507,9148.121443547656,61.16214224762019
ncp_anf,NCP+ANF,119,5,long_duration_round_robin,10000,300,1.1235223000403494,1123.5223000403494,8900.579899162542,61.16214224762019
pseeiip,PseEIIP,119,10,long_duration_round_robin,10000,64,0.860455899965018,860.455899965018,11621.746100417873,28.40811705461396
pseeiip,PseEIIP,120,6,long_duration_round_robin,10000,64,0.8716354998759925,871.6354998759925,11472.685545073255,28.40811705461396
ncp_anf,NCP+ANF,120,8,long_duration_round_robin,10000,300,1.1547909998334944,1154.7909998334944,8659.57563008533,61.16214224762019
ncp_anf,NCP+ANF,121,2,long_duration_round_robin,10000,300,1.046595900086686,1046.595900086686,9554.786139685559,61.16214224762019
pseeiip,PseEIIP,121,5,long_duration_round_robin,10000,64,0.86883580009453,868.83580009453,11509.654642352436,28.40811705461396
pseeiip,PseEIIP,122,2,long_duration_round_robin,10000,64,0.7646807001437992,764.6807001437992,13077.353721781506,28.40811705461396
ncp_anf,NCP+ANF,122,5,long_duration_round_robin,10000,300,0.9758989999536425,975.8989999536425,10246.962032418338,61.16214224762019
ncp_anf,NCP+ANF,123,5,long_duration_round_robin,10000,300,1.0942617999389768,1094.2617999389768,9138.580914144737,61.16214224762019
pseeiip,PseEIIP,123,8,long_duration_round_robin,10000,64,0.8294353999663144,829.4353999663144,12056.394024665606,28.40811705461396
pseeiip,PseEIIP,124,5,long_duration_round_robin,10000,64,0.8917225000914186,891.7225000914186,11214.25106911041,28.40811705461396
ncp_anf,NCP+ANF,124,7,long_duration_round_robin,10000,300,1.0794594998005778,1079.4594998005778,9263.895497559128,61.16214224762019
ncp_anf,NCP+ANF,125,2,long_duration_round_robin,10000,300,1.1091078999452293,1109.1078999452293,9016.255316992898,61.16214224762019
pseeiip,PseEIIP,125,5,long_duration_round_robin,10000,64,0.7917738000396639,791.7738000396639,12629.869792987656,28.40811705461396
ncp_anf,NCP+ANF,126,2,long_duration_round_robin,10000,300,1.0536518001463264,1053.6518001463264,9490.801419037338,61.16214224762019
pseeiip,PseEIIP,126,4,long_duration_round_robin,10000,64,0.833991999970749,833.991999970749,11990.522691285689,28.40811705461396
pseeiip,PseEIIP,127,2,long_duration_round_robin,10000,64,0.8319442998617887,831.9442998617887,12020.035477929598,28.40811705461396
ncp_anf,NCP+ANF,127,3,long_duration_round_robin,10000,300,1.0948221001308411,1094.8221001308411,9133.904036833846,61.16214224762019
ncp_anf,NCP+ANF,128,2,long_duration_round_robin,10000,300,1.1362139000557363,1136.2139000557363,8801.159710781092,61.16214224762019
pseeiip,PseEIIP,128,4,long_duration_round_robin,10000,64,0.8449446000158787,844.9446000158787,11835.095460474065,28.40811705461396
pseeiip,PseEIIP,129,8,long_duration_round_robin,10000,64,0.7838904000818729,783.8904000818729,12756.885399994128,28.40811705461396
pseeiip,PseEIIP,130,3,long_duration_round_robin,10000,64,0.942324300063774,942.324300063774,10612.057865135417,28.40811705461396
pseeiip,PseEIIP,131,9,long_duration_round_robin,10000,64,0.9291386001277715,929.1386001277715,10762.656936892772,28.40811705461396
pseeiip,PseEIIP,132,1,long_duration_round_robin,10000,64,0.8959103999659419,895.9103999659419,11161.83046918548,28.40811705461396
pseeiip,PseEIIP,133,1,long_duration_round_robin,10000,64,0.8744741000700742,874.4741000700742,11435.444456500965,28.40811705461396
pseeiip,PseEIIP,134,6,long_duration_round_robin,10000,64,0.9026115001179278,902.6115001179278,11078.963650134618,28.40811705461396
pseeiip,PseEIIP,135,7,long_duration_round_robin,10000,64,0.860433200141415,860.433200141415,11622.052703634015,28.40811705461396
pseeiip,PseEIIP,136,2,long_duration_round_robin,10000,64,0.9222879000008106,922.2879000008106,10842.60131786529,28.40811705461396
pseeiip,PseEIIP,137,8,long_duration_round_robin,10000,64,0.8570204998832196,857.0204998832196,11668.332322695469,28.40811705461396
pseeiip,PseEIIP,138,10,long_duration_round_robin,10000,64,0.8815354001708329,881.5354001708329,11343.843931919351,28.40811705461396
pseeiip,PseEIIP,139,9,long_duration_round_robin,10000,64,0.857835799921304,857.835799921304,11657.24256427323,28.40811705461396
pseeiip,PseEIIP,140,3,long_duration_round_robin,10000,64,0.9022406998556107,902.2406998556107,11083.516850437296,28.40811705461396
pseeiip,PseEIIP,141,7,long_duration_round_robin,10000,64,0.8315451999660581,831.5451999660581,12025.804490733852,28.40811705461396
pseeiip,PseEIIP,142,5,long_duration_round_robin,10000,64,0.818570900009945,818.570900009945,12216.412774847613,28.40811705461396
pseeiip,PseEIIP,143,4,long_duration_round_robin,10000,64,0.8732764001470059,873.2764001470059,11451.128186123678,28.40811705461396
pseeiip,PseEIIP,144,1,long_duration_round_robin,10000,64,0.9405994999688119,940.5994999688119,10631.517452785778,28.40811705461396
pseeiip,PseEIIP,145,3,long_duration_round_robin,10000,64,0.8899224000051618,889.9224000051618,11236.934815824388,28.40811705461396
pseeiip,PseEIIP,146,3,long_duration_round_robin,10000,64,0.9067585000302643,906.7585000302643,11028.294744042914,28.40811705461396
pseeiip,PseEIIP,147,6,long_duration_round_robin,10000,64,0.8481123999226838,848.1123999226838,11790.889982167018,28.40811705461396
pseeiip,PseEIIP,148,9,long_duration_round_robin,10000,64,0.8289212000090629,828.9212000090629,12063.872898763679,28.40811705461396
pseeiip,PseEIIP,149,2,long_duration_round_robin,10000,64,0.9524017001967877,952.4017001967877,10499.771260313557,28.40811705461396
pseeiip,PseEIIP,150,1,long_duration_round_robin,10000,64,0.8927939001005143,892.7939001005143,11200.79337333528,28.40811705461396
pseeiip,PseEIIP,151,9,long_duration_round_robin,10000,64,0.9142867000773549,914.2867000773549,10937.488207095139,28.40811705461396
pseeiip,PseEIIP,152,10,long_duration_round_robin,10000,64,0.9025516998954117,902.5516998954117,11079.697707243593,28.40811705461396
pseeiip,PseEIIP,153,4,long_duration_round_robin,10000,64,0.8571342001669109,857.1342001669109,11666.78449891824,28.40811705461396
pseeiip,PseEIIP,154,5,long_duration_round_robin,10000,64,0.8489836999215186,848.9836999215186,11778.78915805382,28.40811705461396
pseeiip,PseEIIP,155,10,long_duration_round_robin,10000,64,0.8658447000198066,865.8447000198066,11549.415270164782,28.40811705461396
pseeiip,PseEIIP,156,5,long_duration_round_robin,10000,64,0.8308892000932246,830.8892000932246,12035.299049353407,28.40811705461396
pseeiip,PseEIIP,157,1,long_duration_round_robin,10000,64,0.8261787001974881,826.1787001974881,12103.918919247883,28.40811705461396
