retrieval_top1,paired_cosine_mean,paired_cosine_p05,l2_delta_mean,l2_delta_p95,mean_pair_margin,margin_positive_rate,length,quality_bin,mean_phred_min,mean_phred_mean,mean_phred_max,observed_base_difference_rate_mean,representation,representation_label,n_pairs,n_features,density,avg_nnz_per_read
1.0,0.9233234352513422,0.8014487101610281,0.33940675191120534,0.6301605694620446,0.3142252063340113,1.0,50,low,20.0,23.146866381359963,23.92,0.031799999999999995,ck4,CK4,400,136,0.2675183823529412,36.3825
1.0,0.9616285670153633,0.9006121873838111,0.24011478640762388,0.44584247211141736,0.15789342472893042,1.0,50,low,20.0,23.146866381359963,23.92,0.031799999999999995,ck4_p,CK4+P,400,147,0.31552721088435376,46.3825
1.0,0.9614648636978248,0.8998125201840745,0.24064892027150267,0.44763257371898485,0.16114675257682898,1.0,50,low,20.0,23.146866381359963,23.92,0.031799999999999995,ck4_msp,CK4+MSP,400,211,0.45587677725118486,96.19
1.0,0.9742878087250112,0.9331335683249146,0.19658470308176723,0.3656950077641967,0.107907837666307,1.0,50,low,20.0,23.146866381359963,23.92,0.031799999999999995,ck4p_msp,CK4P-MSP,400,222,0.47833333333333333,106.19
1.0,0.8766331627958389,0.6921650223454296,0.43103114285804334,0.7846459900836986,0.5056602951323691,1.0,50,low,20.0,23.146866381359963,23.92,0.031799999999999995,ckmer5_count_l2,canonical 5-mer,400,512,0.081044921875,41.495
0.995,0.9306029972742289,0.8294000178122709,0.3009637088565892,0.5817835280359839,0.3343806559433723,0.995,50,mid,23.92,24.430589633856396,24.9,0.0271,ck4,CK4,400,136,0.26801470588235293,36.45
0.9975,0.9674637831652612,0.9153531456518216,0.214659159550865,0.41145316422118905,0.1679405056013368,0.995,50,mid,23.92,24.430589633856396,24.9,0.0271,ck4_p,CK4+P,400,147,0.31581632653061226,46.425
0.9975,0.9676103863579337,0.9151035503459247,0.21392873131133258,0.41205931266362505,0.17090378150945618,0.995,50,mid,23.92,24.430589633856396,24.9,0.0271,ck4_msp,CK4+MSP,400,211,0.45569312796208533,96.15125
0.9975,0.9782393957520881,0.9433598435144038,0.17558115195695234,0.3365713921285639,0.11442026546064492,0.995,50,mid,23.92,24.430589633856396,24.9,0.0271,ck4p_msp,CK4P-MSP,400,222,0.47804617117117115,106.12625
0.995,0.8945907345015445,0.7347350883001638,0.37558727303942235,0.7140047634797279,0.5332882432322112,0.995,50,mid,23.92,24.430589633856396,24.9,0.0271,ckmer5_count_l2,canonical 5-mer,400,512,0.081015625,41.48
1.0,0.9487680685101119,0.8431275502495854,0.24766253179760084,0.5601293545249731,0.35074832143988344,1.0,50,high,24.9,25.603213691466603,28.44,0.021400000000000002,ck4,CK4,400,136,0.26875,36.55
1.0,0.9743651665720625,0.9215186916253877,0.17519275923323568,0.3961850767178716,0.1760926409752058,1.0,50,high,24.9,25.603213691466603,28.44,0.021400000000000002,ck4_p,CK4+P,400,147,0.31666666666666665,46.55
1.0,0.9742609728355166,0.9212407966717354,0.17556453220411833,0.39688588618732984,0.17941028529770853,1.0,50,high,24.9,25.603213691466603,28.44,0.021400000000000002,ck4_msp,CK4+MSP,400,211,0.4569075829383886,96.4075
1.0,0.9828280701016822,0.9474765921765312,0.14340390488129903,0.324109264806521,0.12007047225160374,1.0,50,high,24.9,25.603213691466603,28.44,0.021400000000000002,ck4p_msp,CK4P-MSP,400,222,0.47931306306306304,106.4075
1.0,0.9184369335116136,0.7677708295984296,0.3128219459084931,0.6815115824807486,0.5587055842570305,1.0,50,high,24.9,25.603213691466603,28.44,0.021400000000000002,ckmer5_count_l2,canonical 5-mer,400,512,0.081396484375,41.675
1.0,0.9145406714812918,0.8173693316168014,0.3828723129557099,0.6043685234705504,0.300543058600006,1.0,60,low,20.666666666666668,23.516957475209765,24.283333333333335,0.03708333333333333,ck4,CK4,400,136,0.3126470588235294,42.52
1.0,0.9572378641556051,0.9085984847040485,0.2708391486344331,0.42755470299811704,0.1509293051284875,1.0,60,low,20.666666666666668,23.516957475209765,24.283333333333335,0.03708333333333333,ck4_p,CK4+P,400,147,0.3572789115646258,52.52
1.0,0.9570883705292772,0.9084257617086191,0.2713341470229993,0.4279584853481184,0.1534358097550314,1.0,60,low,20.666666666666668,23.516957475209765,24.283333333333335,0.03708333333333333,ck4_msp,CK4+MSP,400,211,0.48546800947867297,102.43375
1.0,0.9713705992961578,0.938893053736178,0.22163094219497204,0.34959103049206497,0.10270669073777328,1.0,60,low,20.666666666666668,23.516957475209765,24.283333333333335,0.03708333333333333,ck4p_msp,CK4P-MSP,400,222,0.5064583333333333,112.43375
1.0,0.8576390692977205,0.7213411988209613,0.49622592671679244,0.746536970714785,0.4880621203976906,1.0,60,low,20.666666666666668,23.516957475209765,24.283333333333335,0.03708333333333333,ckmer5_count_l2,canonical 5-mer,400,512,0.0971728515625,49.7525
1.0,0.9213386384635533,0.821220023238809,0.35324459826926363,0.5979630944156472,0.30442749946648817,1.0,60,mid,24.283333333333335,24.768039664378335,25.233333333333334,0.033791666666666664,ck4,CK4,400,136,0.31073529411764705,42.26
1.0,0.9606424497398379,0.9105329682575766,0.249889129186532,0.42300593975352613,0.15288437838648478,1.0,60,mid,24.283333333333335,24.768039664378335,25.233333333333334,0.033791666666666664,ck4_p,CK4+P,400,147,0.35551020408163264,52.26
1.0,0.9605130666210718,0.9103523280392849,0.25033477059067616,0.4234327471420722,0.15556268776894625,1.0,60,mid,24.283333333333335,24.768039664378335,25.233333333333334,0.033791666666666664,ck4_msp,CK4+MSP,400,211,0.4841943127962085,102.165
1.0,0.9736574647527553,0.9401835231183047,0.2044725365667641,0.34587992696913494,0.10412847148246664,1.0,60,mid,24.283333333333335,24.768039664378335,25.233333333333334,0.033791666666666664,ck4p_msp,CK4P-MSP,400,222,0.5052477477477477,112.165
1.0,0.8698307087956462,0.7062122558198812,0.45689593952505353,0.7665347161197977,0.5035406889955799,1.0,60,mid,24.283333333333335,24.768039664378335,25.233333333333334,0.033791666666666664,ckmer5_count_l2,canonical 5-mer,400,512,0.09698486328125,49.65625
1.0,0.9435515522361669,0.8435589098067442,0.28599243075037534,0.5593584316062814,0.32932282309718097,1.0,60,high,25.233333333333334,25.909789343246594,28.15,0.023249999999999996,ck4,CK4,400,136,0.31393382352941174,42.695
1.0,0.9717566751922874,0.9217724027708172,0.20229930640244692,0.3955438856834868,0.165312002963344,1.0,60,high,25.233333333333334,25.909789343246594,28.15,0.023249999999999996,ck4_p,CK4+P,400,147,0.35846938775510206,52.695
1.0,0.9716594200798343,0.9215323855879742,0.20267428195466575,0.3961501634704819,0.1678827936084562,1.0,60,high,25.233333333333334,25.909789343246594,28.15,0.023249999999999996,ck4_msp,CK4+MSP,400,211,0.4864277251184834,102.63625
1.0,0.9810935461026924,0.947683555636947,0.16554153873326696,0.3234697016464322,0.11233704363690901,1.0,60,high,25.233333333333334,25.909789343246594,28.15,0.023249999999999996,ck4p_msp,CK4P-MSP,400,222,0.5073704954954955,112.63625
1.0,0.907599363946956,0.7541997111515466,0.36678274594002275,0.7011423376867985,0.5387587452141022,1.0,60,high,25.233333333333334,25.909789343246594,28.15,0.023249999999999996,ckmer5_count_l2,canonical 5-mer,400,512,0.0973974609375,49.8675
1.0,0.9072130977217503,0.809030007407632,0.40503333153346205,0.6180129328148991,0.2750184651253804,1.0,69,low,20.347826086956523,23.00741345401081,23.695652173913043,0.04289855072463768,ck4,CK4,400,136,0.3492279411764706,47.495
1.0,0.9535680368970766,0.9044956433076362,0.28654187514066526,0.4370454353764732,0.13809225074997125,1.0,69,low,20.347826086956523,23.00741345401081,23.695652173913043,0.04289855072463768,ck4_p,CK4+P,400,147,0.39112244897959186,57.495
1.0,0.9534160269008646,0.9042563679924657,0.28704001062375095,0.4375925647527608,0.1404546773301152,1.0,69,low,20.347826086956523,23.00741345401081,23.695652173913043,0.04289855072463768,ck4_msp,CK4+MSP,400,211,0.5091409952606635,107.42875
1.0,0.9689183432913775,0.9361239414126207,0.2344697425715136,0.35742427682339145,0.09400431141074803,1.0,69,low,20.347826086956523,23.00741345401081,23.695652173913043,0.04289855072463768,ck4p_msp,CK4P-MSP,400,222,0.5289583333333333,117.42875
1.0,0.8436759404743097,0.6890489551604788,0.5282498300020805,0.7886068956868421,0.4671232618442647,1.0,69,low,20.347826086956523,23.00741345401081,23.695652173913043,0.04289855072463768,ckmer5_count_l2,canonical 5-mer,400,512,0.11173095703125,57.20625
1.0,0.9317994256224867,0.8322328746410094,0.3337872360091897,0.5792531813169906,0.29046903419232584,1.0,69,mid,23.71014492753623,24.154274312119306,24.594202898550726,0.03188405797101449,ck4,CK4,400,136,0.34591911764705885,47.045
1.0,0.9658780955318398,0.9160281074319089,0.236112573884679,0.40980944974002936,0.14576242283990806,1.0,69,mid,23.71014492753623,24.154274312119306,24.594202898550726,0.03188405797101449,ck4_p,CK4+P,400,147,0.3880612244897959,57.045
1.0,0.9657675358099569,0.9158358541163585,0.23652252396605009,0.4102783098622858,0.14813219578081827,1.0,69,mid,23.71014492753623,24.154274312119306,24.594202898550726,0.03188405797101449,ck4_msp,CK4+MSP,400,211,0.5070675355450237,106.99125
1.0,0.9771639456870357,0.9438487210852412,0.19318651159414257,0.335115737735414,0.09909799227454946,1.0,69,mid,23.71014492753623,24.154274312119306,24.594202898550726,0.03188405797101449,ck4p_msp,CK4P-MSP,400,222,0.5269876126126126,116.99125
1.0,0.883707621336928,0.7285603601569101,0.4378036480557907,0.7368033433841299,0.49451391958209034,1.0,69,mid,23.71014492753623,24.154274312119306,24.594202898550726,0.03188405797101449,ckmer5_count_l2,canonical 5-mer,400,512,0.1107763671875,56.7175
1.0,0.943699187287413,0.8586752546832264,0.29542473553724646,0.5316475123070158,0.3083390445229789,1.0,69,high,24.594202898550726,25.250404432291592,27.608695652173914,0.026159420289855073,ck4,CK4,400,136,0.345625,47.005
1.0,0.9718142121523528,0.9292975585086506,0.2092632374946634,0.37603812321942154,0.1554100724325821,1.0,69,high,24.594202898550726,25.250404432291592,27.608695652173914,0.026159420289855073,ck4_p,CK4+P,400,147,0.3877891156462585,57.005
1.0,0.9717298884697737,0.9292141047173216,0.20956551952537317,0.37625994499861803,0.15785590965596186,1.0,69,high,24.594202898550726,25.250404432291592,27.608695652173914,0.026159420289855073,ck4_msp,CK4+MSP,400,211,0.5067239336492891,106.91875
1.0,0.9811296713189467,0.9527826905895731,0.17128277919105403,0.3073018897150134,0.10605730254195125,1.0,69,high,24.594202898550726,25.250404432291592,27.608695652173914,0.026159420289855073,ck4p_msp,CK4P-MSP,400,222,0.5266610360360361,116.91875
1.0,0.9023263848541915,0.7566630649958932,0.3900775852865425,0.6976194101953023,0.522741639042129,1.0,69,high,24.594202898550726,25.250404432291592,27.608695652173914,0.026159420289855073,ckmer5_count_l2,canonical 5-mer,400,512,0.111162109375,56.915
0.9975,0.9018767541180347,0.805154920693589,0.4145115472122745,0.6236264699767369,0.25779940664923096,0.9975,75,low,19.586666666666666,22.458519579751673,23.08,0.045799999999999993,ck4,CK4,400,136,0.36973345588235296,50.28375
1.0,0.9515354957378486,0.9025003206469077,0.29497201717619964,0.44158640190999304,0.13054384722425802,1.0,75,low,19.586666666666666,22.458519579751673,23.08,0.045799999999999993,ck4_p,CK4+P,400,147,0.41003401360544217,60.275
1.0,0.9518815527709809,0.9023165869635659,0.29448496323707407,0.4420031953593772,0.13339549518882707,1.0,75,low,19.586666666666666,22.458519579751673,23.08,0.045799999999999993,ck4_msp,CK4+MSP,400,211,0.5222571090047393,110.19625
1.0,0.9676105758162816,0.9346911049175413,0.2412444147045228,0.36141015125407466,0.08941204798255488,1.0,75,low,19.586666666666666,22.458519579751673,23.08,0.045799999999999993,ck4p_msp,CK4P-MSP,400,222,0.5413851351351351,120.1875
0.9975,0.8330366351857572,0.6722069742248299,0.5466065305909155,0.8035450197669978,0.44311998175288553,0.9975,75,low,19.586666666666666,22.458519579751673,23.08,0.045799999999999993,ckmer5_count_l2,canonical 5-mer,400,512,0.12032958984375,61.60875
1.0,0.9235685411947417,0.8445425249795095,0.3673914545955388,0.5575972710550603,0.2781306019918497,1.0,75,mid,23.08,23.517473734479466,23.933333333333334,0.036366666666666665,ck4,CK4,400,136,0.37245404411764704,50.65375
1.0,0.9617582081450987,0.9222623114712767,0.2598739937802126,0.3943035132354893,0.13953520477727974,1.0,75,mid,23.08,23.517473734479466,23.933333333333334,0.036366666666666665,ck4_p,CK4+P,400,147,0.41261054421768706,60.65375
1.0,0.9616360001170844,0.9220599005497562,0.2602995295052875,0.39481653209281237,0.14178312586380368,1.0,75,mid,23.08,23.517473734479466,23.933333333333334,0.036366666666666665,ck4_msp,CK4+MSP,400,211,0.5242890995260664,110.625
1.0,0.9744066251098751,0.9480339663541858,0.2126061512878244,0.3223848592495175,0.09482928379357247,1.0,75,mid,23.08,23.517473734479466,23.933333333333334,0.036366666666666665,ck4p_msp,CK4P-MSP,400,222,0.5433558558558559,120.625
1.0,0.8684611872798821,0.7419356272412662,0.4834404973214944,0.718420907436918,0.4842436239174139,1.0,75,mid,23.08,23.517473734479466,23.933333333333334,0.036366666666666665,ckmer5_count_l2,canonical 5-mer,400,512,0.12122314453125,62.06625
0.9975,0.9380386424811872,0.8557737396301032,0.31632833796314996,0.5321341312288911,0.2933555388929135,0.9975,75,high,23.933333333333334,24.57610216016231,27.0,0.0296,ck4,CK4,400,136,0.36714154411764705,49.93125
1.0,0.9700393630127533,0.9278731254473224,0.22478984840962446,0.3798059702505227,0.14910483279041603,1.0,75,high,23.933333333333334,24.57610216016231,27.0,0.0296,ck4_p,CK4+P,400,147,0.4076360544217687,59.9225
1.0,0.9701318148618813,0.9290457935221326,0.22445886193575945,0.37670652831182655,0.15168222115610874,1.0,75,high,23.933333333333334,24.57610216016231,27.0,0.0296,ck4_msp,CK4+MSP,400,211,0.5205094786729858,109.8275
1.0,0.9799721941220764,0.9526888494806666,0.1838551479543017,0.3076067305793361,0.10197818466567692,1.0,75,high,23.933333333333334,24.57610216016231,27.0,0.0296,ck4p_msp,CK4P-MSP,400,222,0.5397240990990991,119.81875
0.9975,0.8928653932265718,0.7477045657602217,0.4208148777104283,0.692439547355119,0.5044057168366682,0.9975,75,high,23.933333333333334,24.57610216016231,27.0,0.0296,ckmer5_count_l2,canonical 5-mer,400,512,0.12031982421875,61.60375
0.9975,0.8530026478040983,0.7739644757527421,0.5340907872138111,0.6723616784173757,0.16980725470408436,0.9975,100,low,26.91,30.32471689059501,31.06,0.086525,ck4,CK4,400,136,0.4561397058823529,62.035
0.9975,0.9264529877350393,0.8868904770143831,0.37778876436206466,0.47562451028409225,0.08528712228905178,0.9975,100,low,26.91,30.32471689059501,31.06,0.086525,ck4_p,CK4+P,400,147,0.4900510204081633,72.0375
0.9975,0.926229422096503,0.8867315630184475,0.3783864005957945,0.47595841862453125,0.08682596758020988,0.9975,100,low,26.91,30.32471689059501,31.06,0.086525,ck4_msp,CK4+MSP,400,211,0.5783530805687204,122.0325
0.9975,0.9507873906196622,0.9244265347709728,0.3090566546500383,0.3887758394051029,0.058135979989431597,0.9975,100,low,26.91,30.32471689059501,31.06,0.086525,ck4p_msp,CK4P-MSP,400,222,0.5947522522522523,132.035
1.0,0.7316464885936296,0.6094869105249976,0.7242896993046136,0.8837568533440057,0.32099926970255815,1.0,100,low,26.91,30.32471689059501,31.06,0.086525,ckmer5_count_l2,canonical 5-mer,400,512,0.1582861328125,81.0425
0.9975,0.8864640908347756,0.8125137118854959,0.4623706890260961,0.6110702125013305,0.20959806916435078,0.9975,100,mid,31.06,31.543944337811894,32.03,0.06394999999999999,ck4,CK4,400,136,0.4524816176470588,61.5375
1.0,0.9440698995114468,0.90621446380576,0.32842619511810467,0.43309428952852075,0.10624139409606219,1.0,100,mid,31.06,31.543944337811894,32.03,0.06394999999999999,ck4_p,CK4+P,400,147,0.48660714285714285,71.53125
1.0,0.9442216185700032,0.9062317937811251,0.3280939614145801,0.4330547208679631,0.10888290832450785,1.0,100,mid,31.06,31.543944337811894,32.03,0.06394999999999999,ck4_msp,CK4+MSP,400,211,0.5756990521327014,121.4725
1.0,0.962611542838289,0.9372375523386174,0.2685880677010116,0.35429461630893583,0.0729484093518528,1.0,100,mid,31.06,31.543944337811894,32.03,0.06394999999999999,ck4p_msp,CK4P-MSP,400,222,0.5921903153153153,131.46625
0.9975,0.7922437401273066,0.6782693307454791,0.6312177081283933,0.8017594597440697,0.38945221792286233,0.9975,100,mid,31.06,31.543944337811894,32.03,0.06394999999999999,ckmer5_count_l2,canonical 5-mer,400,512,0.15739501953125,80.58625
0.9975,0.9141661128617231,0.8543166503290924,0.39825888153496797,0.5377179731146086,0.22658230768727486,0.9975,100,high,32.03,32.70869481765835,35.31,0.04745,ck4,CK4,400,136,0.4511121323529412,61.35125
1.0,0.9580413220914307,0.9271521901593227,0.28285531501280337,0.381700801569281,0.11540653129787608,1.0,100,high,32.03,32.70869481765835,35.31,0.04745,ck4_p,CK4+P,400,147,0.4853061224489796,71.34
1.0,0.958171679558811,0.9274454659155045,0.2824287249846839,0.38093178260126603,0.11754601466640512,1.0,100,high,32.03,32.70869481765835,35.31,0.04745,ck4_msp,CK4+MSP,400,211,0.5747037914691943,121.2625
1.0,0.9719680778685962,0.951356620330622,0.23125125696864945,0.3119078445599318,0.07904056832919774,1.0,100,high,32.03,32.70869481765835,35.31,0.04745,ck4p_msp,CK4P-MSP,400,222,0.5912218468468469,131.25125
0.9975,0.8402336519358318,0.7317884732002592,0.5485639644269077,0.7321785604256908,0.4251492461052041,0.9975,100,high,32.03,32.70869481765835,35.31,0.04745,ckmer5_count_l2,canonical 5-mer,400,512,0.1574658203125,80.6225
1.0,0.9960034724772897,0.9813334904018918,0.04448340121416617,0.19321713093115991,0.2664911923193594,1.0,125,low,35.168,36.27254906682721,36.544,0.00252,ck4,CK4,400,136,0.5128400735294117,69.74625
1.0,0.9980007650435888,0.9906648946890289,0.031467628278681506,0.13663868378753471,0.13358502874908038,1.0,125,low,35.168,36.27254906682721,36.544,0.00252,ck4_p,CK4+P,400,147,0.5424914965986395,79.74625
1.0,0.9979962952974359,0.9906572312887205,0.031510954690768186,0.13669474261373718,0.1349614414253283,1.0,125,low,35.168,36.27254906682721,36.544,0.00252,ck4_msp,CK4+MSP,400,211,0.6148992890995261,129.74375
1.0,0.9986635494015869,0.9937702538512022,0.025736003277831366,0.11162183984170009,0.09019208365599722,1.0,125,low,35.168,36.27254906682721,36.544,0.00252,ck4p_msp,CK4P-MSP,400,222,0.6294763513513514,139.74375
1.0,0.9915322634571954,0.9619332567086315,0.06507491365204732,0.2759175098023529,0.5322578175398414,1.0,125,low,35.168,36.27254906682721,36.544,0.00252,ckmer5_count_l2,canonical 5-mer,400,512,0.19056640625,97.57
0.995,0.9918047176273842,0.9835491253888802,0.03763269587109853,0.18019736801191363,0.2672894548942685,0.995,125,mid,36.544,36.73212763395545,36.88,0.00196,ck4,CK4,400,136,0.5073069852941177,68.99375
0.9975,0.9983244872688987,0.9918036579466869,0.02723781993281544,0.12803390663327394,0.13399039771719368,0.995,125,mid,36.544,36.73212763395545,36.88,0.00196,ck4_p,CK4+P,400,147,0.5371768707482993,78.965
0.9975,0.9983935741811745,0.9918639597562161,0.026793487713520605,0.12756199105684082,0.1353312459570334,0.995,125,mid,36.544,36.73212763395545,36.88,0.00196,ck4_msp,CK4+MSP,400,211,0.6103376777251185,128.78125
0.9975,0.998890662500948,0.9945229079162226,0.022216486852076094,0.10466223374639524,0.09042998893289393,0.995,125,mid,36.544,36.73212763395545,36.88,0.00196,ck4p_msp,CK4P-MSP,400,222,0.6250112612612613,138.7525
0.995,0.9885086441985723,0.9666802428108935,0.05360358357134832,0.2564429602261584,0.5332170767107599,0.995,125,mid,36.544,36.73212763395545,36.88,0.00196,ckmer5_count_l2,canonical 5-mer,400,512,0.1891650390625,96.8525
1.0,0.99875426908666,0.98649094996581,0.015076879044998414,0.16437109567327463,0.2733278918568712,1.0,125,high,36.88,37.11089771359808,37.632,0.0007599999999999999,ck4,CK4,400,136,0.5120588235294118,69.64
1.0,0.9993768425018993,0.9932433378201077,0.01066355991696106,0.11624629899622134,0.13696783830131687,1.0,125,high,36.88,37.11089771359808,37.632,0.0007599999999999999,ck4_p,CK4+P,400,147,0.5417687074829932,79.64
1.0,0.9993752013523353,0.9932294813111621,0.010677825597685448,0.11636544937879376,0.13837076483250882,1.0,125,high,36.88,37.11089771359808,37.632,0.0007599999999999999,ck4_msp,CK4+MSP,400,211,0.6143957345971564,129.6375
1.0,0.9995832728739363,0.9954848960989102,0.008720523726384884,0.0950269831863429,0.09244549741226848,1.0,125,high,36.88,37.11089771359808,37.632,0.0007599999999999999,ck4p_msp,CK4P-MSP,400,222,0.6289977477477477,139.6375
1.0,0.9974825766703685,0.9731592429176597,0.021434408078440072,0.23169143358070024,0.5413297949529884,1.0,125,high,36.88,37.11089771359808,37.632,0.0007599999999999999,ckmer5_count_l2,canonical 5-mer,400,512,0.1901953125,97.38
1.0,0.995861260236766,0.9836034947531478,0.05272634782856162,0.18108833291139637,0.24548964702388326,1.0,150,low,35.21333333333333,36.09560396998305,36.38,0.0027333333333333333,ck4,CK4,400,136,0.5691544117647059,77.405
1.0,0.9979298188181821,0.9917938899557034,0.037290892759744926,0.1281101460785609,0.12302231044439264,1.0,150,low,35.21333333333333,36.09560396998305,36.38,0.0027333333333333333,ck4_p,CK4+P,400,147,0.5945918367346938,87.405
1.0,0.9979254132456582,0.9917693120081896,0.037332499178175056,0.12830187041473143,0.12418535506515463,1.0,150,low,35.21333333333333,36.09560396998305,36.38,0.0027333333333333333,ck4_msp,CK4+MSP,400,211,0.651196682464455,137.4025
1.0,0.9986164012969716,0.9945076363915465,0.030488160475014858,0.1048080355153514,0.08296798023468449,1.0,150,low,35.21333333333333,36.09560396998305,36.38,0.0027333333333333333,ck4p_msp,CK4P-MSP,400,222,0.6639752252252252,147.4025
1.0,0.9909863215070362,0.9662810934225365,0.07792274142872781,0.25968515225880867,0.5126450763633941,1.0,150,low,35.21333333333333,36.09560396998305,36.38,0.0027333333333333333,ckmer5_count_l2,canonical 5-mer,400,512,0.22197509765625,113.65125
1.0,0.9969919773762379,0.9876311861855605,0.04139430489384217,0.15728196431476582,0.2477535216256158,1.0,150,mid,36.38,36.53067538126361,36.67333333333333,0.002,ck4,CK4,400,136,0.5649448529411765,76.8325
1.0,0.9984953873253182,0.993814259838545,0.02927654736349962,0.11122712991789754,0.12418776518051107,1.0,150,mid,36.38,36.53067538126361,36.67333333333333,0.002,ck4_p,CK4+P,400,147,0.5906972789115646,86.8325
1.0,0.9984920645151715,0.9938077879922522,0.0293114117740822,0.11128528093454594,0.12541750399433207,1.0,150,mid,36.38,36.53067538126361,36.67333333333333,0.002,ck4_msp,CK4+MSP,400,211,0.6484952606635072,136.8325
1.0,0.9989943087682471,0.9958709698253443,0.023937843267178814,0.09087383178907556,0.08379577278605438,1.0,150,mid,36.38,36.53067538126361,36.67333333333333,0.002,ck4p_msp,CK4P-MSP,400,222,0.6614076576576576,146.8325
1.0,0.9935429328706651,0.9740085360091886,0.06061786466257333,0.22799764347948318,0.5133227820621796,1.0,150,mid,36.38,36.53067538126361,36.67333333333333,0.002,ckmer5_count_l2,canonical 5-mer,400,512,0.22112060546875,113.21375
0.9975,0.9984794052749948,0.988971829769939,0.02092255462512963,0.1485133298826809,0.24310460945673776,0.995,150,high,36.67333333333333,36.88713144517066,37.526666666666664,0.001,ck4,CK4,400,136,0.5640992647058823,76.7175
0.9975,0.99923942253529,0.9944844144792885,0.014797424181576863,0.10502906115992076,0.1218722237206147,0.995,150,high,36.67333333333333,36.88713144517066,37.526666666666664,0.001,ck4_p,CK4+P,400,147,0.5899319727891157,86.72
0.9975,0.999237874850845,0.994477687702715,0.014813604140592674,0.10509309672049541,0.12313663608625502,0.995,150,high,36.67333333333333,36.88713144517066,37.526666666666664,0.001,ck4_msp,CK4+MSP,400,211,0.6479502369668246,136.7175
0.9975,0.999491729832425,0.99631751946445,0.012097656166773616,0.0858190974665278,0.08230035112739004,0.995,150,high,36.67333333333333,36.88713144517066,37.526666666666664,0.001,ck4p_msp,CK4P-MSP,400,222,0.6609009009009009,146.72
0.9975,0.9967722101255931,0.9768469968255296,0.030478981741525617,0.21518828196610354,0.5044755812394932,0.995,150,high,36.67333333333333,36.88713144517066,37.526666666666664,0.001,ckmer5_count_l2,canonical 5-mer,400,512,0.22125244140625,113.28125
