split,classifier,accuracy,macro_f1,length,local_mode,representation,n_samples,n_features,accuracy_std,macro_f1_std,mutation_fraction
holdout,nearest_centroid,0.5666666666666667,0.5655806182121972,69,center,ck4,360,136,,,0.01
holdout,logistic,0.5583333333333333,0.5568253083408822,69,center,ck4,360,136,,,0.01
5fold_grouped_cv,nearest_centroid,0.5305555555555556,0.5264659617972703,69,center,ck4,360,136,0.04427049291808121,0.048192432701078695,0.01
5fold_grouped_cv,logistic,0.5083333333333333,0.5022687776568905,69,center,ck4,360,136,0.02576005137637695,0.02743052631634651,0.01
holdout,nearest_centroid,0.5666666666666667,0.5655806182121972,69,center,ck4_p,360,147,,,0.01
holdout,logistic,0.675,0.6722459555991316,69,center,ck4_p,360,147,,,0.01
5fold_grouped_cv,nearest_centroid,0.5333333333333333,0.5291733648524996,69,center,ck4_p,360,147,0.049378857873975494,0.05299567622633057,0.01
5fold_grouped_cv,logistic,0.7027777777777777,0.7023384243146693,69,center,ck4_p,360,147,0.01416394309331329,0.01398201152802647,0.01
holdout,nearest_centroid,0.625,0.6237196014215037,69,center,ck4_msp,360,211,,,0.01
holdout,logistic,0.9416666666666667,0.9414674935544561,69,center,ck4_msp,360,211,,,0.01
5fold_grouped_cv,nearest_centroid,0.5722222222222222,0.5688290120014443,69,center,ck4_msp,360,211,0.05076574134026963,0.054794357901151856,0.01
5fold_grouped_cv,logistic,0.9444444444444444,0.9443369826737946,69,center,ck4_msp,360,211,0.019641855032959663,0.01970054563518276,0.01
holdout,nearest_centroid,0.625,0.6237196014215037,69,center,ck4p_msp,360,222,,,0.01
holdout,logistic,0.95,0.949874686716792,69,center,ck4p_msp,360,222,,,0.01
5fold_grouped_cv,nearest_centroid,0.5722222222222222,0.5688290120014443,69,center,ck4p_msp,360,222,0.05076574134026963,0.054794357901151856,0.01
5fold_grouped_cv,logistic,0.9527777777777778,0.9527203476768694,69,center,ck4p_msp,360,222,0.01416394309331329,0.014184630343736623,0.01
holdout,nearest_centroid,0.49166666666666664,0.4899310152602606,69,jittered,ck4,360,136,,,0.01
holdout,logistic,0.4666666666666667,0.4642857142857143,69,jittered,ck4,360,136,,,0.01
5fold_grouped_cv,nearest_centroid,0.5305555555555556,0.5290052642565666,69,jittered,ck4,360,136,0.05000000000000001,0.05239495793958751,0.01
5fold_grouped_cv,logistic,0.5472222222222223,0.5450267617224138,69,jittered,ck4,360,136,0.04267303193260339,0.04365683880367956,0.01
holdout,nearest_centroid,0.49166666666666664,0.4899310152602606,69,jittered,ck4_p,360,147,,,0.01
holdout,logistic,0.6416666666666667,0.6416417806792138,69,jittered,ck4_p,360,147,,,0.01
5fold_grouped_cv,nearest_centroid,0.5333333333333334,0.5318382860824497,69,jittered,ck4_p,360,147,0.05015408357018831,0.05261477502850651,0.01
5fold_grouped_cv,logistic,0.711111111111111,0.7096533327667229,69,jittered,ck4_p,360,147,0.03767961101736262,0.03835262011800461,0.01
holdout,nearest_centroid,0.5,0.4987468671679198,69,jittered,ck4_msp,360,211,,,0.01
holdout,logistic,0.7666666666666667,0.7664071190211346,69,jittered,ck4_msp,360,211,,,0.01
5fold_grouped_cv,nearest_centroid,0.5416666666666667,0.5401592952755407,69,jittered,ck4_msp,360,211,0.05196746370519364,0.05453001943831363,0.01
5fold_grouped_cv,logistic,0.8277777777777777,0.8272613119268133,69,jittered,ck4_msp,360,211,0.01883980550868132,0.018799785103366266,0.01
holdout,nearest_centroid,0.5,0.4987468671679198,69,jittered,ck4p_msp,360,222,,,0.01
holdout,logistic,0.7916666666666666,0.7916521980693103,69,jittered,ck4p_msp,360,222,,,0.01
5fold_grouped_cv,nearest_centroid,0.5416666666666667,0.5401592952755407,69,jittered,ck4p_msp,360,222,0.05196746370519364,0.05453001943831363,0.01
5fold_grouped_cv,logistic,0.836111111111111,0.8354207852530443,69,jittered,ck4p_msp,360,222,0.032155102507750624,0.032487441842721225,0.01
holdout,nearest_centroid,0.475,0.474671669793621,69,left,ck4,360,136,,,0.01
holdout,logistic,0.4583333333333333,0.45190077998735156,69,left,ck4,360,136,,,0.01
5fold_grouped_cv,nearest_centroid,0.5111111111111111,0.5085073368239464,69,left,ck4,360,136,0.03868996743662257,0.039367157498101414,0.01
5fold_grouped_cv,logistic,0.5138888888888888,0.5126242085203788,69,left,ck4,360,136,0.04212708580028639,0.04220641046029043,0.01
holdout,nearest_centroid,0.475,0.474671669793621,69,left,ck4_p,360,147,,,0.01
holdout,logistic,0.7166666666666667,0.7163515016685206,69,left,ck4_p,360,147,,,0.01
5fold_grouped_cv,nearest_centroid,0.5138888888888888,0.5109285680982458,69,left,ck4_p,360,147,0.03828902431136174,0.03852793194204069,0.01
5fold_grouped_cv,logistic,0.725,0.7248857975695715,69,left,ck4_p,360,147,0.029658550700086952,0.029642960529097578,0.01
holdout,nearest_centroid,0.5,0.4994438264738599,69,left,ck4_msp,360,211,,,0.01
holdout,logistic,0.9583333333333334,0.9582608695652174,69,left,ck4_msp,360,211,,,0.01
5fold_grouped_cv,nearest_centroid,0.5472222222222223,0.5453398614595725,69,left,ck4_msp,360,211,0.04267303193260339,0.04235920425138243,0.01
5fold_grouped_cv,logistic,0.961111111111111,0.9610789099629875,69,left,ck4_msp,360,211,0.005555555555555536,0.005571730622905113,0.01
holdout,nearest_centroid,0.5,0.4994438264738599,69,left,ck4p_msp,360,222,,,0.01
holdout,logistic,0.9666666666666667,0.9666295884315907,69,left,ck4p_msp,360,222,,,0.01
5fold_grouped_cv,nearest_centroid,0.55,0.5482581546349662,69,left,ck4p_msp,360,222,0.0398686113733537,0.039429721595614725,0.01
5fold_grouped_cv,logistic,0.961111111111111,0.9610789099629875,69,left,ck4p_msp,360,222,0.005555555555555536,0.005571730622905113,0.01
holdout,nearest_centroid,0.5083333333333333,0.5005291005291006,69,right,ck4,360,136,,,0.01
holdout,logistic,0.4583333333333333,0.45829571498020694,69,right,ck4,360,136,,,0.01
5fold_grouped_cv,nearest_centroid,0.5222222222222221,0.5203255304072955,69,right,ck4,360,136,0.047790695928014576,0.04759302866906211,0.01
5fold_grouped_cv,logistic,0.5138888888888888,0.5103994559597406,69,right,ck4,360,136,0.023240556292613193,0.0238243440720066,0.01
holdout,nearest_centroid,0.5083333333333333,0.5005291005291006,69,right,ck4_p,360,147,,,0.01
holdout,logistic,0.65,0.6499027507641011,69,right,ck4_p,360,147,,,0.01
5fold_grouped_cv,nearest_centroid,0.5222222222222221,0.5203255304072955,69,right,ck4_p,360,147,0.047790695928014576,0.04759302866906211,0.01
5fold_grouped_cv,logistic,0.6722222222222222,0.6715489277970518,69,right,ck4_p,360,147,0.054574674178856954,0.05467474951821386,0.01
holdout,nearest_centroid,0.575,0.5699529196823835,69,right,ck4_msp,360,211,,,0.01
holdout,logistic,0.975,0.9749843652282677,69,right,ck4_msp,360,211,,,0.01
5fold_grouped_cv,nearest_centroid,0.5583333333333333,0.5561117999688299,69,right,ck4_msp,360,211,0.03967460238079363,0.03990093014066282,0.01
5fold_grouped_cv,logistic,0.975,0.9749694066723149,69,right,ck4_msp,360,211,0.013608276348795441,0.013642463420249237,0.01
holdout,nearest_centroid,0.5666666666666667,0.5606871303858068,69,right,ck4p_msp,360,222,,,0.01
holdout,logistic,0.9666666666666667,0.9666295884315907,69,right,ck4p_msp,360,222,,,0.01
5fold_grouped_cv,nearest_centroid,0.5583333333333333,0.5561117999688299,69,right,ck4p_msp,360,222,0.03967460238079363,0.03990093014066282,0.01
5fold_grouped_cv,logistic,0.975,0.9749694066723149,69,right,ck4p_msp,360,222,0.013608276348795441,0.013642463420249237,0.01
holdout,nearest_centroid,0.425,0.42400000000000004,100,center,ck4,360,136,,,0.01
holdout,logistic,0.5333333333333333,0.5332036676854682,100,center,ck4,360,136,,,0.01
5fold_grouped_cv,nearest_centroid,0.4722222222222223,0.47107393391671015,100,center,ck4,360,136,0.056245713142546075,0.05602710996921715,0.01
5fold_grouped_cv,logistic,0.5499999999999999,0.5471990719420549,100,center,ck4,360,136,0.01883980550868132,0.0181169654311935,0.01
holdout,nearest_centroid,0.425,0.42400000000000004,100,center,ck4_p,360,147,,,0.01
holdout,logistic,0.775,0.7737272155876807,100,center,ck4_p,360,147,,,0.01
5fold_grouped_cv,nearest_centroid,0.4722222222222223,0.47107393391671015,100,center,ck4_p,360,147,0.056245713142546075,0.05602710996921715,0.01
5fold_grouped_cv,logistic,0.7222222222222222,0.7216442518384583,100,center,ck4_p,360,147,0.04648111258522642,0.04613109581794512,0.01
holdout,nearest_centroid,0.5,0.5,100,center,ck4_msp,360,211,,,0.01
holdout,logistic,0.9083333333333333,0.9080203470141454,100,center,ck4_msp,360,211,,,0.01
5fold_grouped_cv,nearest_centroid,0.5277777777777779,0.5262063910890474,100,center,ck4_msp,360,211,0.06022078719077445,0.06046965382366125,0.01
5fold_grouped_cv,logistic,0.9527777777777778,0.9527213547292586,100,center,ck4_msp,360,211,0.018839805508681317,0.018937303985699292,0.01
holdout,nearest_centroid,0.5,0.5,100,center,ck4p_msp,360,222,,,0.01
holdout,logistic,0.9333333333333333,0.9331662489557226,100,center,ck4p_msp,360,222,,,0.01
5fold_grouped_cv,nearest_centroid,0.5277777777777779,0.5262063910890474,100,center,ck4p_msp,360,222,0.06022078719077445,0.06046965382366125,0.01
5fold_grouped_cv,logistic,0.9583333333333334,0.9582779821651066,100,center,ck4p_msp,360,222,0.023240556292613235,0.023332465023225283,0.01
holdout,nearest_centroid,0.5583333333333333,0.5575652173913044,100,jittered,ck4,360,136,,,0.01
holdout,logistic,0.6,0.5995550611790879,100,jittered,ck4,360,136,,,0.01
5fold_grouped_cv,nearest_centroid,0.5527777777777777,0.551258910276544,100,jittered,ck4,360,136,0.022222222222222227,0.021707295217294965,0.01
5fold_grouped_cv,logistic,0.5666666666666667,0.5657446280863513,100,jittered,ck4,360,136,0.04922234762963709,0.04883312854315798,0.01
holdout,nearest_centroid,0.5583333333333333,0.5575652173913044,100,jittered,ck4_p,360,147,,,0.01
holdout,logistic,0.7583333333333333,0.7581821972065874,100,jittered,ck4_p,360,147,,,0.01
5fold_grouped_cv,nearest_centroid,0.5527777777777777,0.551258910276544,100,jittered,ck4_p,360,147,0.022222222222222227,0.021707295217294965,0.01
5fold_grouped_cv,logistic,0.7138888888888888,0.7132563676881889,100,jittered,ck4_p,360,147,0.027216552697590858,0.02728582952309555,0.01
holdout,nearest_centroid,0.5666666666666667,0.5655806182121972,100,jittered,ck4_msp,360,211,,,0.01
holdout,logistic,0.9166666666666666,0.9165739710789766,100,jittered,ck4_msp,360,211,,,0.01
5fold_grouped_cv,nearest_centroid,0.5611111111111111,0.5597982500101744,100,jittered,ck4_msp,360,211,0.029917582261858377,0.029243997676883432,0.01
5fold_grouped_cv,logistic,0.8722222222222221,0.8719253215467008,100,jittered,ck4_msp,360,211,0.05000000000000002,0.050312346350979066,0.01
holdout,nearest_centroid,0.5666666666666667,0.5655806182121972,100,jittered,ck4p_msp,360,222,,,0.01
holdout,logistic,0.925,0.9248695652173913,100,jittered,ck4p_msp,360,222,,,0.01
5fold_grouped_cv,nearest_centroid,0.5611111111111111,0.5597982500101744,100,jittered,ck4p_msp,360,222,0.029917582261858377,0.029243997676883432,0.01
5fold_grouped_cv,logistic,0.8833333333333332,0.8829694971255154,100,jittered,ck4p_msp,360,222,0.04937885787397551,0.049741044701826304,0.01
holdout,nearest_centroid,0.39166666666666666,0.39128622055451323,100,left,ck4,360,136,,,0.01
holdout,logistic,0.45,0.44862155388471175,100,left,ck4,360,136,,,0.01
5fold_grouped_cv,nearest_centroid,0.49444444444444446,0.49338512201575674,100,left,ck4,360,136,0.01883980550868131,0.018939374636193045,0.01
5fold_grouped_cv,logistic,0.4888888888888888,0.4875028213395202,100,left,ck4,360,136,0.052263577006185495,0.052360278703611166,0.01
holdout,nearest_centroid,0.39166666666666666,0.39128622055451323,100,left,ck4_p,360,147,,,0.01
holdout,logistic,0.5916666666666667,0.5916383082158483,100,left,ck4_p,360,147,,,0.01
5fold_grouped_cv,nearest_centroid,0.49444444444444446,0.49338512201575674,100,left,ck4_p,360,147,0.01883980550868131,0.018939374636193045,0.01
5fold_grouped_cv,logistic,0.6666666666666666,0.6631549956862154,100,left,ck4_p,360,147,0.036217791140014714,0.03469640068816804,0.01
holdout,nearest_centroid,0.43333333333333335,0.43333333333333335,100,left,ck4_msp,360,211,,,0.01
holdout,logistic,0.9833333333333333,0.9833287024173382,100,left,ck4_msp,360,211,,,0.01
5fold_grouped_cv,nearest_centroid,0.5305555555555554,0.529270144991059,100,left,ck4_msp,360,211,0.020412414523193156,0.020343615977918325,0.01
5fold_grouped_cv,logistic,0.9916666666666666,0.9916618407222305,100,left,ck4_msp,360,211,0.01111111111111111,0.011118887025293532,0.01
holdout,nearest_centroid,0.43333333333333335,0.43333333333333335,100,left,ck4p_msp,360,222,,,0.01
holdout,logistic,0.9833333333333333,0.9833287024173382,100,left,ck4p_msp,360,222,,,0.01
5fold_grouped_cv,nearest_centroid,0.5333333333333333,0.5320666806739538,100,left,ck4p_msp,360,222,0.0188398055086813,0.018936528820640272,0.01
5fold_grouped_cv,logistic,0.9916666666666666,0.9916618407222305,100,left,ck4p_msp,360,222,0.01111111111111111,0.011118887025293532,0.01
holdout,nearest_centroid,0.5083333333333333,0.5080258494892642,100,right,ck4,360,136,,,0.01
holdout,logistic,0.5083333333333333,0.5082991874435725,100,right,ck4,360,136,,,0.01
5fold_grouped_cv,nearest_centroid,0.513888888888889,0.510790078256441,100,right,ck4,360,136,0.051219691429404954,0.05209001687816144,0.01
5fold_grouped_cv,logistic,0.5777777777777777,0.571995783361593,100,right,ck4,360,136,0.042673031932603404,0.04346486510404666,0.01
holdout,nearest_centroid,0.5083333333333333,0.5080258494892642,100,right,ck4_p,360,147,,,0.01
holdout,logistic,0.7,0.699666295884316,100,right,ck4_p,360,147,,,0.01
5fold_grouped_cv,nearest_centroid,0.5222222222222223,0.5198049161817277,100,right,ck4_p,360,147,0.04859126579037753,0.04892198647290466,0.01
5fold_grouped_cv,logistic,0.7777777777777779,0.776539072095659,100,right,ck4_p,360,147,0.038289024311361726,0.03856318969616764,0.01
holdout,nearest_centroid,0.525,0.5247029393370857,100,right,ck4_msp,360,211,,,0.01
holdout,logistic,0.9583333333333334,0.9582608695652174,100,right,ck4_msp,360,211,,,0.01
5fold_grouped_cv,nearest_centroid,0.5666666666666667,0.5648097478039114,100,right,ck4_msp,360,211,0.04427049291808117,0.0453938129430035,0.01
5fold_grouped_cv,logistic,0.9805555555555557,0.9805195480103148,100,right,ck4_msp,360,211,0.018839805508681317,0.018905275876668428,0.01
holdout,nearest_centroid,0.525,0.5247029393370857,100,right,ck4p_msp,360,222,,,0.01
holdout,logistic,0.95,0.949874686716792,100,right,ck4p_msp,360,222,,,0.01
5fold_grouped_cv,nearest_centroid,0.5666666666666667,0.5648097478039114,100,right,ck4p_msp,360,222,0.04427049291808117,0.0453938129430035,0.01
5fold_grouped_cv,logistic,0.9833333333333332,0.9832978617282387,100,right,ck4p_msp,360,222,0.02041241452319316,0.02047781500234627,0.01
holdout,nearest_centroid,0.7583333333333333,0.7583165497604001,150,center,ck4,360,136,,,0.01
holdout,logistic,0.7333333333333333,0.7332592386774104,150,center,ck4,360,136,,,0.01
5fold_grouped_cv,nearest_centroid,0.8027777777777778,0.8021224195095922,150,center,ck4,360,136,0.04249182927993988,0.042630972522728225,0.01
5fold_grouped_cv,logistic,0.7833333333333334,0.7821595520366074,150,center,ck4,360,136,0.05800170282728082,0.05850616299584795,0.01
holdout,nearest_centroid,0.7583333333333333,0.7583165497604001,150,center,ck4_p,360,147,,,0.01
holdout,logistic,0.75,0.75,150,center,ck4_p,360,147,,,0.01
5fold_grouped_cv,nearest_centroid,0.8027777777777778,0.8021224195095922,150,center,ck4_p,360,147,0.04249182927993988,0.042630972522728225,0.01
5fold_grouped_cv,logistic,0.7805555555555556,0.7797634940918522,150,center,ck4_p,360,147,0.03333333333333334,0.03295762338888054,0.01
holdout,nearest_centroid,0.7833333333333333,0.7833333333333333,150,center,ck4_msp,360,211,,,0.01
holdout,logistic,0.9916666666666667,0.9916660879227724,150,center,ck4_msp,360,211,,,0.01
5fold_grouped_cv,nearest_centroid,0.8194444444444444,0.818893062736999,150,center,ck4_msp,360,211,0.04212708580028639,0.042165391303388866,0.01
5fold_grouped_cv,logistic,0.9888888888888889,0.9888835270043064,150,center,ck4_msp,360,211,0.010393492741038724,0.010400659235583802,0.01
holdout,nearest_centroid,0.7833333333333333,0.7833333333333333,150,center,ck4p_msp,360,222,,,0.01
holdout,logistic,0.9916666666666667,0.9916660879227724,150,center,ck4p_msp,360,222,,,0.01
5fold_grouped_cv,nearest_centroid,0.8194444444444444,0.818893062736999,150,center,ck4p_msp,360,222,0.04212708580028639,0.042165391303388866,0.01
5fold_grouped_cv,logistic,0.9888888888888889,0.9888835270043064,150,center,ck4p_msp,360,222,0.010393492741038724,0.010400659235583802,0.01
holdout,nearest_centroid,0.7333333333333333,0.7332592386774104,150,jittered,ck4,360,136,,,0.01
holdout,logistic,0.6916666666666667,0.6914738378153013,150,jittered,ck4,360,136,,,0.01
5fold_grouped_cv,nearest_centroid,0.736111111111111,0.7345183024988018,150,jittered,ck4,360,136,0.03828902431136173,0.037268911366004735,0.01
5fold_grouped_cv,logistic,0.7277777777777779,0.7275716934124101,150,jittered,ck4,360,136,0.03888888888888886,0.038916608217178024,0.01
holdout,nearest_centroid,0.7333333333333333,0.7332592386774104,150,jittered,ck4_p,360,147,,,0.01
holdout,logistic,0.7083333333333334,0.7078260869565217,150,jittered,ck4_p,360,147,,,0.01
5fold_grouped_cv,nearest_centroid,0.736111111111111,0.7345183024988018,150,jittered,ck4_p,360,147,0.03828902431136173,0.037268911366004735,0.01
5fold_grouped_cv,logistic,0.7222222222222223,0.7216767778879312,150,jittered,ck4_p,360,147,0.04564354645876384,0.04601331929451302,0.01
holdout,nearest_centroid,0.7333333333333333,0.7332592386774104,150,jittered,ck4_msp,360,211,,,0.01
holdout,logistic,0.9,0.899749373433584,150,jittered,ck4_msp,360,211,,,0.01
5fold_grouped_cv,nearest_centroid,0.7388888888888889,0.737335233704697,150,jittered,ck4_msp,360,211,0.03333333333333332,0.03220241018548148,0.01
5fold_grouped_cv,logistic,0.8722222222222221,0.8717922779015732,150,jittered,ck4_msp,360,211,0.04427049291808119,0.04466529219277665,0.01
holdout,nearest_centroid,0.7333333333333333,0.7332592386774104,150,jittered,ck4p_msp,360,222,,,0.01
holdout,logistic,0.9083333333333333,0.9080203470141454,150,jittered,ck4p_msp,360,222,,,0.01
5fold_grouped_cv,nearest_centroid,0.7388888888888889,0.737335233704697,150,jittered,ck4p_msp,360,222,0.03333333333333332,0.03220241018548148,0.01
5fold_grouped_cv,logistic,0.8777777777777779,0.8773178440805645,150,jittered,ck4p_msp,360,222,0.04843221048378528,0.048662049446751995,0.01
holdout,nearest_centroid,0.7166666666666667,0.7163515016685206,150,left,ck4,360,136,,,0.01
holdout,logistic,0.775,0.7748592870544091,150,left,ck4,360,136,,,0.01
5fold_grouped_cv,nearest_centroid,0.7861111111111111,0.7846298388833155,150,left,ck4,360,136,0.03685138655950443,0.03758629395987392,0.01
5fold_grouped_cv,logistic,0.8333333333333334,0.8331960059375942,150,left,ck4,360,136,0.03167153958608714,0.03167396146575963,0.01
holdout,nearest_centroid,0.7166666666666667,0.7163515016685206,150,left,ck4_p,360,147,,,0.01
holdout,logistic,0.8083333333333333,0.8082134667500521,150,left,ck4_p,360,147,,,0.01
5fold_grouped_cv,nearest_centroid,0.7861111111111111,0.7846298388833155,150,left,ck4_p,360,147,0.03685138655950443,0.03758629395987392,0.01
5fold_grouped_cv,logistic,0.8416666666666666,0.8413077263784595,150,left,ck4_p,360,147,0.028598972613852757,0.02859216907622684,0.01
holdout,nearest_centroid,0.75,0.7499305362600722,150,left,ck4_msp,360,211,,,0.01
holdout,logistic,0.9916666666666667,0.9916660879227724,150,left,ck4_msp,360,211,,,0.01
5fold_grouped_cv,nearest_centroid,0.8138888888888889,0.8127492967369679,150,left,ck4_msp,360,211,0.04356774205932811,0.044039534128599504,0.01
5fold_grouped_cv,logistic,0.986111111111111,0.9861019951623848,150,left,ck4_msp,360,211,0.012422599874998837,0.012432193032727346,0.01
holdout,nearest_centroid,0.75,0.7499305362600722,150,left,ck4p_msp,360,222,,,0.01
holdout,logistic,0.9916666666666667,0.9916660879227724,150,left,ck4p_msp,360,222,,,0.01
5fold_grouped_cv,nearest_centroid,0.8138888888888889,0.8127492967369679,150,left,ck4p_msp,360,222,0.04356774205932811,0.044039534128599504,0.01
5fold_grouped_cv,logistic,0.9888888888888889,0.9888835270043064,150,left,ck4p_msp,360,222,0.010393492741038726,0.010400659235583804,0.01
holdout,nearest_centroid,0.75,0.7488839285714286,150,right,ck4,360,136,,,0.01
holdout,logistic,0.775,0.7749843739148552,150,right,ck4,360,136,,,0.01
5fold_grouped_cv,nearest_centroid,0.7194444444444444,0.7178445042859651,150,right,ck4,360,136,0.0752567621341337,0.07668550380760994,0.01
5fold_grouped_cv,logistic,0.7055555555555555,0.7047284033813312,150,right,ck4,360,136,0.032155102507750624,0.032420489165265416,0.01
holdout,nearest_centroid,0.75,0.7488839285714286,150,right,ck4_p,360,147,,,0.01
holdout,logistic,0.775,0.7748592870544091,150,right,ck4_p,360,147,,,0.01
5fold_grouped_cv,nearest_centroid,0.7194444444444444,0.7178445042859651,150,right,ck4_p,360,147,0.0752567621341337,0.07668550380760994,0.01
5fold_grouped_cv,logistic,0.736111111111111,0.7355212068255548,150,right,ck4_p,360,147,0.041201102706087026,0.041603218484181394,0.01
holdout,nearest_centroid,0.7666666666666667,0.765625,150,right,ck4_msp,360,211,,,0.01
holdout,logistic,0.9666666666666667,0.9666295884315907,150,right,ck4_msp,360,211,,,0.01
5fold_grouped_cv,nearest_centroid,0.7305555555555555,0.7282871456448208,150,right,ck4_msp,360,211,0.06724288020505667,0.0691272443645528,0.01
5fold_grouped_cv,logistic,0.9694444444444444,0.9693805232722497,150,right,ck4_msp,360,211,0.020412414523193156,0.020469900909452436,0.01
holdout,nearest_centroid,0.7666666666666667,0.765625,150,right,ck4p_msp,360,222,,,0.01
holdout,logistic,0.9666666666666667,0.9666295884315907,150,right,ck4p_msp,360,222,,,0.01
5fold_grouped_cv,nearest_centroid,0.7305555555555555,0.7282871456448208,150,right,ck4p_msp,360,222,0.06724288020505667,0.0691272443645528,0.01
5fold_grouped_cv,logistic,0.9777777777777779,0.9777347980443956,150,right,ck4p_msp,360,222,0.020786985482077462,0.02084446370950324,0.01
holdout,nearest_centroid,0.7083333333333334,0.7023598611012685,69,center,ck4,360,136,,,0.03
holdout,logistic,0.7666666666666667,0.7666018338427341,69,center,ck4,360,136,,,0.03
5fold_grouped_cv,nearest_centroid,0.6638888888888889,0.662565539574634,69,center,ck4,360,136,0.04922234762963709,0.04946768283092775,0.03
5fold_grouped_cv,logistic,0.7472222222222221,0.7456917114916687,69,center,ck4,360,136,0.0355729124301825,0.03661358393248363,0.03
holdout,nearest_centroid,0.7083333333333334,0.7023598611012685,69,center,ck4_p,360,147,,,0.03
holdout,logistic,0.7833333333333333,0.783273131425396,69,center,ck4_p,360,147,,,0.03
5fold_grouped_cv,nearest_centroid,0.6638888888888889,0.662565539574634,69,center,ck4_p,360,147,0.04922234762963709,0.04946768283092775,0.03
5fold_grouped_cv,logistic,0.7666666666666668,0.7655972568951975,69,center,ck4_p,360,147,0.04427049291808119,0.044565588608603254,0.03
holdout,nearest_centroid,0.7416666666666667,0.7385988335324292,69,center,ck4_msp,360,211,,,0.03
holdout,logistic,0.9583333333333334,0.9582608695652174,69,center,ck4_msp,360,211,,,0.03
5fold_grouped_cv,nearest_centroid,0.6972222222222223,0.6955298742315434,69,center,ck4_msp,360,211,0.04513354669242199,0.04550466641869544,0.03
5fold_grouped_cv,logistic,0.9583333333333334,0.9582123107386898,69,center,ck4_msp,360,211,0.019641855032959663,0.019757612700276154,0.03
holdout,nearest_centroid,0.7416666666666667,0.7385988335324292,69,center,ck4p_msp,360,222,,,0.03
holdout,logistic,0.9583333333333334,0.9582608695652174,69,center,ck4p_msp,360,222,,,0.03
5fold_grouped_cv,nearest_centroid,0.6972222222222223,0.6955298742315434,69,center,ck4p_msp,360,222,0.04513354669242199,0.04550466641869544,0.03
5fold_grouped_cv,logistic,0.961111111111111,0.9610002912658009,69,center,ck4p_msp,360,222,0.020412414523193156,0.020535952946427124,0.03
holdout,nearest_centroid,0.7333333333333333,0.7330367074527253,69,jittered,ck4,360,136,,,0.03
holdout,logistic,0.8083333333333333,0.8082134667500521,69,jittered,ck4,360,136,,,0.03
5fold_grouped_cv,nearest_centroid,0.7555555555555555,0.7540670036485254,69,jittered,ck4,360,136,0.025760051376376943,0.026114952653453913,0.03
5fold_grouped_cv,logistic,0.7916666666666667,0.7910413672351753,69,jittered,ck4,360,136,0.03042903097250925,0.03077506698230226,0.03
holdout,nearest_centroid,0.7333333333333333,0.7330367074527253,69,jittered,ck4_p,360,147,,,0.03
holdout,logistic,0.8083333333333333,0.8083200222237655,69,jittered,ck4_p,360,147,,,0.03
5fold_grouped_cv,nearest_centroid,0.7555555555555555,0.7540670036485254,69,jittered,ck4_p,360,147,0.025760051376376943,0.026114952653453913,0.03
5fold_grouped_cv,logistic,0.8222222222222222,0.8217816533648813,69,jittered,ck4_p,360,147,0.04063538566202167,0.04063634281854986,0.03
holdout,nearest_centroid,0.7333333333333333,0.7330367074527253,69,jittered,ck4_msp,360,211,,,0.03
holdout,logistic,0.8833333333333333,0.8830409356725146,69,jittered,ck4_msp,360,211,,,0.03
5fold_grouped_cv,nearest_centroid,0.7611111111111111,0.7593772861013506,69,jittered,ck4_msp,360,211,0.018425693279752194,0.019299706817545184,0.03
5fold_grouped_cv,logistic,0.9111111111111111,0.9108222318569004,69,jittered,ck4_msp,360,211,0.028598972613852774,0.028864495372666985,0.03
holdout,nearest_centroid,0.7333333333333333,0.7330367074527253,69,jittered,ck4p_msp,360,222,,,0.03
holdout,logistic,0.8916666666666667,0.89129677374399,69,jittered,ck4p_msp,360,222,,,0.03
5fold_grouped_cv,nearest_centroid,0.7611111111111111,0.7593772861013506,69,jittered,ck4p_msp,360,222,0.018425693279752194,0.019299706817545184,0.03
5fold_grouped_cv,logistic,0.9194444444444445,0.9192564151775588,69,jittered,ck4p_msp,360,222,0.018425693279752235,0.018556799367333607,0.03
holdout,nearest_centroid,0.725,0.7245217391304348,69,left,ck4,360,136,,,0.03
holdout,logistic,0.6333333333333333,0.6324143692564745,69,left,ck4,360,136,,,0.03
5fold_grouped_cv,nearest_centroid,0.7166666666666666,0.7156689107291397,69,left,ck4,360,136,0.05166965343816188,0.05238711683211806,0.03
5fold_grouped_cv,logistic,0.6972222222222223,0.6958390478643643,69,left,ck4,360,136,0.06596856715021066,0.06591036574536677,0.03
holdout,nearest_centroid,0.725,0.7245217391304348,69,left,ck4_p,360,147,,,0.03
holdout,logistic,0.6583333333333333,0.6564005866331448,69,left,ck4_p,360,147,,,0.03
5fold_grouped_cv,nearest_centroid,0.7166666666666666,0.7156689107291397,69,left,ck4_p,360,147,0.05166965343816188,0.05238711683211806,0.03
5fold_grouped_cv,logistic,0.6722222222222222,0.6687572211440937,69,left,ck4_p,360,147,0.05166965343816186,0.05157803896954903,0.03
holdout,nearest_centroid,0.7416666666666667,0.7412173913043478,69,left,ck4_msp,360,211,,,0.03
holdout,logistic,0.9666666666666667,0.9666295884315907,69,left,ck4_msp,360,211,,,0.03
5fold_grouped_cv,nearest_centroid,0.7388888888888889,0.7381161132351004,69,left,ck4_msp,360,211,0.0522635770061855,0.052744540534226614,0.03
5fold_grouped_cv,logistic,0.9805555555555555,0.9804839613794837,69,left,ck4_msp,360,211,0.027216552697590858,0.02734154848472839,0.03
holdout,nearest_centroid,0.7416666666666667,0.7412173913043478,69,left,ck4p_msp,360,222,,,0.03
holdout,logistic,0.975,0.9749843652282677,69,left,ck4p_msp,360,222,,,0.03
5fold_grouped_cv,nearest_centroid,0.7388888888888889,0.7381161132351004,69,left,ck4p_msp,360,222,0.0522635770061855,0.052744540534226614,0.03
5fold_grouped_cv,logistic,0.9805555555555555,0.9804839613794837,69,left,ck4p_msp,360,222,0.027216552697590858,0.02734154848472839,0.03
holdout,nearest_centroid,0.7583333333333333,0.7569662685941756,69,right,ck4,360,136,,,0.03
holdout,logistic,0.7333333333333333,0.7332592386774104,69,right,ck4,360,136,,,0.03
5fold_grouped_cv,nearest_centroid,0.7333333333333332,0.7313706563706563,69,right,ck4,360,136,0.057197945227705584,0.0559132150964923,0.03
5fold_grouped_cv,logistic,0.7638888888888887,0.7632781866368841,69,right,ck4,360,136,0.04392052305789415,0.04374605552869869,0.03
holdout,nearest_centroid,0.7583333333333333,0.7569662685941756,69,right,ck4_p,360,147,,,0.03
holdout,logistic,0.7833333333333333,0.7818181818181819,69,right,ck4_p,360,147,,,0.03
5fold_grouped_cv,nearest_centroid,0.736111111111111,0.7340834312573443,69,right,ck4_p,360,147,0.052704627669472995,0.05150191126648282,0.03
5fold_grouped_cv,logistic,0.7805555555555556,0.7800623989229967,69,right,ck4_p,360,147,0.050765741340269614,0.05060959288639098,0.03
holdout,nearest_centroid,0.7916666666666666,0.7909553341230576,69,right,ck4_msp,360,211,,,0.03
holdout,logistic,0.9833333333333333,0.9833287024173382,69,right,ck4_msp,360,211,,,0.03
5fold_grouped_cv,nearest_centroid,0.7666666666666667,0.765045791644366,69,right,ck4_msp,360,211,0.04427049291808119,0.04345422475430499,0.03
5fold_grouped_cv,logistic,0.9805555555555555,0.9805421496025393,69,right,ck4_msp,360,211,0.011111111111111122,0.011120496087229157,0.03
holdout,nearest_centroid,0.7916666666666666,0.7909553341230576,69,right,ck4p_msp,360,222,,,0.03
holdout,logistic,0.9833333333333333,0.9833287024173382,69,right,ck4p_msp,360,222,,,0.03
5fold_grouped_cv,nearest_centroid,0.7638888888888888,0.7623169012633016,69,right,ck4p_msp,360,222,0.04648111258522643,0.04559036017875366,0.03
5fold_grouped_cv,logistic,0.986111111111111,0.9861019951623848,69,right,ck4p_msp,360,222,0.012422599874998837,0.012432193032727346,0.03
holdout,nearest_centroid,0.8833333333333333,0.8828125,100,center,ck4,360,136,,,0.03
holdout,logistic,0.9083333333333333,0.9083269671504965,100,center,ck4,360,136,,,0.03
5fold_grouped_cv,nearest_centroid,0.8805555555555555,0.8793757534408865,100,center,ck4,360,136,0.033564016593318244,0.03402488733594808,0.03
5fold_grouped_cv,logistic,0.8694444444444445,0.8691977510292206,100,center,ck4,360,136,0.02991758226185833,0.029989663273902182,0.03
holdout,nearest_centroid,0.8833333333333333,0.8828125,100,center,ck4_p,360,147,,,0.03
holdout,logistic,0.9083333333333333,0.9083269671504965,100,center,ck4_p,360,147,,,0.03
5fold_grouped_cv,nearest_centroid,0.8777777777777779,0.8766475788377118,100,center,ck4_p,360,147,0.03447131568330792,0.03495949704150626,0.03
5fold_grouped_cv,logistic,0.8805555555555558,0.8803066153202428,100,center,ck4_p,360,147,0.03118047822311618,0.031303423323364644,0.03
holdout,nearest_centroid,0.8916666666666667,0.8910538445422167,100,center,ck4_msp,360,211,,,0.03
holdout,logistic,0.9666666666666667,0.9666295884315907,100,center,ck4_msp,360,211,,,0.03
5fold_grouped_cv,nearest_centroid,0.8833333333333332,0.8822561474842552,100,center,ck4_msp,360,211,0.031180478223116155,0.0316475800274632,0.03
5fold_grouped_cv,logistic,0.9694444444444444,0.9693610396986008,100,center,ck4_msp,360,211,0.022222222222222233,0.022346076702662532,0.03
holdout,nearest_centroid,0.8916666666666667,0.8910538445422167,100,center,ck4p_msp,360,222,,,0.03
holdout,logistic,0.9666666666666667,0.9666295884315907,100,center,ck4p_msp,360,222,,,0.03
5fold_grouped_cv,nearest_centroid,0.8833333333333332,0.8822561474842552,100,center,ck4p_msp,360,222,0.031180478223116155,0.0316475800274632,0.03
5fold_grouped_cv,logistic,0.9722222222222221,0.9721781706085476,100,center,ck4p_msp,360,222,0.015214515486254642,0.015276353161851495,0.03
holdout,nearest_centroid,0.8833333333333333,0.8821548821548821,100,jittered,ck4,360,136,,,0.03
holdout,logistic,0.8833333333333333,0.8825174825174825,100,jittered,ck4,360,136,,,0.03
5fold_grouped_cv,nearest_centroid,0.8916666666666666,0.8907408190472301,100,jittered,ck4,360,136,0.020412414523193128,0.021342219876714648,0.03
5fold_grouped_cv,logistic,0.9194444444444445,0.9190354746512414,100,jittered,ck4,360,136,0.03333333333333332,0.03391697919393513,0.03
holdout,nearest_centroid,0.8833333333333333,0.8821548821548821,100,jittered,ck4_p,360,147,,,0.03
holdout,logistic,0.8916666666666667,0.8914782608695653,100,jittered,ck4_p,360,147,,,0.03
5fold_grouped_cv,nearest_centroid,0.8916666666666666,0.8907408190472301,100,jittered,ck4_p,360,147,0.020412414523193128,0.021342219876714648,0.03
5fold_grouped_cv,logistic,0.9166666666666666,0.9163524952829126,100,jittered,ck4_p,360,147,0.0152145154862546,0.01540991766609413,0.03
holdout,nearest_centroid,0.8833333333333333,0.8821548821548821,100,jittered,ck4_msp,360,211,,,0.03
holdout,logistic,0.9166666666666666,0.9164578111946533,100,jittered,ck4_msp,360,211,,,0.03
5fold_grouped_cv,nearest_centroid,0.8944444444444443,0.8936017555790527,100,jittered,ck4_msp,360,211,0.01883980550868128,0.019782269665693398,0.03
5fold_grouped_cv,logistic,0.9416666666666667,0.9415048006354698,100,jittered,ck4_msp,360,211,0.010393492741038724,0.010470554297463935,0.03
holdout,nearest_centroid,0.8833333333333333,0.8821548821548821,100,jittered,ck4p_msp,360,222,,,0.03
holdout,logistic,0.9166666666666666,0.9164578111946533,100,jittered,ck4p_msp,360,222,,,0.03
5fold_grouped_cv,nearest_centroid,0.8944444444444443,0.8936017555790527,100,jittered,ck4p_msp,360,222,0.01883980550868128,0.019782269665693398,0.03
5fold_grouped_cv,logistic,0.9416666666666667,0.9415044571160033,100,jittered,ck4p_msp,360,222,0.01842569327975222,0.018579622700088397,0.03
holdout,nearest_centroid,0.9166666666666666,0.9164578111946533,100,left,ck4,360,136,,,0.03
holdout,logistic,0.9583333333333334,0.9583072753804461,100,left,ck4,360,136,,,0.03
5fold_grouped_cv,nearest_centroid,0.9222222222222223,0.9218581427813902,100,left,ck4,360,136,0.01416394309331329,0.014266077817106903,0.03
5fold_grouped_cv,logistic,0.9111111111111111,0.9110015753740205,100,left,ck4,360,136,0.038888888888888896,0.03888169958955605,0.03
holdout,nearest_centroid,0.9166666666666666,0.9164578111946533,100,left,ck4_p,360,147,,,0.03
holdout,logistic,0.9416666666666667,0.9416626154594069,100,left,ck4_p,360,147,,,0.03
5fold_grouped_cv,nearest_centroid,0.9222222222222223,0.9218581427813902,100,left,ck4_p,360,147,0.01416394309331329,0.014266077817106903,0.03
5fold_grouped_cv,logistic,0.9194444444444445,0.919365482090748,100,left,ck4_p,360,147,0.03333333333333332,0.03332192997568808,0.03
holdout,nearest_centroid,0.9333333333333333,0.9331662489557226,100,left,ck4_msp,360,211,,,0.03
holdout,logistic,0.9916666666666667,0.9916660879227724,100,left,ck4_msp,360,211,,,0.03
5fold_grouped_cv,nearest_centroid,0.9305555555555556,0.9302676437282047,100,left,ck4_msp,360,211,0.008784104611578835,0.008811501099576464,0.03
5fold_grouped_cv,logistic,0.9833333333333332,0.9833236814444609,100,left,ck4_msp,360,211,0.010393492741038736,0.010402379395098641,0.03
holdout,nearest_centroid,0.9333333333333333,0.9331662489557226,100,left,ck4p_msp,360,222,,,0.03
holdout,logistic,1.0,1.0,100,left,ck4p_msp,360,222,,,0.03
5fold_grouped_cv,nearest_centroid,0.9305555555555556,0.9302676437282047,100,left,ck4p_msp,360,222,0.008784104611578835,0.008811501099576464,0.03
5fold_grouped_cv,logistic,0.9833333333333332,0.9833236814444609,100,left,ck4p_msp,360,222,0.010393492741038736,0.010402379395098641,0.03
holdout,nearest_centroid,0.9083333333333333,0.9078147915357218,100,right,ck4,360,136,,,0.03
holdout,logistic,0.9166666666666666,0.9165739710789766,100,right,ck4,360,136,,,0.03
5fold_grouped_cv,nearest_centroid,0.9166666666666666,0.9162684085155618,100,right,ck4,360,136,0.023240556292613235,0.023409377630195332,0.03
5fold_grouped_cv,logistic,0.9472222222222223,0.9471829990361043,100,right,ck4,360,136,0.023895347964007323,0.0238996883284453,0.03
holdout,nearest_centroid,0.9083333333333333,0.9078147915357218,100,right,ck4_p,360,147,,,0.03
holdout,logistic,0.9416666666666667,0.9416301855326246,100,right,ck4_p,360,147,,,0.03
5fold_grouped_cv,nearest_centroid,0.9166666666666666,0.9162684085155618,100,right,ck4_p,360,147,0.023240556292613235,0.023409377630195332,0.03
5fold_grouped_cv,logistic,0.9472222222222222,0.9471475498728157,100,right,ck4_p,360,147,0.025458753860865796,0.02550606526892238,0.03
holdout,nearest_centroid,0.9083333333333333,0.9078147915357218,100,right,ck4_msp,360,211,,,0.03
holdout,logistic,0.975,0.9749843652282677,100,right,ck4_msp,360,211,,,0.03
5fold_grouped_cv,nearest_centroid,0.925,0.9247549665200541,100,right,ck4_msp,360,211,0.018839805508681317,0.018892388465258092,0.03
5fold_grouped_cv,logistic,0.9888888888888889,0.9888835270043064,100,right,ck4_msp,360,211,0.010393492741038726,0.010400659235583802,0.03
holdout,nearest_centroid,0.9083333333333333,0.9078147915357218,100,right,ck4p_msp,360,222,,,0.03
holdout,logistic,0.9833333333333333,0.9833287024173382,100,right,ck4p_msp,360,222,,,0.03
5fold_grouped_cv,nearest_centroid,0.925,0.9247549665200541,100,right,ck4p_msp,360,222,0.018839805508681317,0.018892388465258092,0.03
5fold_grouped_cv,logistic,0.9888888888888889,0.9888835270043064,100,right,ck4p_msp,360,222,0.010393492741038726,0.010400659235583802,0.03
holdout,nearest_centroid,0.95,0.949944382647386,150,center,ck4,360,136,,,0.03
holdout,logistic,0.9833333333333333,0.9833287024173382,150,center,ck4,360,136,,,0.03
5fold_grouped_cv,nearest_centroid,0.9611111111111112,0.9609089287784458,150,center,ck4,360,136,0.03333333333333334,0.033659368636533314,0.03
5fold_grouped_cv,logistic,0.9638888888888889,0.9638022660190476,150,center,ck4,360,136,0.0188398055086813,0.018960675535042215,0.03
holdout,nearest_centroid,0.95,0.949944382647386,150,center,ck4_p,360,147,,,0.03
holdout,logistic,0.9833333333333333,0.9833287024173382,150,center,ck4_p,360,147,,,0.03
5fold_grouped_cv,nearest_centroid,0.9611111111111112,0.9609089287784458,150,center,ck4_p,360,147,0.03333333333333334,0.033659368636533314,0.03
5fold_grouped_cv,logistic,0.9638888888888889,0.9637632228236125,150,center,ck4_p,360,147,0.02421610524189265,0.024439982765026288,0.03
holdout,nearest_centroid,0.95,0.949944382647386,150,center,ck4_msp,360,211,,,0.03
holdout,logistic,0.975,0.9749843652282677,150,center,ck4_msp,360,211,,,0.03
5fold_grouped_cv,nearest_centroid,0.9611111111111112,0.9609089287784458,150,center,ck4_msp,360,211,0.03333333333333334,0.033659368636533314,0.03
5fold_grouped_cv,logistic,0.975,0.9749855221666912,150,center,ck4_msp,360,211,0.01619708859679253,0.01621290756429396,0.03
holdout,nearest_centroid,0.95,0.949944382647386,150,center,ck4p_msp,360,222,,,0.03
holdout,logistic,0.975,0.9749843652282677,150,center,ck4p_msp,360,222,,,0.03
5fold_grouped_cv,nearest_centroid,0.9611111111111112,0.9609089287784458,150,center,ck4p_msp,360,222,0.03333333333333334,0.033659368636533314,0.03
5fold_grouped_cv,logistic,0.9694444444444444,0.9693998943032824,150,center,ck4p_msp,360,222,0.013608276348795441,0.013642463420249237,0.03
holdout,nearest_centroid,0.9583333333333334,0.9582608695652174,150,jittered,ck4,360,136,,,0.03
holdout,logistic,0.9833333333333333,0.9833287024173382,150,jittered,ck4,360,136,,,0.03
5fold_grouped_cv,nearest_centroid,0.9638888888888889,0.9637818231077226,150,jittered,ck4,360,136,0.022566773346211016,0.02269321549933548,0.03
5fold_grouped_cv,logistic,0.9805555555555557,0.9805453677265369,150,jittered,ck4,360,136,0.0068041381743977475,0.006813333716011712,0.03
holdout,nearest_centroid,0.9583333333333334,0.9582608695652174,150,jittered,ck4_p,360,147,,,0.03
holdout,logistic,0.975,0.9749843652282677,150,jittered,ck4_p,360,147,,,0.03
5fold_grouped_cv,nearest_centroid,0.9638888888888889,0.9637818231077226,150,jittered,ck4_p,360,147,0.022566773346211016,0.02269321549933548,0.03
5fold_grouped_cv,logistic,0.986111111111111,0.9861019951623848,150,jittered,ck4_p,360,147,0.012422599874998837,0.012432193032727345,0.03
holdout,nearest_centroid,0.9583333333333334,0.9582608695652174,150,jittered,ck4_msp,360,211,,,0.03
holdout,logistic,0.9916666666666667,0.9916660879227724,150,jittered,ck4_msp,360,211,,,0.03
5fold_grouped_cv,nearest_centroid,0.9638888888888889,0.9637818231077226,150,jittered,ck4_msp,360,211,0.022566773346211016,0.02269321549933548,0.03
5fold_grouped_cv,logistic,0.9833333333333334,0.9833247533247533,150,jittered,ck4_msp,360,211,0.013608276348795441,0.013615284149342603,0.03
holdout,nearest_centroid,0.9583333333333334,0.9582608695652174,150,jittered,ck4p_msp,360,222,,,0.03
holdout,logistic,0.9916666666666667,0.9916660879227724,150,jittered,ck4p_msp,360,222,,,0.03
5fold_grouped_cv,nearest_centroid,0.9638888888888889,0.9637818231077226,150,jittered,ck4p_msp,360,222,0.022566773346211016,0.02269321549933548,0.03
5fold_grouped_cv,logistic,0.9888888888888889,0.9888878170085965,150,jittered,ck4p_msp,360,222,0.010393492741038726,0.010393779292053937,0.03
holdout,nearest_centroid,0.9833333333333333,0.9833287024173382,150,left,ck4,360,136,,,0.03
holdout,logistic,0.9833333333333333,0.9833287024173382,150,left,ck4,360,136,,,0.03
5fold_grouped_cv,nearest_centroid,0.9694444444444444,0.969396638766626,150,left,ck4,360,136,0.013608276348795452,0.013668200887569898,0.03
5fold_grouped_cv,logistic,0.986111111111111,0.9861019951623848,150,left,ck4,360,136,0.012422599874998838,0.012432193032727346,0.03
holdout,nearest_centroid,0.9833333333333333,0.9833287024173382,150,left,ck4_p,360,147,,,0.03
holdout,logistic,0.9833333333333333,0.9833287024173382,150,left,ck4_p,360,147,,,0.03
5fold_grouped_cv,nearest_centroid,0.9694444444444444,0.969396638766626,150,left,ck4_p,360,147,0.013608276348795452,0.013668200887569898,0.03
5fold_grouped_cv,logistic,0.9888888888888889,0.9888835270043064,150,left,ck4_p,360,147,0.010393492741038724,0.010400659235583802,0.03
holdout,nearest_centroid,0.9833333333333333,0.9833287024173382,150,left,ck4_msp,360,211,,,0.03
holdout,logistic,1.0,1.0,150,left,ck4_msp,360,211,,,0.03
5fold_grouped_cv,nearest_centroid,0.9722222222222223,0.9721781706085476,150,left,ck4_msp,360,211,0.015214515486254642,0.015276353161851493,0.03
5fold_grouped_cv,logistic,0.9972222222222221,0.997221686282076,150,left,ck4_msp,360,211,0.005555555555555537,0.005556627435847972,0.03
holdout,nearest_centroid,0.9833333333333333,0.9833287024173382,150,left,ck4p_msp,360,222,,,0.03
holdout,logistic,1.0,1.0,150,left,ck4p_msp,360,222,,,0.03
5fold_grouped_cv,nearest_centroid,0.9722222222222223,0.9721781706085476,150,left,ck4p_msp,360,222,0.015214515486254642,0.015276353161851493,0.03
5fold_grouped_cv,logistic,0.9972222222222221,0.997221686282076,150,left,ck4p_msp,360,222,0.005555555555555537,0.005556627435847972,0.03
holdout,nearest_centroid,0.95,0.949874686716792,150,right,ck4,360,136,,,0.03
holdout,logistic,0.9416666666666667,0.9414674935544561,150,right,ck4,360,136,,,0.03
5fold_grouped_cv,nearest_centroid,0.9638888888888889,0.9638142165394823,150,right,ck4,360,136,0.03239417719358501,0.032477066722566186,0.03
5fold_grouped_cv,logistic,0.9805555555555555,0.9805464396068293,150,right,ck4,360,136,0.01111111111111112,0.011117281041376522,0.03
holdout,nearest_centroid,0.95,0.949874686716792,150,right,ck4_p,360,147,,,0.03
holdout,logistic,0.95,0.949874686716792,150,right,ck4_p,360,147,,,0.03
5fold_grouped_cv,nearest_centroid,0.9666666666666666,0.9665860815722169,150,right,ck4_p,360,147,0.03118047822311619,0.031270980025554354,0.03
5fold_grouped_cv,logistic,0.9694444444444444,0.9694041468949137,150,right,ck4_p,360,147,0.01842569327975222,0.018472748924415142,0.03
holdout,nearest_centroid,0.95,0.949874686716792,150,right,ck4_msp,360,211,,,0.03
holdout,logistic,0.9916666666666667,0.9916660879227724,150,right,ck4_msp,360,211,,,0.03
5fold_grouped_cv,nearest_centroid,0.9722222222222221,0.972179284874937,150,right,ck4_msp,360,211,0.026352313834736484,0.02639814613201109,0.03
5fold_grouped_cv,logistic,0.9916666666666668,0.9916618407222305,150,right,ck4_msp,360,211,0.01111111111111111,0.011118887025293532,0.03
holdout,nearest_centroid,0.95,0.949874686716792,150,right,ck4p_msp,360,222,,,0.03
holdout,logistic,0.9916666666666667,0.9916660879227724,150,right,ck4p_msp,360,222,,,0.03
5fold_grouped_cv,nearest_centroid,0.9722222222222221,0.972179284874937,150,right,ck4p_msp,360,222,0.026352313834736484,0.02639814613201109,0.03
5fold_grouped_cv,logistic,0.9916666666666668,0.9916618407222305,150,right,ck4p_msp,360,222,0.01111111111111111,0.011118887025293532,0.03
holdout,nearest_centroid,0.9,0.8995535714285714,69,center,ck4,360,136,,,0.05
holdout,logistic,0.8833333333333333,0.8830409356725146,69,center,ck4,360,136,,,0.05
5fold_grouped_cv,nearest_centroid,0.8805555555555555,0.8793030520134353,69,center,ck4,360,136,0.02859897261385276,0.029546091654747645,0.05
5fold_grouped_cv,logistic,0.888888888888889,0.8885217841046293,69,center,ck4,360,136,0.008784104611578835,0.009020358573425872,0.05
holdout,nearest_centroid,0.9,0.8995535714285714,69,center,ck4_p,360,147,,,0.05
holdout,logistic,0.8916666666666667,0.89129677374399,69,center,ck4_p,360,147,,,0.05
5fold_grouped_cv,nearest_centroid,0.8805555555555555,0.8793030520134353,69,center,ck4_p,360,147,0.02859897261385276,0.029546091654747645,0.05
5fold_grouped_cv,logistic,0.9055555555555556,0.9052090213699234,69,center,ck4_p,360,147,0.028327886186626603,0.02862820255050434,0.05
holdout,nearest_centroid,0.9166666666666666,0.9162946428571428,69,center,ck4_msp,360,211,,,0.05
holdout,logistic,0.975,0.9749843652282677,69,center,ck4_msp,360,211,,,0.05
5fold_grouped_cv,nearest_centroid,0.8861111111111111,0.885081598528059,69,center,ck4_msp,360,211,0.02389534796400729,0.024594743801584724,0.05
5fold_grouped_cv,logistic,0.9666666666666666,0.9665859565418685,69,center,ck4_msp,360,211,0.02576005137637696,0.025860597930462775,0.05
holdout,nearest_centroid,0.9166666666666666,0.9162946428571428,69,center,ck4p_msp,360,222,,,0.05
holdout,logistic,0.975,0.9749843652282677,69,center,ck4p_msp,360,222,,,0.05
5fold_grouped_cv,nearest_centroid,0.8861111111111111,0.885081598528059,69,center,ck4p_msp,360,222,0.02389534796400729,0.024594743801584724,0.05
5fold_grouped_cv,logistic,0.9638888888888889,0.9638011941387553,69,center,ck4p_msp,360,222,0.02256677334621099,0.02266869456485564,0.05
holdout,nearest_centroid,0.85,0.849624060150376,69,jittered,ck4,360,136,,,0.05
holdout,logistic,0.9,0.899888765294772,69,jittered,ck4,360,136,,,0.05
5fold_grouped_cv,nearest_centroid,0.9055555555555556,0.9051183294419397,69,jittered,ck4,360,136,0.047628967220784,0.04788139029477299,0.05
5fold_grouped_cv,logistic,0.925,0.9246713958331856,69,jittered,ck4,360,136,0.01416394309331329,0.014450279722366921,0.05
holdout,nearest_centroid,0.85,0.849624060150376,69,jittered,ck4_p,360,147,,,0.05
holdout,logistic,0.925,0.9249947913049518,69,jittered,ck4_p,360,147,,,0.05
5fold_grouped_cv,nearest_centroid,0.9083333333333332,0.9079692099047605,69,jittered,ck4_p,360,147,0.04530418452861135,0.04548275646277159,0.05
5fold_grouped_cv,logistic,0.9222222222222222,0.9219907908078511,69,jittered,ck4_p,360,147,0.018839805508681286,0.018984157792590647,0.05
holdout,nearest_centroid,0.8416666666666667,0.841391304347826,69,jittered,ck4_msp,360,211,,,0.05
holdout,logistic,0.95,0.9499861072520144,69,jittered,ck4_msp,360,211,,,0.05
5fold_grouped_cv,nearest_centroid,0.9111111111111111,0.9107453798620997,69,jittered,ck4_msp,360,211,0.0477906959280146,0.04797950098335602,0.05
5fold_grouped_cv,logistic,0.9472222222222222,0.947108772526034,69,jittered,ck4_msp,360,211,0.010393492741038736,0.01047530380394022,0.05
holdout,nearest_centroid,0.8333333333333334,0.8331479421579533,69,jittered,ck4p_msp,360,222,,,0.05
holdout,logistic,0.95,0.9499861072520144,69,jittered,ck4p_msp,360,222,,,0.05
5fold_grouped_cv,nearest_centroid,0.9111111111111111,0.9107453798620997,69,jittered,ck4p_msp,360,222,0.0477906959280146,0.04797950098335602,0.05
5fold_grouped_cv,logistic,0.9638888888888889,0.9638497155526238,69,jittered,ck4p_msp,360,222,0.006804138174397694,0.006818649780716503,0.05
holdout,nearest_centroid,0.8916666666666667,0.8910538445422167,69,left,ck4,360,136,,,0.05
holdout,logistic,0.8666666666666667,0.8665183537263625,69,left,ck4,360,136,,,0.05
5fold_grouped_cv,nearest_centroid,0.8694444444444445,0.868790096657086,69,left,ck4,360,136,0.02859897261385278,0.029117388114756584,0.05
5fold_grouped_cv,logistic,0.8944444444444445,0.8942821823660287,69,left,ck4,360,136,0.0068041381743977475,0.006921950942172118,0.05
holdout,nearest_centroid,0.8916666666666667,0.8910538445422167,69,left,ck4_p,360,147,,,0.05
holdout,logistic,0.8916666666666667,0.89129677374399,69,left,ck4_p,360,147,,,0.05
5fold_grouped_cv,nearest_centroid,0.8694444444444445,0.868790096657086,69,left,ck4_p,360,147,0.02859897261385278,0.029117388114756584,0.05
5fold_grouped_cv,logistic,0.8861111111111111,0.8859419815176983,69,left,ck4_p,360,147,0.028327886186626558,0.02838543064679644,0.05
holdout,nearest_centroid,0.9083333333333333,0.9080203470141454,69,left,ck4_msp,360,211,,,0.05
holdout,logistic,0.9666666666666667,0.9666295884315907,69,left,ck4_msp,360,211,,,0.05
5fold_grouped_cv,nearest_centroid,0.888888888888889,0.8884159478970031,69,left,ck4_msp,360,211,0.036217791140014714,0.03684588377492905,0.05
5fold_grouped_cv,logistic,0.9888888888888889,0.9888835270043064,69,left,ck4_msp,360,211,0.010393492741038724,0.010400659235583802,0.05
holdout,nearest_centroid,0.9166666666666666,0.9164578111946533,69,left,ck4p_msp,360,222,,,0.05
holdout,logistic,0.9666666666666667,0.9666295884315907,69,left,ck4p_msp,360,222,,,0.05
5fold_grouped_cv,nearest_centroid,0.888888888888889,0.8884159478970031,69,left,ck4p_msp,360,222,0.036217791140014714,0.03684588377492905,0.05
5fold_grouped_cv,logistic,0.986111111111111,0.9861019951623848,69,left,ck4p_msp,360,222,0.012422599874998838,0.012432193032727346,0.05
holdout,nearest_centroid,0.8916666666666667,0.89129677374399,69,right,ck4,360,136,,,0.05
holdout,logistic,0.8666666666666667,0.8666296193387052,69,right,ck4,360,136,,,0.05
5fold_grouped_cv,nearest_centroid,0.8777777777777779,0.876770104895105,69,right,ck4,360,136,0.02222222222222218,0.022494139469099,0.05
5fold_grouped_cv,logistic,0.8861111111111111,0.8858046928457719,69,right,ck4,360,136,0.032155102507750624,0.032370618492114,0.05
holdout,nearest_centroid,0.8916666666666667,0.89129677374399,69,right,ck4_p,360,147,,,0.05
holdout,logistic,0.8583333333333333,0.8582447362935168,69,right,ck4_p,360,147,,,0.05
5fold_grouped_cv,nearest_centroid,0.8805555555555555,0.8794982794982797,69,right,ck4_p,360,147,0.020786985482077417,0.02099629229954989,0.05
5fold_grouped_cv,logistic,0.8722222222222221,0.87199991268695,69,right,ck4_p,360,147,0.026931554763424032,0.027033975712760595,0.05
holdout,nearest_centroid,0.9,0.899749373433584,69,right,ck4_msp,360,211,,,0.05
holdout,logistic,0.9666666666666667,0.9666295884315907,69,right,ck4_msp,360,211,,,0.05
5fold_grouped_cv,nearest_centroid,0.8972222222222221,0.8964347965467369,69,right,ck4_msp,360,211,0.01666666666666666,0.016775352958515406,0.05
5fold_grouped_cv,logistic,0.9888888888888889,0.9888835270043064,69,right,ck4_msp,360,211,0.010393492741038724,0.010400659235583804,0.05
holdout,nearest_centroid,0.9083333333333333,0.9081739130434783,69,right,ck4p_msp,360,222,,,0.05
holdout,logistic,0.9666666666666667,0.9666295884315907,69,right,ck4p_msp,360,222,,,0.05
5fold_grouped_cv,nearest_centroid,0.8972222222222221,0.8964347965467369,69,right,ck4p_msp,360,222,0.01666666666666666,0.016775352958515406,0.05
5fold_grouped_cv,logistic,0.9888888888888889,0.9888835270043064,69,right,ck4p_msp,360,222,0.010393492741038724,0.010400659235583804,0.05
holdout,nearest_centroid,0.975,0.9749843652282677,100,center,ck4,360,136,,,0.05
holdout,logistic,0.9833333333333333,0.9833287024173382,100,center,ck4,360,136,,,0.05
5fold_grouped_cv,nearest_centroid,0.9722222222222221,0.9721781706085476,100,center,ck4,360,136,0.015214515486254642,0.015276353161851493,0.05
5fold_grouped_cv,logistic,0.9805555555555557,0.9805357009173499,100,center,ck4,360,136,0.01416394309331329,0.014188789501230384,0.05
holdout,nearest_centroid,0.975,0.9749843652282677,100,center,ck4_p,360,147,,,0.05
holdout,logistic,0.975,0.9749843652282677,100,center,ck4_p,360,147,,,0.05
5fold_grouped_cv,nearest_centroid,0.9722222222222221,0.9721781706085476,100,center,ck4_p,360,147,0.015214515486254642,0.015276353161851493,0.05
5fold_grouped_cv,logistic,0.9777777777777779,0.9777541690754283,100,center,ck4_p,360,147,0.01416394309331329,0.014186894319585907,0.05
holdout,nearest_centroid,0.975,0.9749843652282677,100,center,ck4_msp,360,211,,,0.05
holdout,logistic,1.0,1.0,100,center,ck4_msp,360,211,,,0.05
5fold_grouped_cv,nearest_centroid,0.9694444444444444,0.969396638766626,100,center,ck4_msp,360,211,0.013608276348795453,0.013668200887569898,0.05
5fold_grouped_cv,logistic,1.0,1.0,100,center,ck4_msp,360,211,0.0,0.0,0.05
holdout,nearest_centroid,0.975,0.9749843652282677,100,center,ck4p_msp,360,222,,,0.05
holdout,logistic,1.0,1.0,100,center,ck4p_msp,360,222,,,0.05
5fold_grouped_cv,nearest_centroid,0.9694444444444444,0.969396638766626,100,center,ck4p_msp,360,222,0.013608276348795453,0.013668200887569898,0.05
5fold_grouped_cv,logistic,1.0,1.0,100,center,ck4p_msp,360,222,0.0,0.0,0.05
holdout,nearest_centroid,0.9666666666666667,0.9666295884315907,100,jittered,ck4,360,136,,,0.05
holdout,logistic,0.975,0.9749982637683172,100,jittered,ck4,360,136,,,0.05
5fold_grouped_cv,nearest_centroid,0.9777777777777779,0.9777606177606177,100,jittered,ck4,360,136,0.011111111111111117,0.011119691119691135,0.05
5fold_grouped_cv,logistic,0.9833333333333334,0.9833236814444609,100,jittered,ck4,360,136,0.010393492741038736,0.010402379395098641,0.05
holdout,nearest_centroid,0.9666666666666667,0.9666295884315907,100,jittered,ck4_p,360,147,,,0.05
holdout,logistic,0.9833333333333333,0.9833287024173382,100,jittered,ck4_p,360,147,,,0.05
5fold_grouped_cv,nearest_centroid,0.9777777777777779,0.9777606177606177,100,jittered,ck4_p,360,147,0.011111111111111117,0.011119691119691135,0.05
5fold_grouped_cv,logistic,0.9777777777777779,0.9777584590797183,100,jittered,ck4_p,360,147,0.01416394309331329,0.014185217511861189,0.05
holdout,nearest_centroid,0.975,0.9749843652282677,100,jittered,ck4_msp,360,211,,,0.05
holdout,logistic,0.975,0.9749843652282677,100,jittered,ck4_msp,360,211,,,0.05
5fold_grouped_cv,nearest_centroid,0.975,0.9749726372335068,100,jittered,ck4_msp,360,211,0.013608276348795427,0.013628659309878022,0.05
5fold_grouped_cv,logistic,0.9888888888888889,0.988884598884599,100,jittered,ck4_msp,360,211,0.013608276348795441,0.013613532199423222,0.05
holdout,nearest_centroid,0.975,0.9749843652282677,100,jittered,ck4p_msp,360,222,,,0.05
holdout,logistic,0.975,0.9749843652282677,100,jittered,ck4p_msp,360,222,,,0.05
5fold_grouped_cv,nearest_centroid,0.975,0.9749726372335068,100,jittered,ck4p_msp,360,222,0.013608276348795427,0.013628659309878022,0.05
5fold_grouped_cv,logistic,0.9944444444444445,0.994443372564152,100,jittered,ck4p_msp,360,222,0.006804138174397694,0.0068054509542886,0.05
holdout,nearest_centroid,0.9833333333333333,0.9833287024173382,100,left,ck4,360,136,,,0.05
holdout,logistic,1.0,1.0,100,left,ck4,360,136,,,0.05
5fold_grouped_cv,nearest_centroid,0.9722222222222223,0.9721846567063958,100,left,ck4,360,136,0.0152145154862546,0.015240981193250394,0.05
5fold_grouped_cv,logistic,0.9888888888888889,0.9888867451283041,100,left,ck4,360,136,0.005555555555555536,0.005556627435847972,0.05
holdout,nearest_centroid,0.9833333333333333,0.9833287024173382,100,left,ck4_p,360,147,,,0.05
holdout,logistic,1.0,1.0,100,left,ck4_p,360,147,,,0.05
5fold_grouped_cv,nearest_centroid,0.9722222222222223,0.9721846567063958,100,left,ck4_p,360,147,0.0152145154862546,0.015240981193250394,0.05
5fold_grouped_cv,logistic,0.986111111111111,0.9861052132863826,100,left,ck4_p,360,147,0.008784104611578835,0.008790888587498949,0.05
holdout,nearest_centroid,0.9833333333333333,0.9833287024173382,100,left,ck4_msp,360,211,,,0.05
holdout,logistic,1.0,1.0,100,left,ck4_msp,360,211,,,0.05
5fold_grouped_cv,nearest_centroid,0.9777777777777779,0.9777606177606177,100,left,ck4_msp,360,211,0.011111111111111115,0.011119691119691135,0.05
5fold_grouped_cv,logistic,0.9972222222222221,0.997221686282076,100,left,ck4_msp,360,211,0.005555555555555537,0.005556627435847972,0.05
holdout,nearest_centroid,0.9833333333333333,0.9833287024173382,100,left,ck4p_msp,360,222,,,0.05
holdout,logistic,1.0,1.0,100,left,ck4p_msp,360,222,,,0.05
5fold_grouped_cv,nearest_centroid,0.975,0.9749726372335068,100,left,ck4p_msp,360,222,0.013608276348795427,0.013628659309878024,0.05
5fold_grouped_cv,logistic,1.0,1.0,100,left,ck4p_msp,360,222,0.0,0.0,0.05
holdout,nearest_centroid,0.9916666666666667,0.9916660879227724,100,right,ck4,360,136,,,0.05
holdout,logistic,0.9916666666666667,0.9916660879227724,100,right,ck4,360,136,,,0.05
5fold_grouped_cv,nearest_centroid,0.9805555555555555,0.9805195480103148,100,right,ck4,360,136,0.018839805508681317,0.018905275876668428,0.05
5fold_grouped_cv,logistic,0.9888888888888889,0.9888835270043064,100,right,ck4,360,136,0.010393492741038724,0.010400659235583802,0.05
holdout,nearest_centroid,0.9916666666666667,0.9916660879227724,100,right,ck4_p,360,147,,,0.05
holdout,logistic,0.9916666666666667,0.9916660879227724,100,right,ck4_p,360,147,,,0.05
5fold_grouped_cv,nearest_centroid,0.9805555555555555,0.9805195480103148,100,right,ck4_p,360,147,0.018839805508681317,0.018905275876668428,0.05
5fold_grouped_cv,logistic,0.9888888888888889,0.9888835270043064,100,right,ck4_p,360,147,0.010393492741038724,0.010400659235583802,0.05
holdout,nearest_centroid,0.9916666666666667,0.9916660879227724,100,right,ck4_msp,360,211,,,0.05
holdout,logistic,0.9916666666666667,0.9916660879227724,100,right,ck4_msp,360,211,,,0.05
5fold_grouped_cv,nearest_centroid,0.9805555555555555,0.9805195480103148,100,right,ck4_msp,360,211,0.018839805508681317,0.018905275876668428,0.05
5fold_grouped_cv,logistic,0.9972222222222221,0.997221686282076,100,right,ck4_msp,360,211,0.005555555555555537,0.005556627435847972,0.05
holdout,nearest_centroid,0.9916666666666667,0.9916660879227724,100,right,ck4p_msp,360,222,,,0.05
holdout,logistic,0.9916666666666667,0.9916660879227724,100,right,ck4p_msp,360,222,,,0.05
5fold_grouped_cv,nearest_centroid,0.9805555555555555,0.9805195480103148,100,right,ck4p_msp,360,222,0.018839805508681317,0.018905275876668428,0.05
5fold_grouped_cv,logistic,0.9972222222222221,0.997221686282076,100,right,ck4p_msp,360,222,0.005555555555555537,0.005556627435847972,0.05
holdout,nearest_centroid,1.0,1.0,150,center,ck4,360,136,,,0.05
holdout,logistic,1.0,1.0,150,center,ck4,360,136,,,0.05
5fold_grouped_cv,nearest_centroid,0.9916666666666668,0.991665058846228,150,center,ck4,360,136,0.006804138174397693,0.0068054509542886,0.05
5fold_grouped_cv,logistic,0.9972222222222221,0.997221686282076,150,center,ck4,360,136,0.005555555555555537,0.005556627435847972,0.05
holdout,nearest_centroid,1.0,1.0,150,center,ck4_p,360,147,,,0.05
holdout,logistic,1.0,1.0,150,center,ck4_p,360,147,,,0.05
5fold_grouped_cv,nearest_centroid,0.9916666666666668,0.991665058846228,150,center,ck4_p,360,147,0.006804138174397693,0.0068054509542886,0.05
5fold_grouped_cv,logistic,1.0,1.0,150,center,ck4_p,360,147,0.0,0.0,0.05
holdout,nearest_centroid,1.0,1.0,150,center,ck4_msp,360,211,,,0.05
holdout,logistic,1.0,1.0,150,center,ck4_msp,360,211,,,0.05
5fold_grouped_cv,nearest_centroid,0.9916666666666668,0.991665058846228,150,center,ck4_msp,360,211,0.006804138174397693,0.0068054509542886,0.05
5fold_grouped_cv,logistic,1.0,1.0,150,center,ck4_msp,360,211,0.0,0.0,0.05
holdout,nearest_centroid,1.0,1.0,150,center,ck4p_msp,360,222,,,0.05
holdout,logistic,1.0,1.0,150,center,ck4p_msp,360,222,,,0.05
5fold_grouped_cv,nearest_centroid,0.9916666666666668,0.991665058846228,150,center,ck4p_msp,360,222,0.006804138174397693,0.0068054509542886,0.05
5fold_grouped_cv,logistic,1.0,1.0,150,center,ck4p_msp,360,222,0.0,0.0,0.05
holdout,nearest_centroid,0.9833333333333333,0.9833287024173382,150,jittered,ck4,360,136,,,0.05
holdout,logistic,0.9916666666666667,0.9916660879227724,150,jittered,ck4,360,136,,,0.05
5fold_grouped_cv,nearest_centroid,0.9972222222222221,0.997221686282076,150,jittered,ck4,360,136,0.005555555555555537,0.005556627435847972,0.05
5fold_grouped_cv,logistic,0.9972222222222221,0.997221686282076,150,jittered,ck4,360,136,0.005555555555555537,0.005556627435847972,0.05
holdout,nearest_centroid,0.9833333333333333,0.9833287024173382,150,jittered,ck4_p,360,147,,,0.05
holdout,logistic,0.9916666666666667,0.9916660879227724,150,jittered,ck4_p,360,147,,,0.05
5fold_grouped_cv,nearest_centroid,0.9972222222222221,0.997221686282076,150,jittered,ck4_p,360,147,0.005555555555555537,0.005556627435847972,0.05
5fold_grouped_cv,logistic,0.9972222222222221,0.997221686282076,150,jittered,ck4_p,360,147,0.005555555555555537,0.005556627435847972,0.05
holdout,nearest_centroid,0.9833333333333333,0.9833287024173382,150,jittered,ck4_msp,360,211,,,0.05
holdout,logistic,0.9916666666666667,0.9916660879227724,150,jittered,ck4_msp,360,211,,,0.05
5fold_grouped_cv,nearest_centroid,0.9972222222222221,0.997221686282076,150,jittered,ck4_msp,360,211,0.005555555555555537,0.005556627435847972,0.05
5fold_grouped_cv,logistic,0.9972222222222221,0.997221686282076,150,jittered,ck4_msp,360,211,0.005555555555555537,0.005556627435847972,0.05
holdout,nearest_centroid,0.9833333333333333,0.9833287024173382,150,jittered,ck4p_msp,360,222,,,0.05
holdout,logistic,0.9916666666666667,0.9916660879227724,150,jittered,ck4p_msp,360,222,,,0.05
5fold_grouped_cv,nearest_centroid,0.9972222222222221,0.997221686282076,150,jittered,ck4p_msp,360,222,0.005555555555555537,0.005556627435847972,0.05
5fold_grouped_cv,logistic,0.9972222222222221,0.997221686282076,150,jittered,ck4p_msp,360,222,0.005555555555555537,0.005556627435847972,0.05
holdout,nearest_centroid,1.0,1.0,150,left,ck4,360,136,,,0.05
holdout,logistic,1.0,1.0,150,left,ck4,360,136,,,0.05
5fold_grouped_cv,nearest_centroid,0.9972222222222221,0.997221686282076,150,left,ck4,360,136,0.005555555555555537,0.005556627435847972,0.05
5fold_grouped_cv,logistic,1.0,1.0,150,left,ck4,360,136,0.0,0.0,0.05
holdout,nearest_centroid,1.0,1.0,150,left,ck4_p,360,147,,,0.05
holdout,logistic,1.0,1.0,150,left,ck4_p,360,147,,,0.05
5fold_grouped_cv,nearest_centroid,0.9972222222222221,0.997221686282076,150,left,ck4_p,360,147,0.005555555555555537,0.005556627435847972,0.05
5fold_grouped_cv,logistic,1.0,1.0,150,left,ck4_p,360,147,0.0,0.0,0.05
holdout,nearest_centroid,1.0,1.0,150,left,ck4_msp,360,211,,,0.05
holdout,logistic,1.0,1.0,150,left,ck4_msp,360,211,,,0.05
5fold_grouped_cv,nearest_centroid,0.9972222222222221,0.997221686282076,150,left,ck4_msp,360,211,0.005555555555555537,0.005556627435847972,0.05
5fold_grouped_cv,logistic,1.0,1.0,150,left,ck4_msp,360,211,0.0,0.0,0.05
holdout,nearest_centroid,1.0,1.0,150,left,ck4p_msp,360,222,,,0.05
holdout,logistic,1.0,1.0,150,left,ck4p_msp,360,222,,,0.05
5fold_grouped_cv,nearest_centroid,0.9972222222222221,0.997221686282076,150,left,ck4p_msp,360,222,0.005555555555555537,0.005556627435847972,0.05
5fold_grouped_cv,logistic,1.0,1.0,150,left,ck4p_msp,360,222,0.0,0.0,0.05
holdout,nearest_centroid,1.0,1.0,150,right,ck4,360,136,,,0.05
holdout,logistic,1.0,1.0,150,right,ck4,360,136,,,0.05
5fold_grouped_cv,nearest_centroid,0.9972222222222221,0.997221686282076,150,right,ck4,360,136,0.005555555555555537,0.005556627435847972,0.05
5fold_grouped_cv,logistic,0.9972222222222221,0.997221686282076,150,right,ck4,360,136,0.005555555555555537,0.005556627435847972,0.05
holdout,nearest_centroid,1.0,1.0,150,right,ck4_p,360,147,,,0.05
holdout,logistic,1.0,1.0,150,right,ck4_p,360,147,,,0.05
5fold_grouped_cv,nearest_centroid,0.9972222222222221,0.997221686282076,150,right,ck4_p,360,147,0.005555555555555537,0.005556627435847972,0.05
5fold_grouped_cv,logistic,0.9972222222222221,0.997221686282076,150,right,ck4_p,360,147,0.005555555555555537,0.005556627435847972,0.05
holdout,nearest_centroid,1.0,1.0,150,right,ck4_msp,360,211,,,0.05
holdout,logistic,1.0,1.0,150,right,ck4_msp,360,211,,,0.05
5fold_grouped_cv,nearest_centroid,0.9972222222222221,0.997221686282076,150,right,ck4_msp,360,211,0.005555555555555537,0.005556627435847972,0.05
5fold_grouped_cv,logistic,1.0,1.0,150,right,ck4_msp,360,211,0.0,0.0,0.05
holdout,nearest_centroid,1.0,1.0,150,right,ck4p_msp,360,222,,,0.05
holdout,logistic,1.0,1.0,150,right,ck4p_msp,360,222,,,0.05
5fold_grouped_cv,nearest_centroid,0.9972222222222221,0.997221686282076,150,right,ck4p_msp,360,222,0.005555555555555537,0.005556627435847972,0.05
5fold_grouped_cv,logistic,1.0,1.0,150,right,ck4p_msp,360,222,0.0,0.0,0.05
