probe,genus,length,condition,method,parameter,k,pattern,canonical,add_property,n_samples,n_classes,accuracy,macro_f1,n_features,observed_vocab_size
within_genus_species,Acinetobacter,69,clean,k-mer,k=4,4,,False,False,160,4,0.375,0.36207671957671955,256,256
within_genus_species,Acinetobacter,69,clean,k-mer,k=5,5,,False,False,160,4,0.375,0.364021164021164,994,994
within_genus_species,Acinetobacter,69,clean,k-mer,k=6,6,,False,False,160,4,0.25,0.21142857142857144,2959,2959
within_genus_species,Acinetobacter,69,clean,k-mer,k=7,7,,False,False,160,4,0.22916666666666666,0.21943065894678798,5133,5133
within_genus_species,Acinetobacter,69,clean,k-mer,k=8,8,,False,False,160,4,0.2708333333333333,0.27560083594566354,6306,6306
within_genus_species,Acinetobacter,69,clean,k-mer,k=9,9,,False,False,160,4,0.25,0.2547335203366059,6658,6658
within_genus_species,Acinetobacter,69,clean,canonical k-mer,k=4,4,,True,False,160,4,0.3333333333333333,0.3456287705429582,136,136
within_genus_species,Acinetobacter,69,clean,canonical k-mer,k=5,5,,True,False,160,4,0.2708333333333333,0.25237720506262706,509,509
within_genus_species,Acinetobacter,69,clean,canonical k-mer,k=6,6,,True,False,160,4,0.25,0.21322226160935837,1809,1809
within_genus_species,Acinetobacter,69,clean,canonical k-mer,k=7,7,,True,False,160,4,0.2916666666666667,0.2804232804232804,4037,4037
within_genus_species,Acinetobacter,69,clean,canonical k-mer,k=8,8,,True,False,160,4,0.22916666666666666,0.231012506012506,5773,5773
within_genus_species,Acinetobacter,69,clean,canonical k-mer,k=9,9,,True,False,160,4,0.16666666666666666,0.16702741702741702,6483,6483
within_genus_species,Acinetobacter,69,clean,canonical spaced,pattern=0-1-2-3,4,0-1-2-3,True,False,160,4,0.3333333333333333,0.3456287705429582,136,136
within_genus_species,Acinetobacter,69,clean,canonical spaced + property,pattern=0-1-2-3,4,0-1-2-3,True,True,160,4,0.3541666666666667,0.35318979266347683,147,147
within_genus_species,Acinetobacter,69,clean,canonical spaced,pattern=0-1-3-6,4,0-1-3-6,True,False,160,4,0.2708333333333333,0.27078754578754577,136,136
within_genus_species,Acinetobacter,69,clean,canonical spaced + property,pattern=0-1-3-6,4,0-1-3-6,True,True,160,4,0.2916666666666667,0.2879837553750597,147,147
within_genus_species,Acinetobacter,69,clean,canonical spaced,pattern=0-2-4-6,4,0-2-4-6,True,False,160,4,0.2708333333333333,0.26094500465209847,136,136
within_genus_species,Acinetobacter,69,clean,canonical spaced + property,pattern=0-2-4-6,4,0-2-4-6,True,True,160,4,0.2708333333333333,0.26310166441745386,147,147
within_genus_species,Acinetobacter,69,clean,canonical spaced,pattern=0-2-5-7,4,0-2-5-7,True,False,160,4,0.16666666666666666,0.1562881562881563,136,136
within_genus_species,Acinetobacter,69,clean,canonical spaced + property,pattern=0-2-5-7,4,0-2-5-7,True,True,160,4,0.1875,0.17335164835164835,147,147
within_genus_species,Acinetobacter,69,clean,canonical spaced,pattern=0-3-5-8,4,0-3-5-8,True,False,160,4,0.25,0.22014790764790768,136,136
within_genus_species,Acinetobacter,69,clean,canonical spaced + property,pattern=0-3-5-8,4,0-3-5-8,True,True,160,4,0.2916666666666667,0.2563080194659142,147,147
within_genus_species,Burkholderia,69,clean,k-mer,k=4,4,,False,False,160,3,0.2916666666666667,0.27828191167574107,256,256
within_genus_species,Burkholderia,69,clean,k-mer,k=5,5,,False,False,160,3,0.2916666666666667,0.28170594837261503,911,911
within_genus_species,Burkholderia,69,clean,k-mer,k=6,6,,False,False,160,3,0.3541666666666667,0.34296296296296297,2318,2318
within_genus_species,Burkholderia,69,clean,k-mer,k=7,7,,False,False,160,3,0.3541666666666667,0.3333333333333333,4131,4131
within_genus_species,Burkholderia,69,clean,k-mer,k=8,8,,False,False,160,3,0.4375,0.4158944658944659,5568,5568
within_genus_species,Burkholderia,69,clean,k-mer,k=9,9,,False,False,160,3,0.375,0.3401010708163583,6292,6292
within_genus_species,Burkholderia,69,clean,canonical k-mer,k=4,4,,True,False,160,3,0.1875,0.1860503440036254,136,136
within_genus_species,Burkholderia,69,clean,canonical k-mer,k=5,5,,True,False,160,3,0.16666666666666666,0.15938292565344064,488,488
within_genus_species,Burkholderia,69,clean,canonical k-mer,k=6,6,,True,False,160,3,0.3125,0.3004464566434006,1484,1484
within_genus_species,Burkholderia,69,clean,canonical k-mer,k=7,7,,True,False,160,3,0.3125,0.30568124685771747,3088,3088
within_genus_species,Burkholderia,69,clean,canonical k-mer,k=8,8,,True,False,160,3,0.2916666666666667,0.28619528619528617,4763,4763
within_genus_species,Burkholderia,69,clean,canonical k-mer,k=9,9,,True,False,160,3,0.3333333333333333,0.3250544662309368,5838,5838
within_genus_species,Burkholderia,69,clean,canonical spaced,pattern=0-1-2-3,4,0-1-2-3,True,False,160,3,0.1875,0.1860503440036254,136,136
within_genus_species,Burkholderia,69,clean,canonical spaced + property,pattern=0-1-2-3,4,0-1-2-3,True,True,160,3,0.20833333333333334,0.20809011776753714,147,147
within_genus_species,Burkholderia,69,clean,canonical spaced,pattern=0-1-3-6,4,0-1-3-6,True,False,160,3,0.3958333333333333,0.3880952380952381,136,136
within_genus_species,Burkholderia,69,clean,canonical spaced + property,pattern=0-1-3-6,4,0-1-3-6,True,True,160,3,0.3958333333333333,0.37916666666666665,147,147
within_genus_species,Burkholderia,69,clean,canonical spaced,pattern=0-2-4-6,4,0-2-4-6,True,False,160,3,0.3541666666666667,0.34920634920634913,136,136
within_genus_species,Burkholderia,69,clean,canonical spaced + property,pattern=0-2-4-6,4,0-2-4-6,True,True,160,3,0.375,0.3655885235676735,147,147
within_genus_species,Burkholderia,69,clean,canonical spaced,pattern=0-2-5-7,4,0-2-5-7,True,False,160,3,0.25,0.24385336100106894,136,136
within_genus_species,Burkholderia,69,clean,canonical spaced + property,pattern=0-2-5-7,4,0-2-5-7,True,True,160,3,0.2708333333333333,0.26555818491302363,147,147
within_genus_species,Burkholderia,69,clean,canonical spaced,pattern=0-3-5-8,4,0-3-5-8,True,False,160,3,0.3541666666666667,0.34021725401035746,136,136
within_genus_species,Burkholderia,69,clean,canonical spaced + property,pattern=0-3-5-8,4,0-3-5-8,True,True,160,3,0.3541666666666667,0.33903133903133903,147,147
target_background,Burkholderia,69,clean,k-mer,k=4,4,,False,False,160,2,0.6041666666666666,0.5822262940907008,255,255
target_background,Burkholderia,69,clean,k-mer,k=5,5,,False,False,160,2,0.5416666666666666,0.484375,903,903
target_background,Burkholderia,69,clean,k-mer,k=6,6,,False,False,160,2,0.6041666666666666,0.547394540942928,2314,2314
target_background,Burkholderia,69,clean,k-mer,k=7,7,,False,False,160,2,0.6458333333333334,0.540281690140845,4088,4088
target_background,Burkholderia,69,clean,k-mer,k=8,8,,False,False,160,2,0.5833333333333334,0.4103194103194103,5494,5494
target_background,Burkholderia,69,clean,k-mer,k=9,9,,False,False,160,2,0.625,0.43157894736842106,6202,6202
target_background,Burkholderia,69,clean,canonical k-mer,k=4,4,,True,False,160,2,0.5833333333333334,0.5445920303605313,136,136
target_background,Burkholderia,69,clean,canonical k-mer,k=5,5,,True,False,160,2,0.5625,0.5278688524590164,482,482
target_background,Burkholderia,69,clean,canonical k-mer,k=6,6,,True,False,160,2,0.5208333333333334,0.482903981264637,1477,1477
target_background,Burkholderia,69,clean,canonical k-mer,k=7,7,,True,False,160,2,0.5416666666666666,0.4197802197802198,3065,3065
target_background,Burkholderia,69,clean,canonical k-mer,k=8,8,,True,False,160,2,0.5625,0.399642644431209,4688,4688
target_background,Burkholderia,69,clean,canonical k-mer,k=9,9,,True,False,160,2,0.625,0.43157894736842106,5742,5742
target_background,Burkholderia,69,clean,canonical spaced,pattern=0-1-2-3,4,0-1-2-3,True,False,160,2,0.5833333333333334,0.5445920303605313,136,136
target_background,Burkholderia,69,clean,canonical spaced + property,pattern=0-1-2-3,4,0-1-2-3,True,True,160,2,0.5625,0.5278688524590164,147,147
target_background,Burkholderia,69,clean,canonical spaced,pattern=0-1-3-6,4,0-1-3-6,True,False,160,2,0.625,0.5901328273244781,136,136
target_background,Burkholderia,69,clean,canonical spaced + property,pattern=0-1-3-6,4,0-1-3-6,True,True,160,2,0.5833333333333334,0.5445920303605313,147,147
target_background,Burkholderia,69,clean,canonical spaced,pattern=0-2-4-6,4,0-2-4-6,True,False,160,2,0.5625,0.45893719806763283,136,136
target_background,Burkholderia,69,clean,canonical spaced + property,pattern=0-2-4-6,4,0-2-4-6,True,True,160,2,0.5625,0.45893719806763283,147,147
target_background,Burkholderia,69,clean,canonical spaced,pattern=0-2-5-7,4,0-2-5-7,True,False,160,2,0.5833333333333334,0.5555555555555556,136,136
target_background,Burkholderia,69,clean,canonical spaced + property,pattern=0-2-5-7,4,0-2-5-7,True,True,160,2,0.5416666666666666,0.5208711433756805,147,147
target_background,Burkholderia,69,clean,canonical spaced,pattern=0-3-5-8,4,0-3-5-8,True,False,160,2,0.5416666666666666,0.4990512333965844,136,136
target_background,Burkholderia,69,clean,canonical spaced + property,pattern=0-3-5-8,4,0-3-5-8,True,True,160,2,0.5625,0.5278688524590164,147,147
within_genus_species,Candida,69,clean,k-mer,k=4,4,,False,False,160,4,0.3541666666666667,0.35722610722610726,255,255
within_genus_species,Candida,69,clean,k-mer,k=5,5,,False,False,160,4,0.3333333333333333,0.3339130434782609,968,968
within_genus_species,Candida,69,clean,k-mer,k=6,6,,False,False,160,4,0.25,0.237907824933687,2744,2744
within_genus_species,Candida,69,clean,k-mer,k=7,7,,False,False,160,4,0.25,0.2332512315270936,4882,4882
within_genus_species,Candida,69,clean,k-mer,k=8,8,,False,False,160,4,0.22916666666666666,0.23435897435897435,6205,6205
within_genus_species,Candida,69,clean,k-mer,k=9,9,,False,False,160,4,0.20833333333333334,0.22498885918003567,6632,6632
within_genus_species,Candida,69,clean,canonical k-mer,k=4,4,,True,False,160,4,0.375,0.367850827333586,135,135
within_genus_species,Candida,69,clean,canonical k-mer,k=5,5,,True,False,160,4,0.3333333333333333,0.32116977225672877,500,500
within_genus_species,Candida,69,clean,canonical k-mer,k=6,6,,True,False,160,4,0.3333333333333333,0.31946964184655186,1695,1695
within_genus_species,Candida,69,clean,canonical k-mer,k=7,7,,True,False,160,4,0.3125,0.2983918128654971,3766,3766
within_genus_species,Candida,69,clean,canonical k-mer,k=8,8,,True,False,160,4,0.2708333333333333,0.2783382945654751,5617,5617
within_genus_species,Candida,69,clean,canonical k-mer,k=9,9,,True,False,160,4,0.2916666666666667,0.30451612903225805,6420,6420
within_genus_species,Candida,69,clean,canonical spaced,pattern=0-1-2-3,4,0-1-2-3,True,False,160,4,0.375,0.367850827333586,135,135
within_genus_species,Candida,69,clean,canonical spaced + property,pattern=0-1-2-3,4,0-1-2-3,True,True,160,4,0.375,0.36777520724889146,146,146
within_genus_species,Candida,69,clean,canonical spaced,pattern=0-1-3-6,4,0-1-3-6,True,False,160,4,0.3125,0.297008547008547,136,136
within_genus_species,Candida,69,clean,canonical spaced + property,pattern=0-1-3-6,4,0-1-3-6,True,True,160,4,0.2708333333333333,0.25648656898656896,147,147
within_genus_species,Candida,69,clean,canonical spaced,pattern=0-2-4-6,4,0-2-4-6,True,False,160,4,0.3333333333333333,0.3344988344988345,136,136
within_genus_species,Candida,69,clean,canonical spaced + property,pattern=0-2-4-6,4,0-2-4-6,True,True,160,4,0.25,0.2357914989493937,147,147
within_genus_species,Candida,69,clean,canonical spaced,pattern=0-2-5-7,4,0-2-5-7,True,False,160,4,0.3125,0.30032051282051286,136,136
within_genus_species,Candida,69,clean,canonical spaced + property,pattern=0-2-5-7,4,0-2-5-7,True,True,160,4,0.2916666666666667,0.2854901960784314,147,147
within_genus_species,Candida,69,clean,canonical spaced,pattern=0-3-5-8,4,0-3-5-8,True,False,160,4,0.2916666666666667,0.2966459627329192,136,136
within_genus_species,Candida,69,clean,canonical spaced + property,pattern=0-3-5-8,4,0-3-5-8,True,True,160,4,0.3125,0.31392428785607196,147,147
target_background,Candida,69,clean,k-mer,k=4,4,,False,False,160,2,0.625,0.5,255,255
target_background,Candida,69,clean,k-mer,k=5,5,,False,False,160,2,0.6041666666666666,0.45681953543776055,956,956
target_background,Candida,69,clean,k-mer,k=6,6,,False,False,160,2,0.6875,0.4638868205510052,2699,2699
target_background,Candida,69,clean,k-mer,k=7,7,,False,False,160,2,0.7291666666666666,0.42168674698795183,4854,4854
target_background,Candida,69,clean,k-mer,k=8,8,,False,False,160,2,0.7291666666666666,0.42168674698795183,6163,6163
target_background,Candida,69,clean,k-mer,k=9,9,,False,False,160,2,0.7083333333333334,0.4146341463414634,6570,6570
target_background,Candida,69,clean,canonical k-mer,k=4,4,,True,False,160,2,0.625,0.546218487394958,135,135
target_background,Candida,69,clean,canonical k-mer,k=5,5,,True,False,160,2,0.5625,0.399642644431209,497,497
target_background,Candida,69,clean,canonical k-mer,k=6,6,,True,False,160,2,0.625,0.43157894736842106,1674,1674
target_background,Candida,69,clean,canonical k-mer,k=7,7,,True,False,160,2,0.7291666666666666,0.42168674698795183,3749,3749
target_background,Candida,69,clean,canonical k-mer,k=8,8,,True,False,160,2,0.7291666666666666,0.42168674698795183,5599,5599
target_background,Candida,69,clean,canonical k-mer,k=9,9,,True,False,160,2,0.7291666666666666,0.42168674698795183,6360,6360
target_background,Candida,69,clean,canonical spaced,pattern=0-1-2-3,4,0-1-2-3,True,False,160,2,0.625,0.546218487394958,135,135
target_background,Candida,69,clean,canonical spaced + property,pattern=0-1-2-3,4,0-1-2-3,True,True,160,2,0.6041666666666666,0.5306227483273289,146,146
target_background,Candida,69,clean,canonical spaced,pattern=0-1-3-6,4,0-1-3-6,True,False,160,2,0.6458333333333334,0.5950372208436725,136,136
target_background,Candida,69,clean,canonical spaced + property,pattern=0-1-3-6,4,0-1-3-6,True,True,160,2,0.6666666666666666,0.6121212121212121,147,147
target_background,Candida,69,clean,canonical spaced,pattern=0-2-4-6,4,0-2-4-6,True,False,160,2,0.5625,0.45893719806763283,136,136
target_background,Candida,69,clean,canonical spaced + property,pattern=0-2-4-6,4,0-2-4-6,True,True,160,2,0.5833333333333334,0.4957983193277311,147,147
target_background,Candida,69,clean,canonical spaced,pattern=0-2-5-7,4,0-2-5-7,True,False,160,2,0.6458333333333334,0.540281690140845,136,136
target_background,Candida,69,clean,canonical spaced + property,pattern=0-2-5-7,4,0-2-5-7,True,True,160,2,0.6458333333333334,0.540281690140845,147,147
target_background,Candida,69,clean,canonical spaced,pattern=0-3-5-8,4,0-3-5-8,True,False,160,2,0.6875,0.5943661971830986,136,136
target_background,Candida,69,clean,canonical spaced + property,pattern=0-3-5-8,4,0-3-5-8,True,True,160,2,0.6875,0.5943661971830986,147,147
within_genus_species,Enterobacter,69,clean,k-mer,k=4,4,,False,False,160,5,0.1875,0.18870273509861607,255,255
within_genus_species,Enterobacter,69,clean,k-mer,k=5,5,,False,False,160,5,0.20833333333333334,0.20914285714285713,996,996
within_genus_species,Enterobacter,69,clean,k-mer,k=6,6,,False,False,160,5,0.1875,0.16548143823286138,2956,2956
within_genus_species,Enterobacter,69,clean,k-mer,k=7,7,,False,False,160,5,0.22916666666666666,0.18006787330316743,5201,5201
within_genus_species,Enterobacter,69,clean,k-mer,k=8,8,,False,False,160,5,0.3333333333333333,0.2583475574489695,6327,6327
within_genus_species,Enterobacter,69,clean,k-mer,k=9,9,,False,False,160,5,0.2708333333333333,0.15079365079365079,6631,6631
within_genus_species,Enterobacter,69,clean,canonical k-mer,k=4,4,,True,False,160,5,0.1875,0.1852005012531328,135,135
within_genus_species,Enterobacter,69,clean,canonical k-mer,k=5,5,,True,False,160,5,0.14583333333333334,0.13934837092731828,508,508
within_genus_species,Enterobacter,69,clean,canonical k-mer,k=6,6,,True,False,160,5,0.1875,0.17390270996409102,1826,1826
within_genus_species,Enterobacter,69,clean,canonical k-mer,k=7,7,,True,False,160,5,0.22916666666666666,0.16220197930724245,4079,4079
within_genus_species,Enterobacter,69,clean,canonical k-mer,k=8,8,,True,False,160,5,0.22916666666666666,0.18075959128590707,5813,5813
within_genus_species,Enterobacter,69,clean,canonical k-mer,k=9,9,,True,False,160,5,0.20833333333333334,0.12829131652661063,6472,6472
within_genus_species,Enterobacter,69,clean,canonical spaced,pattern=0-1-2-3,4,0-1-2-3,True,False,160,5,0.1875,0.1852005012531328,135,135
within_genus_species,Enterobacter,69,clean,canonical spaced + property,pattern=0-1-2-3,4,0-1-2-3,True,True,160,5,0.16666666666666666,0.16378635983899142,146,146
within_genus_species,Enterobacter,69,clean,canonical spaced,pattern=0-1-3-6,4,0-1-3-6,True,False,160,5,0.22916666666666666,0.225062656641604,136,136
within_genus_species,Enterobacter,69,clean,canonical spaced + property,pattern=0-1-3-6,4,0-1-3-6,True,True,160,5,0.22916666666666666,0.21294144452039188,147,147
within_genus_species,Enterobacter,69,clean,canonical spaced,pattern=0-2-4-6,4,0-2-4-6,True,False,160,5,0.20833333333333334,0.20027519779841763,136,136
within_genus_species,Enterobacter,69,clean,canonical spaced + property,pattern=0-2-4-6,4,0-2-4-6,True,True,160,5,0.20833333333333334,0.20200415787978043,147,147
within_genus_species,Enterobacter,69,clean,canonical spaced,pattern=0-2-5-7,4,0-2-5-7,True,False,160,5,0.25,0.24418914418914417,136,136
within_genus_species,Enterobacter,69,clean,canonical spaced + property,pattern=0-2-5-7,4,0-2-5-7,True,True,160,5,0.2708333333333333,0.2554120082815735,147,147
within_genus_species,Enterobacter,69,clean,canonical spaced,pattern=0-3-5-8,4,0-3-5-8,True,False,160,5,0.22916666666666666,0.2047829408443219,136,136
within_genus_species,Enterobacter,69,clean,canonical spaced + property,pattern=0-3-5-8,4,0-3-5-8,True,True,160,5,0.22916666666666666,0.206253529079616,147,147
target_background,Enterobacter,69,clean,k-mer,k=4,4,,False,False,160,2,0.7291666666666666,0.42168674698795183,255,255
target_background,Enterobacter,69,clean,k-mer,k=5,5,,False,False,160,2,0.7916666666666666,0.4418604651162791,992,992
target_background,Enterobacter,69,clean,k-mer,k=6,6,,False,False,160,2,0.7916666666666666,0.4418604651162791,2904,2904
target_background,Enterobacter,69,clean,k-mer,k=7,7,,False,False,160,2,0.7916666666666666,0.4418604651162791,5126,5126
target_background,Enterobacter,69,clean,k-mer,k=8,8,,False,False,160,2,0.8125,0.4482758620689655,6229,6229
target_background,Enterobacter,69,clean,k-mer,k=9,9,,False,False,160,2,0.8125,0.4482758620689655,6557,6557
target_background,Enterobacter,69,clean,canonical k-mer,k=4,4,,True,False,160,2,0.75,0.49825783972125437,135,135
target_background,Enterobacter,69,clean,canonical k-mer,k=5,5,,True,False,160,2,0.7708333333333334,0.5106580166821131,508,508
target_background,Enterobacter,69,clean,canonical k-mer,k=6,6,,True,False,160,2,0.7916666666666666,0.4418604651162791,1782,1782
target_background,Enterobacter,69,clean,canonical k-mer,k=7,7,,True,False,160,2,0.7916666666666666,0.4418604651162791,3991,3991
target_background,Enterobacter,69,clean,canonical k-mer,k=8,8,,True,False,160,2,0.8125,0.4482758620689655,5700,5700
target_background,Enterobacter,69,clean,canonical k-mer,k=9,9,,True,False,160,2,0.8125,0.4482758620689655,6392,6392
target_background,Enterobacter,69,clean,canonical spaced,pattern=0-1-2-3,4,0-1-2-3,True,False,160,2,0.75,0.49825783972125437,135,135
target_background,Enterobacter,69,clean,canonical spaced + property,pattern=0-1-2-3,4,0-1-2-3,True,True,160,2,0.7708333333333334,0.5106580166821131,146,146
target_background,Enterobacter,69,clean,canonical spaced,pattern=0-1-3-6,4,0-1-3-6,True,False,160,2,0.8333333333333334,0.6655052264808362,136,136
target_background,Enterobacter,69,clean,canonical spaced + property,pattern=0-1-3-6,4,0-1-3-6,True,True,160,2,0.8125,0.6444444444444444,147,147
target_background,Enterobacter,69,clean,canonical spaced,pattern=0-2-4-6,4,0-2-4-6,True,False,160,2,0.6041666666666666,0.45681953543776055,136,136
target_background,Enterobacter,69,clean,canonical spaced + property,pattern=0-2-4-6,4,0-2-4-6,True,True,160,2,0.625,0.46928746928746934,147,147
target_background,Enterobacter,69,clean,canonical spaced,pattern=0-2-5-7,4,0-2-5-7,True,False,160,2,0.6666666666666666,0.45299145299145294,136,136
target_background,Enterobacter,69,clean,canonical spaced + property,pattern=0-2-5-7,4,0-2-5-7,True,True,160,2,0.6458333333333334,0.3924050632911392,147,147
target_background,Enterobacter,69,clean,canonical spaced,pattern=0-3-5-8,4,0-3-5-8,True,False,160,2,0.625,0.43157894736842106,136,136
target_background,Enterobacter,69,clean,canonical spaced + property,pattern=0-3-5-8,4,0-3-5-8,True,True,160,2,0.625,0.43157894736842106,147,147
within_genus_species,Escherichia,69,clean,k-mer,k=4,4,,False,False,160,2,0.4166666666666667,0.4125874125874126,256,256
within_genus_species,Escherichia,69,clean,k-mer,k=5,5,,False,False,160,2,0.4791666666666667,0.47894051237516283,1014,1014
within_genus_species,Escherichia,69,clean,k-mer,k=6,6,,False,False,160,2,0.5833333333333334,0.5767195767195767,3122,3122
within_genus_species,Escherichia,69,clean,k-mer,k=7,7,,False,False,160,2,0.3958333333333333,0.3955709943551889,5402,5402
within_genus_species,Escherichia,69,clean,k-mer,k=8,8,,False,False,160,2,0.4166666666666667,0.4125874125874126,6450,6450
within_genus_species,Escherichia,69,clean,k-mer,k=9,9,,False,False,160,2,0.4375,0.42527716186252773,6683,6683
within_genus_species,Escherichia,69,clean,canonical k-mer,k=4,4,,True,False,160,2,0.5416666666666666,0.5384615384615384,136,136
within_genus_species,Escherichia,69,clean,canonical k-mer,k=5,5,,True,False,160,2,0.5625,0.5607843137254902,509,509
within_genus_species,Escherichia,69,clean,canonical k-mer,k=6,6,,True,False,160,2,0.5,0.49650349650349646,1879,1879
within_genus_species,Escherichia,69,clean,canonical k-mer,k=7,7,,True,False,160,2,0.5416666666666666,0.5416666666666666,4290,4290
within_genus_species,Escherichia,69,clean,canonical k-mer,k=8,8,,True,False,160,2,0.4166666666666667,0.4125874125874126,5968,5968
within_genus_species,Escherichia,69,clean,canonical k-mer,k=9,9,,True,False,160,2,0.4583333333333333,0.4545454545454546,6525,6525
within_genus_species,Escherichia,69,clean,canonical spaced,pattern=0-1-2-3,4,0-1-2-3,True,False,160,2,0.5416666666666666,0.5384615384615384,136,136
within_genus_species,Escherichia,69,clean,canonical spaced + property,pattern=0-1-2-3,4,0-1-2-3,True,True,160,2,0.5,0.49650349650349646,147,147
within_genus_species,Escherichia,69,clean,canonical spaced,pattern=0-1-3-6,4,0-1-3-6,True,False,160,2,0.4375,0.42527716186252773,136,136
within_genus_species,Escherichia,69,clean,canonical spaced + property,pattern=0-1-3-6,4,0-1-3-6,True,True,160,2,0.4791666666666667,0.47345326897762174,147,147
within_genus_species,Escherichia,69,clean,canonical spaced,pattern=0-2-4-6,4,0-2-4-6,True,False,160,2,0.4583333333333333,0.45739130434782604,136,136
within_genus_species,Escherichia,69,clean,canonical spaced + property,pattern=0-2-4-6,4,0-2-4-6,True,True,160,2,0.4583333333333333,0.45739130434782604,147,147
within_genus_species,Escherichia,69,clean,canonical spaced,pattern=0-2-5-7,4,0-2-5-7,True,False,160,2,0.5416666666666666,0.5384615384615384,136,136
within_genus_species,Escherichia,69,clean,canonical spaced + property,pattern=0-2-5-7,4,0-2-5-7,True,True,160,2,0.5,0.4920634920634921,147,147
within_genus_species,Escherichia,69,clean,canonical spaced,pattern=0-3-5-8,4,0-3-5-8,True,False,160,2,0.5833333333333334,0.5826086956521739,136,136
within_genus_species,Escherichia,69,clean,canonical spaced + property,pattern=0-3-5-8,4,0-3-5-8,True,True,160,2,0.5416666666666666,0.5416666666666666,147,147
target_background,Escherichia,69,clean,k-mer,k=4,4,,False,False,160,2,0.4166666666666667,0.4125874125874126,256,256
target_background,Escherichia,69,clean,k-mer,k=5,5,,False,False,160,2,0.4791666666666667,0.47894051237516283,1014,1014
target_background,Escherichia,69,clean,k-mer,k=6,6,,False,False,160,2,0.5833333333333334,0.5767195767195767,3122,3122
target_background,Escherichia,69,clean,k-mer,k=7,7,,False,False,160,2,0.3958333333333333,0.3955709943551889,5402,5402
target_background,Escherichia,69,clean,k-mer,k=8,8,,False,False,160,2,0.4166666666666667,0.4125874125874126,6450,6450
target_background,Escherichia,69,clean,k-mer,k=9,9,,False,False,160,2,0.4375,0.42527716186252773,6683,6683
target_background,Escherichia,69,clean,canonical k-mer,k=4,4,,True,False,160,2,0.5416666666666666,0.5384615384615384,136,136
target_background,Escherichia,69,clean,canonical k-mer,k=5,5,,True,False,160,2,0.5625,0.5607843137254902,509,509
target_background,Escherichia,69,clean,canonical k-mer,k=6,6,,True,False,160,2,0.5,0.49650349650349646,1879,1879
target_background,Escherichia,69,clean,canonical k-mer,k=7,7,,True,False,160,2,0.5416666666666666,0.5416666666666666,4290,4290
target_background,Escherichia,69,clean,canonical k-mer,k=8,8,,True,False,160,2,0.4166666666666667,0.4125874125874126,5968,5968
target_background,Escherichia,69,clean,canonical k-mer,k=9,9,,True,False,160,2,0.4583333333333333,0.4545454545454546,6525,6525
target_background,Escherichia,69,clean,canonical spaced,pattern=0-1-2-3,4,0-1-2-3,True,False,160,2,0.5416666666666666,0.5384615384615384,136,136
target_background,Escherichia,69,clean,canonical spaced + property,pattern=0-1-2-3,4,0-1-2-3,True,True,160,2,0.5,0.49650349650349646,147,147
target_background,Escherichia,69,clean,canonical spaced,pattern=0-1-3-6,4,0-1-3-6,True,False,160,2,0.4375,0.42527716186252773,136,136
target_background,Escherichia,69,clean,canonical spaced + property,pattern=0-1-3-6,4,0-1-3-6,True,True,160,2,0.4791666666666667,0.47345326897762174,147,147
target_background,Escherichia,69,clean,canonical spaced,pattern=0-2-4-6,4,0-2-4-6,True,False,160,2,0.4583333333333333,0.45739130434782604,136,136
target_background,Escherichia,69,clean,canonical spaced + property,pattern=0-2-4-6,4,0-2-4-6,True,True,160,2,0.4583333333333333,0.45739130434782604,147,147
target_background,Escherichia,69,clean,canonical spaced,pattern=0-2-5-7,4,0-2-5-7,True,False,160,2,0.5416666666666666,0.5384615384615384,136,136
target_background,Escherichia,69,clean,canonical spaced + property,pattern=0-2-5-7,4,0-2-5-7,True,True,160,2,0.5,0.4920634920634921,147,147
target_background,Escherichia,69,clean,canonical spaced,pattern=0-3-5-8,4,0-3-5-8,True,False,160,2,0.5833333333333334,0.5826086956521739,136,136
target_background,Escherichia,69,clean,canonical spaced + property,pattern=0-3-5-8,4,0-3-5-8,True,True,160,2,0.5416666666666666,0.5416666666666666,147,147
within_genus_species,Klebsiella,69,clean,k-mer,k=4,4,,False,False,160,3,0.4375,0.43236047107014847,256,256
within_genus_species,Klebsiella,69,clean,k-mer,k=5,5,,False,False,160,3,0.4166666666666667,0.3999646518204312,996,996
within_genus_species,Klebsiella,69,clean,k-mer,k=6,6,,False,False,160,3,0.3958333333333333,0.37498010866352954,2955,2955
within_genus_species,Klebsiella,69,clean,k-mer,k=7,7,,False,False,160,3,0.4791666666666667,0.44420658940478824,5064,5064
within_genus_species,Klebsiella,69,clean,k-mer,k=8,8,,False,False,160,3,0.4166666666666667,0.4142626103680392,6206,6206
within_genus_species,Klebsiella,69,clean,k-mer,k=9,9,,False,False,160,3,0.4166666666666667,0.4006172839506173,6598,6598
within_genus_species,Klebsiella,69,clean,canonical k-mer,k=4,4,,True,False,160,3,0.4166666666666667,0.4161616161616162,136,136
within_genus_species,Klebsiella,69,clean,canonical k-mer,k=5,5,,True,False,160,3,0.3541666666666667,0.3470762429095762,510,510
within_genus_species,Klebsiella,69,clean,canonical k-mer,k=6,6,,True,False,160,3,0.4375,0.4215167548500882,1820,1820
within_genus_species,Klebsiella,69,clean,canonical k-mer,k=7,7,,True,False,160,3,0.4166666666666667,0.40311325818572197,3970,3970
within_genus_species,Klebsiella,69,clean,canonical k-mer,k=8,8,,True,False,160,3,0.3958333333333333,0.3893162393162393,5637,5637
within_genus_species,Klebsiella,69,clean,canonical k-mer,k=9,9,,True,False,160,3,0.4166666666666667,0.3558974358974359,6336,6336
within_genus_species,Klebsiella,69,clean,canonical spaced,pattern=0-1-2-3,4,0-1-2-3,True,False,160,3,0.4166666666666667,0.4161616161616162,136,136
within_genus_species,Klebsiella,69,clean,canonical spaced + property,pattern=0-1-2-3,4,0-1-2-3,True,True,160,3,0.4375,0.43778510915607693,147,147
within_genus_species,Klebsiella,69,clean,canonical spaced,pattern=0-1-3-6,4,0-1-3-6,True,False,160,3,0.375,0.3759344598054275,136,136
within_genus_species,Klebsiella,69,clean,canonical spaced + property,pattern=0-1-3-6,4,0-1-3-6,True,True,160,3,0.3958333333333333,0.39420574917532325,147,147
within_genus_species,Klebsiella,69,clean,canonical spaced,pattern=0-2-4-6,4,0-2-4-6,True,False,160,3,0.4166666666666667,0.39840088227185005,136,136
within_genus_species,Klebsiella,69,clean,canonical spaced + property,pattern=0-2-4-6,4,0-2-4-6,True,True,160,3,0.4166666666666667,0.39840088227185005,147,147
within_genus_species,Klebsiella,69,clean,canonical spaced,pattern=0-2-5-7,4,0-2-5-7,True,False,160,3,0.3333333333333333,0.3223665223665224,136,136
within_genus_species,Klebsiella,69,clean,canonical spaced + property,pattern=0-2-5-7,4,0-2-5-7,True,True,160,3,0.3333333333333333,0.32042648709315374,147,147
within_genus_species,Klebsiella,69,clean,canonical spaced,pattern=0-3-5-8,4,0-3-5-8,True,False,160,3,0.4583333333333333,0.4450128415645657,136,136
within_genus_species,Klebsiella,69,clean,canonical spaced + property,pattern=0-3-5-8,4,0-3-5-8,True,True,160,3,0.4583333333333333,0.4458560193587417,147,147
target_background,Klebsiella,69,clean,k-mer,k=4,4,,False,False,160,2,0.5416666666666666,0.5285714285714286,256,256
target_background,Klebsiella,69,clean,k-mer,k=5,5,,False,False,160,2,0.6041666666666666,0.5728337236533958,1005,1005
target_background,Klebsiella,69,clean,k-mer,k=6,6,,False,False,160,2,0.5625,0.48121461657231085,3001,3001
target_background,Klebsiella,69,clean,k-mer,k=7,7,,False,False,160,2,0.6041666666666666,0.42095238095238097,5156,5156
target_background,Klebsiella,69,clean,k-mer,k=8,8,,False,False,160,2,0.6458333333333334,0.3924050632911392,6241,6241
target_background,Klebsiella,69,clean,k-mer,k=9,9,,False,False,160,2,0.6458333333333334,0.3924050632911392,6602,6602
target_background,Klebsiella,69,clean,canonical k-mer,k=4,4,,True,False,160,2,0.5833333333333334,0.5714285714285714,136,136
target_background,Klebsiella,69,clean,canonical k-mer,k=5,5,,True,False,160,2,0.5833333333333334,0.5644283121597096,511,511
target_background,Klebsiella,69,clean,canonical k-mer,k=6,6,,True,False,160,2,0.6041666666666666,0.5306227483273289,1855,1855
target_background,Klebsiella,69,clean,canonical k-mer,k=7,7,,True,False,160,2,0.6666666666666666,0.5555555555555556,4069,4069
target_background,Klebsiella,69,clean,canonical k-mer,k=8,8,,True,False,160,2,0.6666666666666666,0.45299145299145294,5710,5710
target_background,Klebsiella,69,clean,canonical k-mer,k=9,9,,True,False,160,2,0.625,0.38461538461538464,6397,6397
target_background,Klebsiella,69,clean,canonical spaced,pattern=0-1-2-3,4,0-1-2-3,True,False,160,2,0.5833333333333334,0.5714285714285714,136,136
target_background,Klebsiella,69,clean,canonical spaced + property,pattern=0-1-2-3,4,0-1-2-3,True,True,160,2,0.5833333333333334,0.5714285714285714,147,147
target_background,Klebsiella,69,clean,canonical spaced,pattern=0-1-3-6,4,0-1-3-6,True,False,160,2,0.5,0.4666666666666667,136,136
target_background,Klebsiella,69,clean,canonical spaced + property,pattern=0-1-3-6,4,0-1-3-6,True,True,160,2,0.5,0.4666666666666667,147,147
target_background,Klebsiella,69,clean,canonical spaced,pattern=0-2-4-6,4,0-2-4-6,True,False,160,2,0.5833333333333334,0.5445920303605313,136,136
target_background,Klebsiella,69,clean,canonical spaced + property,pattern=0-2-4-6,4,0-2-4-6,True,True,160,2,0.5833333333333334,0.5445920303605313,147,147
target_background,Klebsiella,69,clean,canonical spaced,pattern=0-2-5-7,4,0-2-5-7,True,False,160,2,0.7083333333333334,0.6888888888888889,136,136
target_background,Klebsiella,69,clean,canonical spaced + property,pattern=0-2-5-7,4,0-2-5-7,True,True,160,2,0.7083333333333334,0.6888888888888889,147,147
target_background,Klebsiella,69,clean,canonical spaced,pattern=0-3-5-8,4,0-3-5-8,True,False,160,2,0.6666666666666666,0.5966386554621849,136,136
target_background,Klebsiella,69,clean,canonical spaced + property,pattern=0-3-5-8,4,0-3-5-8,True,True,160,2,0.6666666666666666,0.5966386554621849,147,147
within_genus_species,Acinetobacter,75,clean,k-mer,k=4,4,,False,False,160,4,0.25,0.25476190476190474,256,256
within_genus_species,Acinetobacter,75,clean,k-mer,k=5,5,,False,False,160,4,0.22916666666666666,0.24333333333333332,1001,1001
within_genus_species,Acinetobacter,75,clean,k-mer,k=6,6,,False,False,160,4,0.1875,0.14842047930283225,3069,3069
within_genus_species,Acinetobacter,75,clean,k-mer,k=7,7,,False,False,160,4,0.1875,0.18345312095312097,5542,5542
within_genus_species,Acinetobacter,75,clean,k-mer,k=8,8,,False,False,160,4,0.25,0.2378238446759025,6852,6852
within_genus_species,Acinetobacter,75,clean,k-mer,k=9,9,,False,False,160,4,0.22916666666666666,0.21324508824508825,7257,7257
within_genus_species,Acinetobacter,75,clean,canonical k-mer,k=4,4,,True,False,160,4,0.20833333333333334,0.20858058608058608,136,136
within_genus_species,Acinetobacter,75,clean,canonical k-mer,k=5,5,,True,False,160,4,0.16666666666666666,0.16256410256410253,510,510
within_genus_species,Acinetobacter,75,clean,canonical k-mer,k=6,6,,True,False,160,4,0.20833333333333334,0.19482098546614676,1844,1844
within_genus_species,Acinetobacter,75,clean,canonical k-mer,k=7,7,,True,False,160,4,0.125,0.1299537037037037,4346,4346
within_genus_species,Acinetobacter,75,clean,canonical k-mer,k=8,8,,True,False,160,4,0.16666666666666666,0.16633510167992926,6320,6320
within_genus_species,Acinetobacter,75,clean,canonical k-mer,k=9,9,,True,False,160,4,0.22916666666666666,0.215766620657925,7075,7075
within_genus_species,Acinetobacter,75,clean,canonical spaced,pattern=0-1-2-3,4,0-1-2-3,True,False,160,4,0.20833333333333334,0.20858058608058608,136,136
within_genus_species,Acinetobacter,75,clean,canonical spaced + property,pattern=0-1-2-3,4,0-1-2-3,True,True,160,4,0.22916666666666666,0.23293624652320305,147,147
within_genus_species,Acinetobacter,75,clean,canonical spaced,pattern=0-1-3-6,4,0-1-3-6,True,False,160,4,0.20833333333333334,0.22164188752424047,136,136
within_genus_species,Acinetobacter,75,clean,canonical spaced + property,pattern=0-1-3-6,4,0-1-3-6,True,True,160,4,0.20833333333333334,0.22207702709731109,147,147
within_genus_species,Acinetobacter,75,clean,canonical spaced,pattern=0-2-4-6,4,0-2-4-6,True,False,160,4,0.20833333333333334,0.21768518518518518,136,136
within_genus_species,Acinetobacter,75,clean,canonical spaced + property,pattern=0-2-4-6,4,0-2-4-6,True,True,160,4,0.20833333333333334,0.21746588693957117,147,147
within_genus_species,Acinetobacter,75,clean,canonical spaced,pattern=0-2-5-7,4,0-2-5-7,True,False,160,4,0.25,0.24305555555555555,136,136
within_genus_species,Acinetobacter,75,clean,canonical spaced + property,pattern=0-2-5-7,4,0-2-5-7,True,True,160,4,0.22916666666666666,0.22860160828676568,147,147
within_genus_species,Acinetobacter,75,clean,canonical spaced,pattern=0-3-5-8,4,0-3-5-8,True,False,160,4,0.375,0.39117083397643665,136,136
within_genus_species,Acinetobacter,75,clean,canonical spaced + property,pattern=0-3-5-8,4,0-3-5-8,True,True,160,4,0.3125,0.31666666666666665,147,147
within_genus_species,Burkholderia,75,clean,k-mer,k=4,4,,False,False,160,3,0.3541666666666667,0.35129068462401797,255,255
within_genus_species,Burkholderia,75,clean,k-mer,k=5,5,,False,False,160,3,0.3958333333333333,0.3861693861693862,911,911
within_genus_species,Burkholderia,75,clean,k-mer,k=6,6,,False,False,160,3,0.4375,0.42958466889449637,2364,2364
within_genus_species,Burkholderia,75,clean,k-mer,k=7,7,,False,False,160,3,0.4375,0.42705759255548875,4300,4300
within_genus_species,Burkholderia,75,clean,k-mer,k=8,8,,False,False,160,3,0.4166666666666667,0.409584214235377,5865,5865
within_genus_species,Burkholderia,75,clean,k-mer,k=9,9,,False,False,160,3,0.3333333333333333,0.3125164690382082,6760,6760
within_genus_species,Burkholderia,75,clean,canonical k-mer,k=4,4,,True,False,160,3,0.375,0.3666666666666667,136,136
within_genus_species,Burkholderia,75,clean,canonical k-mer,k=5,5,,True,False,160,3,0.3541666666666667,0.34829059829059833,490,490
within_genus_species,Burkholderia,75,clean,canonical k-mer,k=6,6,,True,False,160,3,0.2708333333333333,0.2811239783485368,1490,1490
within_genus_species,Burkholderia,75,clean,canonical k-mer,k=7,7,,True,False,160,3,0.3333333333333333,0.33562521065048867,3218,3218
within_genus_species,Burkholderia,75,clean,canonical k-mer,k=8,8,,True,False,160,3,0.3125,0.32071632071632067,5033,5033
within_genus_species,Burkholderia,75,clean,canonical k-mer,k=9,9,,True,False,160,3,0.2708333333333333,0.23960511033681764,6276,6276
within_genus_species,Burkholderia,75,clean,canonical spaced,pattern=0-1-2-3,4,0-1-2-3,True,False,160,3,0.375,0.3666666666666667,136,136
within_genus_species,Burkholderia,75,clean,canonical spaced + property,pattern=0-1-2-3,4,0-1-2-3,True,True,160,3,0.3541666666666667,0.34807987711213517,147,147
within_genus_species,Burkholderia,75,clean,canonical spaced,pattern=0-1-3-6,4,0-1-3-6,True,False,160,3,0.22916666666666666,0.22020568663036902,136,136
within_genus_species,Burkholderia,75,clean,canonical spaced + property,pattern=0-1-3-6,4,0-1-3-6,True,True,160,3,0.22916666666666666,0.22020568663036902,147,147
within_genus_species,Burkholderia,75,clean,canonical spaced,pattern=0-2-4-6,4,0-2-4-6,True,False,160,3,0.25,0.2508349625285109,136,136
within_genus_species,Burkholderia,75,clean,canonical spaced + property,pattern=0-2-4-6,4,0-2-4-6,True,True,160,3,0.22916666666666666,0.22704248366013072,147,147
within_genus_species,Burkholderia,75,clean,canonical spaced,pattern=0-2-5-7,4,0-2-5-7,True,False,160,3,0.2708333333333333,0.27037037037037037,136,136
within_genus_species,Burkholderia,75,clean,canonical spaced + property,pattern=0-2-5-7,4,0-2-5-7,True,True,160,3,0.2708333333333333,0.27037037037037037,147,147
within_genus_species,Burkholderia,75,clean,canonical spaced,pattern=0-3-5-8,4,0-3-5-8,True,False,160,3,0.20833333333333334,0.21212121212121213,136,136
within_genus_species,Burkholderia,75,clean,canonical spaced + property,pattern=0-3-5-8,4,0-3-5-8,True,True,160,3,0.20833333333333334,0.21212121212121213,147,147
target_background,Burkholderia,75,clean,k-mer,k=4,4,,False,False,160,2,0.5625,0.5529933481152993,256,256
target_background,Burkholderia,75,clean,k-mer,k=5,5,,False,False,160,2,0.7083333333333334,0.6812144212523719,938,938
target_background,Burkholderia,75,clean,k-mer,k=6,6,,False,False,160,2,0.6666666666666666,0.6121212121212121,2505,2505
target_background,Burkholderia,75,clean,k-mer,k=7,7,,False,False,160,2,0.6458333333333334,0.4819047619047619,4588,4588
target_background,Burkholderia,75,clean,k-mer,k=8,8,,False,False,160,2,0.6666666666666666,0.45299145299145294,6160,6160
target_background,Burkholderia,75,clean,k-mer,k=9,9,,False,False,160,2,0.6666666666666666,0.45299145299145294,6934,6934
target_background,Burkholderia,75,clean,canonical k-mer,k=4,4,,True,False,160,2,0.5208333333333334,0.5189542483660131,136,136
target_background,Burkholderia,75,clean,canonical k-mer,k=5,5,,True,False,160,2,0.5833333333333334,0.5714285714285714,495,495
target_background,Burkholderia,75,clean,canonical k-mer,k=6,6,,True,False,160,2,0.5625,0.5278688524590164,1564,1564
target_background,Burkholderia,75,clean,canonical k-mer,k=7,7,,True,False,160,2,0.5833333333333334,0.4725274725274725,3404,3404
target_background,Burkholderia,75,clean,canonical k-mer,k=8,8,,True,False,160,2,0.625,0.46928746928746934,5305,5305
target_background,Burkholderia,75,clean,canonical k-mer,k=9,9,,True,False,160,2,0.6041666666666666,0.45681953543776055,6497,6497
target_background,Burkholderia,75,clean,canonical spaced,pattern=0-1-2-3,4,0-1-2-3,True,False,160,2,0.5208333333333334,0.5189542483660131,136,136
target_background,Burkholderia,75,clean,canonical spaced + property,pattern=0-1-2-3,4,0-1-2-3,True,True,160,2,0.5,0.4991304347826087,147,147
target_background,Burkholderia,75,clean,canonical spaced,pattern=0-1-3-6,4,0-1-3-6,True,False,160,2,0.5625,0.5278688524590164,136,136
target_background,Burkholderia,75,clean,canonical spaced + property,pattern=0-1-3-6,4,0-1-3-6,True,True,160,2,0.625,0.6079854809437386,147,147
target_background,Burkholderia,75,clean,canonical spaced,pattern=0-2-4-6,4,0-2-4-6,True,False,160,2,0.4583333333333333,0.44285714285714284,136,136
target_background,Burkholderia,75,clean,canonical spaced + property,pattern=0-2-4-6,4,0-2-4-6,True,True,160,2,0.4791666666666667,0.4601889338731444,147,147
target_background,Burkholderia,75,clean,canonical spaced,pattern=0-2-5-7,4,0-2-5-7,True,False,160,2,0.4166666666666667,0.4074074074074074,136,136
target_background,Burkholderia,75,clean,canonical spaced + property,pattern=0-2-5-7,4,0-2-5-7,True,True,160,2,0.4375,0.4313295304958315,147,147
target_background,Burkholderia,75,clean,canonical spaced,pattern=0-3-5-8,4,0-3-5-8,True,False,160,2,0.5,0.4920634920634921,136,136
target_background,Burkholderia,75,clean,canonical spaced + property,pattern=0-3-5-8,4,0-3-5-8,True,True,160,2,0.5,0.4920634920634921,147,147
within_genus_species,Candida,75,clean,k-mer,k=4,4,,False,False,160,4,0.3333333333333333,0.32798136645962733,256,256
within_genus_species,Candida,75,clean,k-mer,k=5,5,,False,False,160,4,0.3125,0.30739348370927316,965,965
within_genus_species,Candida,75,clean,k-mer,k=6,6,,False,False,160,4,0.2916666666666667,0.2509090909090909,2788,2788
within_genus_species,Candida,75,clean,k-mer,k=7,7,,False,False,160,4,0.2916666666666667,0.24821428571428572,5117,5117
within_genus_species,Candida,75,clean,k-mer,k=8,8,,False,False,160,4,0.25,0.23844163083293518,6554,6554
within_genus_species,Candida,75,clean,k-mer,k=9,9,,False,False,160,4,0.375,0.34581105169340465,7115,7115
within_genus_species,Candida,75,clean,canonical k-mer,k=4,4,,True,False,160,4,0.3333333333333333,0.3244444444444444,136,136
within_genus_species,Candida,75,clean,canonical k-mer,k=5,5,,True,False,160,4,0.3541666666666667,0.3324420677361854,505,505
within_genus_species,Candida,75,clean,canonical k-mer,k=6,6,,True,False,160,4,0.4166666666666667,0.39947390572390573,1722,1722
within_genus_species,Candida,75,clean,canonical k-mer,k=7,7,,True,False,160,4,0.375,0.3491769740129935,3862,3862
within_genus_species,Candida,75,clean,canonical k-mer,k=8,8,,True,False,160,4,0.2916666666666667,0.25165898617511523,5829,5829
within_genus_species,Candida,75,clean,canonical k-mer,k=9,9,,True,False,160,4,0.3541666666666667,0.33080526558787426,6803,6803
within_genus_species,Candida,75,clean,canonical spaced,pattern=0-1-2-3,4,0-1-2-3,True,False,160,4,0.3333333333333333,0.3244444444444444,136,136
within_genus_species,Candida,75,clean,canonical spaced + property,pattern=0-1-2-3,4,0-1-2-3,True,True,160,4,0.3125,0.3071681619507706,147,147
within_genus_species,Candida,75,clean,canonical spaced,pattern=0-1-3-6,4,0-1-3-6,True,False,160,4,0.20833333333333334,0.20634920634920634,136,136
within_genus_species,Candida,75,clean,canonical spaced + property,pattern=0-1-3-6,4,0-1-3-6,True,True,160,4,0.22916666666666666,0.22109700644183403,147,147
within_genus_species,Candida,75,clean,canonical spaced,pattern=0-2-4-6,4,0-2-4-6,True,False,160,4,0.2708333333333333,0.2615581098339719,136,136
within_genus_species,Candida,75,clean,canonical spaced + property,pattern=0-2-4-6,4,0-2-4-6,True,True,160,4,0.2708333333333333,0.26044973544973543,147,147
within_genus_species,Candida,75,clean,canonical spaced,pattern=0-2-5-7,4,0-2-5-7,True,False,160,4,0.22916666666666666,0.19767875802358562,136,136
within_genus_species,Candida,75,clean,canonical spaced + property,pattern=0-2-5-7,4,0-2-5-7,True,True,160,4,0.16666666666666666,0.13020833333333331,147,147
within_genus_species,Candida,75,clean,canonical spaced,pattern=0-3-5-8,4,0-3-5-8,True,False,160,4,0.2916666666666667,0.27036556909515164,136,136
within_genus_species,Candida,75,clean,canonical spaced + property,pattern=0-3-5-8,4,0-3-5-8,True,True,160,4,0.2916666666666667,0.27952047952047954,147,147
target_background,Candida,75,clean,k-mer,k=4,4,,False,False,160,2,0.5208333333333334,0.3780281690140845,256,256
target_background,Candida,75,clean,k-mer,k=5,5,,False,False,160,2,0.6041666666666666,0.42095238095238097,970,970
target_background,Candida,75,clean,k-mer,k=6,6,,False,False,160,2,0.6666666666666666,0.45299145299145294,2793,2793
target_background,Candida,75,clean,k-mer,k=7,7,,False,False,160,2,0.7083333333333334,0.475,5079,5079
target_background,Candida,75,clean,k-mer,k=8,8,,False,False,160,2,0.7083333333333334,0.475,6530,6530
target_background,Candida,75,clean,k-mer,k=9,9,,False,False,160,2,0.7083333333333334,0.475,7102,7102
target_background,Candida,75,clean,canonical k-mer,k=4,4,,True,False,160,2,0.5625,0.45893719806763283,136,136
target_background,Candida,75,clean,canonical k-mer,k=5,5,,True,False,160,2,0.5833333333333334,0.4103194103194103,504,504
target_background,Candida,75,clean,canonical k-mer,k=6,6,,True,False,160,2,0.6666666666666666,0.45299145299145294,1733,1733
target_background,Candida,75,clean,canonical k-mer,k=7,7,,True,False,160,2,0.6666666666666666,0.45299145299145294,3881,3881
target_background,Candida,75,clean,canonical k-mer,k=8,8,,True,False,160,2,0.6666666666666666,0.45299145299145294,5856,5856
target_background,Candida,75,clean,canonical k-mer,k=9,9,,True,False,160,2,0.6875,0.4638868205510052,6828,6828
target_background,Candida,75,clean,canonical spaced,pattern=0-1-2-3,4,0-1-2-3,True,False,160,2,0.5625,0.45893719806763283,136,136
target_background,Candida,75,clean,canonical spaced + property,pattern=0-1-2-3,4,0-1-2-3,True,True,160,2,0.5833333333333334,0.4957983193277311,147,147
target_background,Candida,75,clean,canonical spaced,pattern=0-1-3-6,4,0-1-3-6,True,False,160,2,0.625,0.46928746928746934,136,136
target_background,Candida,75,clean,canonical spaced + property,pattern=0-1-3-6,4,0-1-3-6,True,True,160,2,0.6041666666666666,0.42095238095238097,147,147
target_background,Candida,75,clean,canonical spaced,pattern=0-2-4-6,4,0-2-4-6,True,False,160,2,0.5625,0.4997518610421836,136,136
target_background,Candida,75,clean,canonical spaced + property,pattern=0-2-4-6,4,0-2-4-6,True,True,160,2,0.5416666666666666,0.484375,147,147
target_background,Candida,75,clean,canonical spaced,pattern=0-2-5-7,4,0-2-5-7,True,False,160,2,0.6041666666666666,0.5613275613275613,136,136
target_background,Candida,75,clean,canonical spaced + property,pattern=0-2-5-7,4,0-2-5-7,True,True,160,2,0.5625,0.5151515151515151,147,147
target_background,Candida,75,clean,canonical spaced,pattern=0-3-5-8,4,0-3-5-8,True,False,160,2,0.5416666666666666,0.484375,136,136
target_background,Candida,75,clean,canonical spaced + property,pattern=0-3-5-8,4,0-3-5-8,True,True,160,2,0.5625,0.4997518610421836,147,147
within_genus_species,Enterobacter,75,clean,k-mer,k=4,4,,False,False,160,5,0.25,0.21619047619047618,256,256
within_genus_species,Enterobacter,75,clean,k-mer,k=5,5,,False,False,160,5,0.3125,0.24629691876750703,1001,1001
within_genus_species,Enterobacter,75,clean,k-mer,k=6,6,,False,False,160,5,0.2708333333333333,0.2151348960636886,3060,3060
within_genus_species,Enterobacter,75,clean,k-mer,k=7,7,,False,False,160,5,0.25,0.13333333333333336,5493,5493
within_genus_species,Enterobacter,75,clean,k-mer,k=8,8,,False,False,160,5,0.3333333333333333,0.21523809523809523,6846,6846
within_genus_species,Enterobacter,75,clean,k-mer,k=9,9,,False,False,160,5,0.3125,0.19090909090909092,7279,7279
within_genus_species,Enterobacter,75,clean,canonical k-mer,k=4,4,,True,False,160,5,0.2916666666666667,0.2741192141192141,136,136
within_genus_species,Enterobacter,75,clean,canonical k-mer,k=5,5,,True,False,160,5,0.2708333333333333,0.2623033089313881,509,509
within_genus_species,Enterobacter,75,clean,canonical k-mer,k=6,6,,True,False,160,5,0.2708333333333333,0.2560323886639676,1863,1863
within_genus_species,Enterobacter,75,clean,canonical k-mer,k=7,7,,True,False,160,5,0.25,0.21989304812834223,4324,4324
within_genus_species,Enterobacter,75,clean,canonical k-mer,k=8,8,,True,False,160,5,0.20833333333333334,0.15169544414395672,6266,6266
within_genus_species,Enterobacter,75,clean,canonical k-mer,k=9,9,,True,False,160,5,0.20833333333333334,0.13145057766367135,7067,7067
within_genus_species,Enterobacter,75,clean,canonical spaced,pattern=0-1-2-3,4,0-1-2-3,True,False,160,5,0.2916666666666667,0.2741192141192141,136,136
within_genus_species,Enterobacter,75,clean,canonical spaced + property,pattern=0-1-2-3,4,0-1-2-3,True,True,160,5,0.25,0.23809523809523808,147,147
within_genus_species,Enterobacter,75,clean,canonical spaced,pattern=0-1-3-6,4,0-1-3-6,True,False,160,5,0.22916666666666666,0.21583188741083478,136,136
within_genus_species,Enterobacter,75,clean,canonical spaced + property,pattern=0-1-3-6,4,0-1-3-6,True,True,160,5,0.22916666666666666,0.21238095238095234,147,147
within_genus_species,Enterobacter,75,clean,canonical spaced,pattern=0-2-4-6,4,0-2-4-6,True,False,160,5,0.20833333333333334,0.188213236039323,136,136
within_genus_species,Enterobacter,75,clean,canonical spaced + property,pattern=0-2-4-6,4,0-2-4-6,True,True,160,5,0.22916666666666666,0.20468227424749164,147,147
within_genus_species,Enterobacter,75,clean,canonical spaced,pattern=0-2-5-7,4,0-2-5-7,True,False,160,5,0.22916666666666666,0.225677205491447,136,136
within_genus_species,Enterobacter,75,clean,canonical spaced + property,pattern=0-2-5-7,4,0-2-5-7,True,True,160,5,0.22916666666666666,0.225677205491447,147,147
within_genus_species,Enterobacter,75,clean,canonical spaced,pattern=0-3-5-8,4,0-3-5-8,True,False,160,5,0.14583333333333334,0.13333333333333333,136,136
within_genus_species,Enterobacter,75,clean,canonical spaced + property,pattern=0-3-5-8,4,0-3-5-8,True,True,160,5,0.14583333333333334,0.12951231774761188,147,147
target_background,Enterobacter,75,clean,k-mer,k=4,4,,False,False,160,2,0.7291666666666666,0.5353685778108712,256,256
target_background,Enterobacter,75,clean,k-mer,k=5,5,,False,False,160,2,0.7916666666666666,0.4418604651162791,1005,1005
target_background,Enterobacter,75,clean,k-mer,k=6,6,,False,False,160,2,0.8125,0.4482758620689655,3061,3061
target_background,Enterobacter,75,clean,k-mer,k=7,7,,False,False,160,2,0.8125,0.4482758620689655,5468,5468
target_background,Enterobacter,75,clean,k-mer,k=8,8,,False,False,160,2,0.8125,0.4482758620689655,6790,6790
target_background,Enterobacter,75,clean,k-mer,k=9,9,,False,False,160,2,0.8125,0.4482758620689655,7229,7229
target_background,Enterobacter,75,clean,canonical k-mer,k=4,4,,True,False,160,2,0.6458333333333334,0.4819047619047619,136,136
target_background,Enterobacter,75,clean,canonical k-mer,k=5,5,,True,False,160,2,0.75,0.42857142857142855,510,510
target_background,Enterobacter,75,clean,canonical k-mer,k=6,6,,True,False,160,2,0.7916666666666666,0.4418604651162791,1860,1860
target_background,Enterobacter,75,clean,canonical k-mer,k=7,7,,True,False,160,2,0.8125,0.4482758620689655,4261,4261
target_background,Enterobacter,75,clean,canonical k-mer,k=8,8,,True,False,160,2,0.8125,0.4482758620689655,6192,6192
target_background,Enterobacter,75,clean,canonical k-mer,k=9,9,,True,False,160,2,0.8125,0.4482758620689655,7004,7004
target_background,Enterobacter,75,clean,canonical spaced,pattern=0-1-2-3,4,0-1-2-3,True,False,160,2,0.6458333333333334,0.4819047619047619,136,136
target_background,Enterobacter,75,clean,canonical spaced + property,pattern=0-1-2-3,4,0-1-2-3,True,True,160,2,0.6458333333333334,0.4819047619047619,147,147
target_background,Enterobacter,75,clean,canonical spaced,pattern=0-1-3-6,4,0-1-3-6,True,False,160,2,0.6041666666666666,0.45681953543776055,136,136
target_background,Enterobacter,75,clean,canonical spaced + property,pattern=0-1-3-6,4,0-1-3-6,True,True,160,2,0.6041666666666666,0.45681953543776055,147,147
target_background,Enterobacter,75,clean,canonical spaced,pattern=0-2-4-6,4,0-2-4-6,True,False,160,2,0.5833333333333334,0.4957983193277311,136,136
target_background,Enterobacter,75,clean,canonical spaced + property,pattern=0-2-4-6,4,0-2-4-6,True,True,160,2,0.5833333333333334,0.4957983193277311,147,147
target_background,Enterobacter,75,clean,canonical spaced,pattern=0-2-5-7,4,0-2-5-7,True,False,160,2,0.6875,0.5078605604921395,136,136
target_background,Enterobacter,75,clean,canonical spaced + property,pattern=0-2-5-7,4,0-2-5-7,True,True,160,2,0.6875,0.5078605604921395,147,147
target_background,Enterobacter,75,clean,canonical spaced,pattern=0-3-5-8,4,0-3-5-8,True,False,160,2,0.6666666666666666,0.49473684210526314,136,136
target_background,Enterobacter,75,clean,canonical spaced + property,pattern=0-3-5-8,4,0-3-5-8,True,True,160,2,0.6458333333333334,0.5139964264443121,147,147
within_genus_species,Escherichia,75,clean,k-mer,k=4,4,,False,False,160,2,0.4583333333333333,0.4583333333333333,255,255
within_genus_species,Escherichia,75,clean,k-mer,k=5,5,,False,False,160,2,0.5833333333333334,0.5826086956521739,1006,1006
within_genus_species,Escherichia,75,clean,k-mer,k=6,6,,False,False,160,2,0.5,0.4991304347826087,3135,3135
within_genus_species,Escherichia,75,clean,k-mer,k=7,7,,False,False,160,2,0.5625,0.5623100303951367,5679,5679
within_genus_species,Escherichia,75,clean,k-mer,k=8,8,,False,False,160,2,0.5833333333333334,0.5833333333333334,6925,6925
within_genus_species,Escherichia,75,clean,k-mer,k=9,9,,False,False,160,2,0.625,0.6190476190476191,7255,7255
within_genus_species,Escherichia,75,clean,canonical k-mer,k=4,4,,True,False,160,2,0.4375,0.4313295304958315,135,135
within_genus_species,Escherichia,75,clean,canonical k-mer,k=5,5,,True,False,160,2,0.4583333333333333,0.4497354497354497,508,508
within_genus_species,Escherichia,75,clean,canonical k-mer,k=6,6,,True,False,160,2,0.5,0.4920634920634921,1882,1882
within_genus_species,Escherichia,75,clean,canonical k-mer,k=7,7,,True,False,160,2,0.5625,0.5607843137254902,4453,4453
within_genus_species,Escherichia,75,clean,canonical k-mer,k=8,8,,True,False,160,2,0.625,0.6190476190476191,6346,6346
within_genus_species,Escherichia,75,clean,canonical k-mer,k=9,9,,True,False,160,2,0.625,0.6190476190476191,7049,7049
within_genus_species,Escherichia,75,clean,canonical spaced,pattern=0-1-2-3,4,0-1-2-3,True,False,160,2,0.4375,0.4313295304958315,135,135
within_genus_species,Escherichia,75,clean,canonical spaced + property,pattern=0-1-2-3,4,0-1-2-3,True,True,160,2,0.3541666666666667,0.34013303769401326,146,146
within_genus_species,Escherichia,75,clean,canonical spaced,pattern=0-1-3-6,4,0-1-3-6,True,False,160,2,0.4166666666666667,0.4,136,136
within_genus_species,Escherichia,75,clean,canonical spaced + property,pattern=0-1-3-6,4,0-1-3-6,True,True,160,2,0.4166666666666667,0.4,147,147
within_genus_species,Escherichia,75,clean,canonical spaced,pattern=0-2-4-6,4,0-2-4-6,True,False,160,2,0.375,0.3739130434782609,136,136
within_genus_species,Escherichia,75,clean,canonical spaced + property,pattern=0-2-4-6,4,0-2-4-6,True,True,160,2,0.3541666666666667,0.35163398692810455,147,147
within_genus_species,Escherichia,75,clean,canonical spaced,pattern=0-2-5-7,4,0-2-5-7,True,False,160,2,0.3958333333333333,0.39346405228758174,136,136
within_genus_species,Escherichia,75,clean,canonical spaced + property,pattern=0-2-5-7,4,0-2-5-7,True,True,160,2,0.375,0.3706293706293706,147,147
within_genus_species,Escherichia,75,clean,canonical spaced,pattern=0-3-5-8,4,0-3-5-8,True,False,160,2,0.4375,0.4313295304958315,136,136
within_genus_species,Escherichia,75,clean,canonical spaced + property,pattern=0-3-5-8,4,0-3-5-8,True,True,160,2,0.4375,0.4313295304958315,147,147
target_background,Escherichia,75,clean,k-mer,k=4,4,,False,False,160,2,0.4583333333333333,0.4583333333333333,255,255
target_background,Escherichia,75,clean,k-mer,k=5,5,,False,False,160,2,0.5833333333333334,0.5826086956521739,1006,1006
target_background,Escherichia,75,clean,k-mer,k=6,6,,False,False,160,2,0.5,0.4991304347826087,3135,3135
target_background,Escherichia,75,clean,k-mer,k=7,7,,False,False,160,2,0.5625,0.5623100303951367,5679,5679
target_background,Escherichia,75,clean,k-mer,k=8,8,,False,False,160,2,0.5833333333333334,0.5833333333333334,6925,6925
target_background,Escherichia,75,clean,k-mer,k=9,9,,False,False,160,2,0.625,0.6190476190476191,7255,7255
target_background,Escherichia,75,clean,canonical k-mer,k=4,4,,True,False,160,2,0.4375,0.4313295304958315,135,135
target_background,Escherichia,75,clean,canonical k-mer,k=5,5,,True,False,160,2,0.4583333333333333,0.4497354497354497,508,508
target_background,Escherichia,75,clean,canonical k-mer,k=6,6,,True,False,160,2,0.5,0.4920634920634921,1882,1882
target_background,Escherichia,75,clean,canonical k-mer,k=7,7,,True,False,160,2,0.5625,0.5607843137254902,4453,4453
target_background,Escherichia,75,clean,canonical k-mer,k=8,8,,True,False,160,2,0.625,0.6190476190476191,6346,6346
target_background,Escherichia,75,clean,canonical k-mer,k=9,9,,True,False,160,2,0.625,0.6190476190476191,7049,7049
target_background,Escherichia,75,clean,canonical spaced,pattern=0-1-2-3,4,0-1-2-3,True,False,160,2,0.4375,0.4313295304958315,135,135
target_background,Escherichia,75,clean,canonical spaced + property,pattern=0-1-2-3,4,0-1-2-3,True,True,160,2,0.3541666666666667,0.34013303769401326,146,146
target_background,Escherichia,75,clean,canonical spaced,pattern=0-1-3-6,4,0-1-3-6,True,False,160,2,0.4166666666666667,0.4,136,136
target_background,Escherichia,75,clean,canonical spaced + property,pattern=0-1-3-6,4,0-1-3-6,True,True,160,2,0.4166666666666667,0.4,147,147
target_background,Escherichia,75,clean,canonical spaced,pattern=0-2-4-6,4,0-2-4-6,True,False,160,2,0.375,0.3739130434782609,136,136
target_background,Escherichia,75,clean,canonical spaced + property,pattern=0-2-4-6,4,0-2-4-6,True,True,160,2,0.3541666666666667,0.35163398692810455,147,147
target_background,Escherichia,75,clean,canonical spaced,pattern=0-2-5-7,4,0-2-5-7,True,False,160,2,0.3958333333333333,0.39346405228758174,136,136
target_background,Escherichia,75,clean,canonical spaced + property,pattern=0-2-5-7,4,0-2-5-7,True,True,160,2,0.375,0.3706293706293706,147,147
target_background,Escherichia,75,clean,canonical spaced,pattern=0-3-5-8,4,0-3-5-8,True,False,160,2,0.4375,0.4313295304958315,136,136
target_background,Escherichia,75,clean,canonical spaced + property,pattern=0-3-5-8,4,0-3-5-8,True,True,160,2,0.4375,0.4313295304958315,147,147
within_genus_species,Klebsiella,75,clean,k-mer,k=4,4,,False,False,160,3,0.5,0.5,256,256
within_genus_species,Klebsiella,75,clean,k-mer,k=5,5,,False,False,160,3,0.4791666666666667,0.4702530584883526,993,993
within_genus_species,Klebsiella,75,clean,k-mer,k=6,6,,False,False,160,3,0.5416666666666666,0.5275632775632776,3006,3006
within_genus_species,Klebsiella,75,clean,k-mer,k=7,7,,False,False,160,3,0.5,0.4898244693641112,5461,5461
within_genus_species,Klebsiella,75,clean,k-mer,k=8,8,,False,False,160,3,0.4791666666666667,0.45933994321091093,6832,6832
within_genus_species,Klebsiella,75,clean,k-mer,k=9,9,,False,False,160,3,0.4583333333333333,0.4359788359788359,7259,7259
within_genus_species,Klebsiella,75,clean,canonical k-mer,k=4,4,,True,False,160,3,0.3958333333333333,0.39195402298850573,136,136
within_genus_species,Klebsiella,75,clean,canonical k-mer,k=5,5,,True,False,160,3,0.375,0.3606407322654462,508,508
within_genus_species,Klebsiella,75,clean,canonical k-mer,k=6,6,,True,False,160,3,0.4583333333333333,0.4313870411431387,1828,1828
within_genus_species,Klebsiella,75,clean,canonical k-mer,k=7,7,,True,False,160,3,0.4375,0.41423021423021417,4224,4224
within_genus_species,Klebsiella,75,clean,canonical k-mer,k=8,8,,True,False,160,3,0.4791666666666667,0.42987861811391226,6187,6187
within_genus_species,Klebsiella,75,clean,canonical k-mer,k=9,9,,True,False,160,3,0.4791666666666667,0.4472222222222222,7018,7018
within_genus_species,Klebsiella,75,clean,canonical spaced,pattern=0-1-2-3,4,0-1-2-3,True,False,160,3,0.3958333333333333,0.39195402298850573,136,136
within_genus_species,Klebsiella,75,clean,canonical spaced + property,pattern=0-1-2-3,4,0-1-2-3,True,True,160,3,0.3958333333333333,0.3936266633708236,147,147
within_genus_species,Klebsiella,75,clean,canonical spaced,pattern=0-1-3-6,4,0-1-3-6,True,False,160,3,0.3541666666666667,0.3148148148148148,136,136
within_genus_species,Klebsiella,75,clean,canonical spaced + property,pattern=0-1-3-6,4,0-1-3-6,True,True,160,3,0.3333333333333333,0.30089126559714796,147,147
within_genus_species,Klebsiella,75,clean,canonical spaced,pattern=0-2-4-6,4,0-2-4-6,True,False,160,3,0.2708333333333333,0.2710369827305311,136,136
within_genus_species,Klebsiella,75,clean,canonical spaced + property,pattern=0-2-4-6,4,0-2-4-6,True,True,160,3,0.25,0.2481875203649397,147,147
within_genus_species,Klebsiella,75,clean,canonical spaced,pattern=0-2-5-7,4,0-2-5-7,True,False,160,3,0.4166666666666667,0.4104380242311277,136,136
within_genus_species,Klebsiella,75,clean,canonical spaced + property,pattern=0-2-5-7,4,0-2-5-7,True,True,160,3,0.4166666666666667,0.4047619047619047,147,147
within_genus_species,Klebsiella,75,clean,canonical spaced,pattern=0-3-5-8,4,0-3-5-8,True,False,160,3,0.4166666666666667,0.4148148148148148,136,136
within_genus_species,Klebsiella,75,clean,canonical spaced + property,pattern=0-3-5-8,4,0-3-5-8,True,True,160,3,0.4375,0.4362079209949392,147,147
target_background,Klebsiella,75,clean,k-mer,k=4,4,,False,False,160,2,0.6041666666666666,0.5822262940907008,256,256
target_background,Klebsiella,75,clean,k-mer,k=5,5,,False,False,160,2,0.625,0.5901328273244781,1000,1000
target_background,Klebsiella,75,clean,k-mer,k=6,6,,False,False,160,2,0.6875,0.5428571428571429,3027,3027
target_background,Klebsiella,75,clean,k-mer,k=7,7,,False,False,160,2,0.6666666666666666,0.45299145299145294,5441,5441
target_background,Klebsiella,75,clean,k-mer,k=8,8,,False,False,160,2,0.6666666666666666,0.45299145299145294,6807,6807
target_background,Klebsiella,75,clean,k-mer,k=9,9,,False,False,160,2,0.7083333333333334,0.5213675213675213,7256,7256
target_background,Klebsiella,75,clean,canonical k-mer,k=4,4,,True,False,160,2,0.6041666666666666,0.5822262940907008,136,136
target_background,Klebsiella,75,clean,canonical k-mer,k=5,5,,True,False,160,2,0.5833333333333334,0.5644283121597096,507,507
target_background,Klebsiella,75,clean,canonical k-mer,k=6,6,,True,False,160,2,0.6458333333333334,0.5619967793880838,1822,1822
target_background,Klebsiella,75,clean,canonical k-mer,k=7,7,,True,False,160,2,0.5833333333333334,0.3684210526315789,4193,4193
target_background,Klebsiella,75,clean,canonical k-mer,k=8,8,,True,False,160,2,0.625,0.38461538461538464,6168,6168
target_background,Klebsiella,75,clean,canonical k-mer,k=9,9,,True,False,160,2,0.6666666666666666,0.4,7006,7006
target_background,Klebsiella,75,clean,canonical spaced,pattern=0-1-2-3,4,0-1-2-3,True,False,160,2,0.6041666666666666,0.5822262940907008,136,136
target_background,Klebsiella,75,clean,canonical spaced + property,pattern=0-1-2-3,4,0-1-2-3,True,True,160,2,0.625,0.6079854809437386,147,147
target_background,Klebsiella,75,clean,canonical spaced,pattern=0-1-3-6,4,0-1-3-6,True,False,160,2,0.5833333333333334,0.5445920303605313,136,136
target_background,Klebsiella,75,clean,canonical spaced + property,pattern=0-1-3-6,4,0-1-3-6,True,True,160,2,0.625,0.5901328273244781,147,147
target_background,Klebsiella,75,clean,canonical spaced,pattern=0-2-4-6,4,0-2-4-6,True,False,160,2,0.5,0.45351043643263755,136,136
target_background,Klebsiella,75,clean,canonical spaced + property,pattern=0-2-4-6,4,0-2-4-6,True,True,160,2,0.5208333333333334,0.482903981264637,147,147
target_background,Klebsiella,75,clean,canonical spaced,pattern=0-2-5-7,4,0-2-5-7,True,False,160,2,0.5,0.4375,136,136
target_background,Klebsiella,75,clean,canonical spaced + property,pattern=0-2-5-7,4,0-2-5-7,True,True,160,2,0.5,0.4666666666666667,147,147
target_background,Klebsiella,75,clean,canonical spaced,pattern=0-3-5-8,4,0-3-5-8,True,False,160,2,0.5625,0.5151515151515151,136,136
target_background,Klebsiella,75,clean,canonical spaced + property,pattern=0-3-5-8,4,0-3-5-8,True,True,160,2,0.5833333333333334,0.5445920303605313,147,147
within_genus_species,Acinetobacter,150,clean,k-mer,k=4,4,,False,False,160,4,0.3125,0.30404116123756303,256,256
within_genus_species,Acinetobacter,150,clean,k-mer,k=5,5,,False,False,160,4,0.4375,0.39550679205851624,1024,1024
within_genus_species,Acinetobacter,150,clean,k-mer,k=6,6,,False,False,160,4,0.3333333333333333,0.2689638318670577,3725,3725
within_genus_species,Acinetobacter,150,clean,k-mer,k=7,7,,False,False,160,4,0.2916666666666667,0.21367521367521367,8797,8797
within_genus_species,Acinetobacter,150,clean,k-mer,k=8,8,,False,False,160,4,0.2916666666666667,0.23233618233618233,12916,12916
within_genus_species,Acinetobacter,150,clean,k-mer,k=9,9,,False,False,160,4,0.2916666666666667,0.26444557140652214,14726,14726
within_genus_species,Acinetobacter,150,clean,canonical k-mer,k=4,4,,True,False,160,4,0.3333333333333333,0.310207336523126,136,136
within_genus_species,Acinetobacter,150,clean,canonical k-mer,k=5,5,,True,False,160,4,0.2708333333333333,0.23729706936538056,512,512
within_genus_species,Acinetobacter,150,clean,canonical k-mer,k=6,6,,True,False,160,4,0.2916666666666667,0.21875,2021,2021
within_genus_species,Acinetobacter,150,clean,canonical k-mer,k=7,7,,True,False,160,4,0.2916666666666667,0.21666666666666667,6059,6059
within_genus_species,Acinetobacter,150,clean,canonical k-mer,k=8,8,,True,False,160,4,0.3333333333333333,0.26398026315789475,11024,11024
within_genus_species,Acinetobacter,150,clean,canonical k-mer,k=9,9,,True,False,160,4,0.2708333333333333,0.21662444882259124,13894,13894
within_genus_species,Acinetobacter,150,clean,canonical spaced,pattern=0-1-2-3,4,0-1-2-3,True,False,160,4,0.3333333333333333,0.310207336523126,136,136
within_genus_species,Acinetobacter,150,clean,canonical spaced + property,pattern=0-1-2-3,4,0-1-2-3,True,True,160,4,0.3541666666666667,0.3327294685990338,147,147
within_genus_species,Acinetobacter,150,clean,canonical spaced,pattern=0-1-3-6,4,0-1-3-6,True,False,160,4,0.25,0.2502164502164502,136,136
within_genus_species,Acinetobacter,150,clean,canonical spaced + property,pattern=0-1-3-6,4,0-1-3-6,True,True,160,4,0.2708333333333333,0.2657713803224639,147,147
within_genus_species,Acinetobacter,150,clean,canonical spaced,pattern=0-2-4-6,4,0-2-4-6,True,False,160,4,0.3333333333333333,0.3018840579710145,136,136
within_genus_species,Acinetobacter,150,clean,canonical spaced + property,pattern=0-2-4-6,4,0-2-4-6,True,True,160,4,0.375,0.35079244003729126,147,147
within_genus_species,Acinetobacter,150,clean,canonical spaced,pattern=0-2-5-7,4,0-2-5-7,True,False,160,4,0.1875,0.1757142857142857,136,136
within_genus_species,Acinetobacter,150,clean,canonical spaced + property,pattern=0-2-5-7,4,0-2-5-7,True,True,160,4,0.25,0.24297924297924295,147,147
within_genus_species,Acinetobacter,150,clean,canonical spaced,pattern=0-3-5-8,4,0-3-5-8,True,False,160,4,0.22916666666666666,0.21515524289137483,136,136
within_genus_species,Acinetobacter,150,clean,canonical spaced + property,pattern=0-3-5-8,4,0-3-5-8,True,True,160,4,0.2708333333333333,0.24792270531400964,147,147
within_genus_species,Burkholderia,150,clean,k-mer,k=4,4,,False,False,160,3,0.4375,0.41756613756613753,256,256
within_genus_species,Burkholderia,150,clean,k-mer,k=5,5,,False,False,160,3,0.3958333333333333,0.3780885780885781,990,990
within_genus_species,Burkholderia,150,clean,k-mer,k=6,6,,False,False,160,3,0.3958333333333333,0.3386338185890258,3113,3113
within_genus_species,Burkholderia,150,clean,k-mer,k=7,7,,False,False,160,3,0.4166666666666667,0.3746031746031746,6885,6885
within_genus_species,Burkholderia,150,clean,k-mer,k=8,8,,False,False,160,3,0.3541666666666667,0.2916448630734345,10921,10921
within_genus_species,Burkholderia,150,clean,k-mer,k=9,9,,False,False,160,3,0.3541666666666667,0.3067226890756303,13594,13594
within_genus_species,Burkholderia,150,clean,canonical k-mer,k=4,4,,True,False,160,3,0.4583333333333333,0.3753021313996923,136,136
within_genus_species,Burkholderia,150,clean,canonical k-mer,k=5,5,,True,False,160,3,0.4791666666666667,0.40900472796217624,508,508
within_genus_species,Burkholderia,150,clean,canonical k-mer,k=6,6,,True,False,160,3,0.375,0.33189033189033185,1813,1813
within_genus_species,Burkholderia,150,clean,canonical k-mer,k=7,7,,True,False,160,3,0.5,0.4688995215311005,4663,4663
within_genus_species,Burkholderia,150,clean,canonical k-mer,k=8,8,,True,False,160,3,0.4375,0.41798941798941797,8684,8684
within_genus_species,Burkholderia,150,clean,canonical k-mer,k=9,9,,True,False,160,3,0.4583333333333333,0.42499104905119944,12114,12114
within_genus_species,Burkholderia,150,clean,canonical spaced,pattern=0-1-2-3,4,0-1-2-3,True,False,160,3,0.4583333333333333,0.3753021313996923,136,136
within_genus_species,Burkholderia,150,clean,canonical spaced + property,pattern=0-1-2-3,4,0-1-2-3,True,True,160,3,0.4583333333333333,0.40317460317460324,147,147
within_genus_species,Burkholderia,150,clean,canonical spaced,pattern=0-1-3-6,4,0-1-3-6,True,False,160,3,0.4166666666666667,0.3981571815718157,136,136
within_genus_species,Burkholderia,150,clean,canonical spaced + property,pattern=0-1-3-6,4,0-1-3-6,True,True,160,3,0.375,0.34761904761904766,147,147
within_genus_species,Burkholderia,150,clean,canonical spaced,pattern=0-2-4-6,4,0-2-4-6,True,False,160,3,0.4583333333333333,0.4602150537634409,136,136
within_genus_species,Burkholderia,150,clean,canonical spaced + property,pattern=0-2-4-6,4,0-2-4-6,True,True,160,3,0.4791666666666667,0.47959770114942524,147,147
within_genus_species,Burkholderia,150,clean,canonical spaced,pattern=0-2-5-7,4,0-2-5-7,True,False,160,3,0.3333333333333333,0.33466127191617384,136,136
within_genus_species,Burkholderia,150,clean,canonical spaced + property,pattern=0-2-5-7,4,0-2-5-7,True,True,160,3,0.3125,0.3120089786756453,147,147
within_genus_species,Burkholderia,150,clean,canonical spaced,pattern=0-3-5-8,4,0-3-5-8,True,False,160,3,0.3125,0.30389836841449747,136,136
within_genus_species,Burkholderia,150,clean,canonical spaced + property,pattern=0-3-5-8,4,0-3-5-8,True,True,160,3,0.3333333333333333,0.31979949874686714,147,147
target_background,Burkholderia,150,clean,k-mer,k=4,4,,False,False,160,2,0.6666666666666666,0.6515426497277677,256,256
target_background,Burkholderia,150,clean,k-mer,k=5,5,,False,False,160,2,0.6458333333333334,0.6075036075036075,995,995
target_background,Burkholderia,150,clean,k-mer,k=6,6,,False,False,160,2,0.6875,0.629439011837365,3128,3128
target_background,Burkholderia,150,clean,k-mer,k=7,7,,False,False,160,2,0.6041666666666666,0.37662337662337664,6934,6934
target_background,Burkholderia,150,clean,k-mer,k=8,8,,False,False,160,2,0.6666666666666666,0.4,10905,10905
target_background,Burkholderia,150,clean,k-mer,k=9,9,,False,False,160,2,0.6666666666666666,0.4,13585,13585
target_background,Burkholderia,150,clean,canonical k-mer,k=4,4,,True,False,160,2,0.5833333333333334,0.5714285714285714,136,136
target_background,Burkholderia,150,clean,canonical k-mer,k=5,5,,True,False,160,2,0.6875,0.6426799007444168,510,510
target_background,Burkholderia,150,clean,canonical k-mer,k=6,6,,True,False,160,2,0.6666666666666666,0.5780219780219781,1825,1825
target_background,Burkholderia,150,clean,canonical k-mer,k=7,7,,True,False,160,2,0.6666666666666666,0.5282555282555282,4751,4751
target_background,Burkholderia,150,clean,canonical k-mer,k=8,8,,True,False,160,2,0.6666666666666666,0.49473684210526314,8784,8784
target_background,Burkholderia,150,clean,canonical k-mer,k=9,9,,True,False,160,2,0.6875,0.4638868205510052,12206,12206
target_background,Burkholderia,150,clean,canonical spaced,pattern=0-1-2-3,4,0-1-2-3,True,False,160,2,0.5833333333333334,0.5714285714285714,136,136
target_background,Burkholderia,150,clean,canonical spaced + property,pattern=0-1-2-3,4,0-1-2-3,True,True,160,2,0.5625,0.5529933481152993,147,147
target_background,Burkholderia,150,clean,canonical spaced,pattern=0-1-3-6,4,0-1-3-6,True,False,160,2,0.5416666666666666,0.5285714285714286,136,136
target_background,Burkholderia,150,clean,canonical spaced + property,pattern=0-1-3-6,4,0-1-3-6,True,True,160,2,0.5208333333333334,0.5104212860310421,147,147
target_background,Burkholderia,150,clean,canonical spaced,pattern=0-2-4-6,4,0-2-4-6,True,False,160,2,0.5208333333333334,0.4942739349519011,136,136
target_background,Burkholderia,150,clean,canonical spaced + property,pattern=0-2-4-6,4,0-2-4-6,True,True,160,2,0.5625,0.538250114521301,147,147
target_background,Burkholderia,150,clean,canonical spaced,pattern=0-2-5-7,4,0-2-5-7,True,False,160,2,0.4166666666666667,0.3901996370235935,136,136
target_background,Burkholderia,150,clean,canonical spaced + property,pattern=0-2-5-7,4,0-2-5-7,True,True,160,2,0.4166666666666667,0.3901996370235935,147,147
target_background,Burkholderia,150,clean,canonical spaced,pattern=0-3-5-8,4,0-3-5-8,True,False,160,2,0.5416666666666666,0.5208711433756805,136,136
target_background,Burkholderia,150,clean,canonical spaced + property,pattern=0-3-5-8,4,0-3-5-8,True,True,160,2,0.5416666666666666,0.5208711433756805,147,147
within_genus_species,Candida,150,clean,k-mer,k=4,4,,False,False,160,4,0.2708333333333333,0.26761904761904765,256,256
within_genus_species,Candida,150,clean,k-mer,k=5,5,,False,False,160,4,0.25,0.24508665247795683,1016,1016
within_genus_species,Candida,150,clean,k-mer,k=6,6,,False,False,160,4,0.22916666666666666,0.221256038647343,3515,3515
within_genus_species,Candida,150,clean,k-mer,k=7,7,,False,False,160,4,0.1875,0.16785714285714287,8115,8115
within_genus_species,Candida,150,clean,k-mer,k=8,8,,False,False,160,4,0.2708333333333333,0.21263157894736842,12314,12314
within_genus_species,Candida,150,clean,k-mer,k=9,9,,False,False,160,4,0.3125,0.25120346598202825,14400,14400
within_genus_species,Candida,150,clean,canonical k-mer,k=4,4,,True,False,160,4,0.4166666666666667,0.372360248447205,136,136
within_genus_species,Candida,150,clean,canonical k-mer,k=5,5,,True,False,160,4,0.4166666666666667,0.39206349206349206,511,511
within_genus_species,Candida,150,clean,canonical k-mer,k=6,6,,True,False,160,4,0.4375,0.4094871794871795,1964,1964
within_genus_species,Candida,150,clean,canonical k-mer,k=7,7,,True,False,160,4,0.4166666666666667,0.3385217723453018,5480,5480
within_genus_species,Candida,150,clean,canonical k-mer,k=8,8,,True,False,160,4,0.3541666666666667,0.28248803827751195,10228,10228
within_genus_species,Candida,150,clean,canonical k-mer,k=9,9,,True,False,160,4,0.3333333333333333,0.25158084914182477,13411,13411
within_genus_species,Candida,150,clean,canonical spaced,pattern=0-1-2-3,4,0-1-2-3,True,False,160,4,0.4166666666666667,0.372360248447205,136,136
within_genus_species,Candida,150,clean,canonical spaced + property,pattern=0-1-2-3,4,0-1-2-3,True,True,160,4,0.3541666666666667,0.31769230769230766,147,147
within_genus_species,Candida,150,clean,canonical spaced,pattern=0-1-3-6,4,0-1-3-6,True,False,160,4,0.25,0.22764550264550265,136,136
within_genus_species,Candida,150,clean,canonical spaced + property,pattern=0-1-3-6,4,0-1-3-6,True,True,160,4,0.22916666666666666,0.2037037037037037,147,147
within_genus_species,Candida,150,clean,canonical spaced,pattern=0-2-4-6,4,0-2-4-6,True,False,160,4,0.3125,0.28263403263403264,136,136
within_genus_species,Candida,150,clean,canonical spaced + property,pattern=0-2-4-6,4,0-2-4-6,True,True,160,4,0.3333333333333333,0.2923757277205553,147,147
within_genus_species,Candida,150,clean,canonical spaced,pattern=0-2-5-7,4,0-2-5-7,True,False,160,4,0.3333333333333333,0.274294670846395,136,136
within_genus_species,Candida,150,clean,canonical spaced + property,pattern=0-2-5-7,4,0-2-5-7,True,True,160,4,0.3541666666666667,0.2863636363636364,147,147
within_genus_species,Candida,150,clean,canonical spaced,pattern=0-3-5-8,4,0-3-5-8,True,False,160,4,0.3958333333333333,0.34973966008448765,136,136
within_genus_species,Candida,150,clean,canonical spaced + property,pattern=0-3-5-8,4,0-3-5-8,True,True,160,4,0.3541666666666667,0.3048976885183782,147,147
target_background,Candida,150,clean,k-mer,k=4,4,,False,False,160,2,0.5416666666666666,0.44537815126050423,256,256
target_background,Candida,150,clean,k-mer,k=5,5,,False,False,160,2,0.6041666666666666,0.42095238095238097,1011,1011
target_background,Candida,150,clean,k-mer,k=6,6,,False,False,160,2,0.7083333333333334,0.4146341463414634,3461,3461
target_background,Candida,150,clean,k-mer,k=7,7,,False,False,160,2,0.7291666666666666,0.42168674698795183,8051,8051
target_background,Candida,150,clean,k-mer,k=8,8,,False,False,160,2,0.7291666666666666,0.42168674698795183,12304,12304
target_background,Candida,150,clean,k-mer,k=9,9,,False,False,160,2,0.7291666666666666,0.42168674698795183,14397,14397
target_background,Candida,150,clean,canonical k-mer,k=4,4,,True,False,160,2,0.5625,0.5151515151515151,136,136
target_background,Candida,150,clean,canonical k-mer,k=5,5,,True,False,160,2,0.6875,0.5711733174508635,511,511
target_background,Candida,150,clean,canonical k-mer,k=6,6,,True,False,160,2,0.6875,0.5078605604921395,1938,1938
target_background,Candida,150,clean,canonical k-mer,k=7,7,,True,False,160,2,0.7083333333333334,0.4146341463414634,5479,5479
target_background,Candida,150,clean,canonical k-mer,k=8,8,,True,False,160,2,0.7291666666666666,0.42168674698795183,10224,10224
target_background,Candida,150,clean,canonical k-mer,k=9,9,,True,False,160,2,0.7291666666666666,0.42168674698795183,13412,13412
target_background,Candida,150,clean,canonical spaced,pattern=0-1-2-3,4,0-1-2-3,True,False,160,2,0.5625,0.5151515151515151,136,136
target_background,Candida,150,clean,canonical spaced + property,pattern=0-1-2-3,4,0-1-2-3,True,True,160,2,0.5833333333333334,0.53125,147,147
target_background,Candida,150,clean,canonical spaced,pattern=0-1-3-6,4,0-1-3-6,True,False,160,2,0.5833333333333334,0.4444444444444444,136,136
target_background,Candida,150,clean,canonical spaced + property,pattern=0-1-3-6,4,0-1-3-6,True,True,160,2,0.625,0.46928746928746934,147,147
target_background,Candida,150,clean,canonical spaced,pattern=0-2-4-6,4,0-2-4-6,True,False,160,2,0.5833333333333334,0.5445920303605313,136,136
target_background,Candida,150,clean,canonical spaced + property,pattern=0-2-4-6,4,0-2-4-6,True,True,160,2,0.6041666666666666,0.5613275613275613,147,147
target_background,Candida,150,clean,canonical spaced,pattern=0-2-5-7,4,0-2-5-7,True,False,160,2,0.6666666666666666,0.5966386554621849,136,136
target_background,Candida,150,clean,canonical spaced + property,pattern=0-2-5-7,4,0-2-5-7,True,True,160,2,0.6875,0.5943661971830986,147,147
target_background,Candida,150,clean,canonical spaced,pattern=0-3-5-8,4,0-3-5-8,True,False,160,2,0.5,0.39495798319327735,136,136
target_background,Candida,150,clean,canonical spaced + property,pattern=0-3-5-8,4,0-3-5-8,True,True,160,2,0.5416666666666666,0.44537815126050423,147,147
within_genus_species,Enterobacter,150,clean,k-mer,k=4,4,,False,False,160,5,0.2708333333333333,0.25907540735126944,255,255
within_genus_species,Enterobacter,150,clean,k-mer,k=5,5,,False,False,160,5,0.22916666666666666,0.1914361500568397,1016,1016
within_genus_species,Enterobacter,150,clean,k-mer,k=6,6,,False,False,160,5,0.2708333333333333,0.1544186046511628,3728,3728
within_genus_species,Enterobacter,150,clean,k-mer,k=7,7,,False,False,160,5,0.3333333333333333,0.18503401360544217,9039,9039
within_genus_species,Enterobacter,150,clean,k-mer,k=8,8,,False,False,160,5,0.25,0.1312169312169312,13251,13251
within_genus_species,Enterobacter,150,clean,k-mer,k=9,9,,False,False,160,5,0.2708333333333333,0.1348148148148148,14996,14996
within_genus_species,Enterobacter,150,clean,canonical k-mer,k=4,4,,True,False,160,5,0.2708333333333333,0.2778371040723982,135,135
within_genus_species,Enterobacter,150,clean,canonical k-mer,k=5,5,,True,False,160,5,0.2916666666666667,0.27421093848680056,508,508
within_genus_species,Enterobacter,150,clean,canonical k-mer,k=6,6,,True,False,160,5,0.2916666666666667,0.2419020979020979,2014,2014
within_genus_species,Enterobacter,150,clean,canonical k-mer,k=7,7,,True,False,160,5,0.3333333333333333,0.21756097560975612,6097,6097
within_genus_species,Enterobacter,150,clean,canonical k-mer,k=8,8,,True,False,160,5,0.25,0.15203434117207912,11250,11250
within_genus_species,Enterobacter,150,clean,canonical k-mer,k=9,9,,True,False,160,5,0.2916666666666667,0.172715837621498,14216,14216
within_genus_species,Enterobacter,150,clean,canonical spaced,pattern=0-1-2-3,4,0-1-2-3,True,False,160,5,0.2708333333333333,0.2778371040723982,135,135
within_genus_species,Enterobacter,150,clean,canonical spaced + property,pattern=0-1-2-3,4,0-1-2-3,True,True,160,5,0.2708333333333333,0.2786149911469605,146,146
within_genus_species,Enterobacter,150,clean,canonical spaced,pattern=0-1-3-6,4,0-1-3-6,True,False,160,5,0.22916666666666666,0.22432748538011693,136,136
within_genus_species,Enterobacter,150,clean,canonical spaced + property,pattern=0-1-3-6,4,0-1-3-6,True,True,160,5,0.25,0.2439316239316239,147,147
within_genus_species,Enterobacter,150,clean,canonical spaced,pattern=0-2-4-6,4,0-2-4-6,True,False,160,5,0.3333333333333333,0.31699440909967225,136,136
within_genus_species,Enterobacter,150,clean,canonical spaced + property,pattern=0-2-4-6,4,0-2-4-6,True,True,160,5,0.3333333333333333,0.31699440909967225,147,147
within_genus_species,Enterobacter,150,clean,canonical spaced,pattern=0-2-5-7,4,0-2-5-7,True,False,160,5,0.20833333333333334,0.21638655462184872,136,136
within_genus_species,Enterobacter,150,clean,canonical spaced + property,pattern=0-2-5-7,4,0-2-5-7,True,True,160,5,0.20833333333333334,0.21638655462184872,147,147
within_genus_species,Enterobacter,150,clean,canonical spaced,pattern=0-3-5-8,4,0-3-5-8,True,False,160,5,0.3333333333333333,0.3014947797300739,136,136
within_genus_species,Enterobacter,150,clean,canonical spaced + property,pattern=0-3-5-8,4,0-3-5-8,True,True,160,5,0.3541666666666667,0.3276287906466935,147,147
target_background,Enterobacter,150,clean,k-mer,k=4,4,,False,False,160,2,0.6041666666666666,0.48619718309859156,256,256
target_background,Enterobacter,150,clean,k-mer,k=5,5,,False,False,160,2,0.7083333333333334,0.5213675213675213,1017,1017
target_background,Enterobacter,150,clean,k-mer,k=6,6,,False,False,160,2,0.7916666666666666,0.4418604651162791,3707,3707
target_background,Enterobacter,150,clean,k-mer,k=7,7,,False,False,160,2,0.8125,0.4482758620689655,8875,8875
target_background,Enterobacter,150,clean,k-mer,k=8,8,,False,False,160,2,0.8125,0.4482758620689655,13098,13098
target_background,Enterobacter,150,clean,k-mer,k=9,9,,False,False,160,2,0.8125,0.4482758620689655,14910,14910
target_background,Enterobacter,150,clean,canonical k-mer,k=4,4,,True,False,160,2,0.5833333333333334,0.4725274725274725,136,136
target_background,Enterobacter,150,clean,canonical k-mer,k=5,5,,True,False,160,2,0.7291666666666666,0.5734791524265208,510,510
target_background,Enterobacter,150,clean,canonical k-mer,k=6,6,,True,False,160,2,0.8333333333333334,0.5534883720930233,2001,2001
target_background,Enterobacter,150,clean,canonical k-mer,k=7,7,,True,False,160,2,0.8125,0.4482758620689655,6015,6015
target_background,Enterobacter,150,clean,canonical k-mer,k=8,8,,True,False,160,2,0.8125,0.4482758620689655,11096,11096
target_background,Enterobacter,150,clean,canonical k-mer,k=9,9,,True,False,160,2,0.8125,0.4482758620689655,14066,14066
target_background,Enterobacter,150,clean,canonical spaced,pattern=0-1-2-3,4,0-1-2-3,True,False,160,2,0.5833333333333334,0.4725274725274725,136,136
target_background,Enterobacter,150,clean,canonical spaced + property,pattern=0-1-2-3,4,0-1-2-3,True,True,160,2,0.5833333333333334,0.4725274725274725,147,147
target_background,Enterobacter,150,clean,canonical spaced,pattern=0-1-3-6,4,0-1-3-6,True,False,160,2,0.6875,0.5711733174508635,136,136
target_background,Enterobacter,150,clean,canonical spaced + property,pattern=0-1-3-6,4,0-1-3-6,True,True,160,2,0.6666666666666666,0.5555555555555556,147,147
target_background,Enterobacter,150,clean,canonical spaced,pattern=0-2-4-6,4,0-2-4-6,True,False,160,2,0.7083333333333334,0.5578947368421052,136,136
target_background,Enterobacter,150,clean,canonical spaced + property,pattern=0-2-4-6,4,0-2-4-6,True,True,160,2,0.7083333333333334,0.5578947368421052,147,147
target_background,Enterobacter,150,clean,canonical spaced,pattern=0-2-5-7,4,0-2-5-7,True,False,160,2,0.6875,0.5943661971830986,136,136
target_background,Enterobacter,150,clean,canonical spaced + property,pattern=0-2-5-7,4,0-2-5-7,True,True,160,2,0.6875,0.5943661971830986,147,147
target_background,Enterobacter,150,clean,canonical spaced,pattern=0-3-5-8,4,0-3-5-8,True,False,160,2,0.6666666666666666,0.5555555555555556,136,136
target_background,Enterobacter,150,clean,canonical spaced + property,pattern=0-3-5-8,4,0-3-5-8,True,True,160,2,0.6666666666666666,0.5555555555555556,147,147
within_genus_species,Escherichia,150,clean,k-mer,k=4,4,,False,False,160,2,0.6041666666666666,0.6039947894051237,256,256
within_genus_species,Escherichia,150,clean,k-mer,k=5,5,,False,False,160,2,0.5416666666666666,0.5408695652173914,1018,1018
within_genus_species,Escherichia,150,clean,k-mer,k=6,6,,False,False,160,2,0.6666666666666666,0.6660869565217391,3729,3729
within_genus_species,Escherichia,150,clean,k-mer,k=7,7,,False,False,160,2,0.6666666666666666,0.6660869565217391,9074,9074
within_genus_species,Escherichia,150,clean,k-mer,k=8,8,,False,False,160,2,0.5208333333333334,0.5206252713851498,13228,13228
within_genus_species,Escherichia,150,clean,k-mer,k=9,9,,False,False,160,2,0.5625,0.5607843137254902,14857,14857
within_genus_species,Escherichia,150,clean,canonical k-mer,k=4,4,,True,False,160,2,0.5625,0.5623100303951367,136,136
within_genus_species,Escherichia,150,clean,canonical k-mer,k=5,5,,True,False,160,2,0.4583333333333333,0.45739130434782604,510,510
within_genus_species,Escherichia,150,clean,canonical k-mer,k=6,6,,True,False,160,2,0.7083333333333334,0.7078260869565217,2007,2007
within_genus_species,Escherichia,150,clean,canonical k-mer,k=7,7,,True,False,160,2,0.6666666666666666,0.6666666666666666,6140,6140
within_genus_species,Escherichia,150,clean,canonical k-mer,k=8,8,,True,False,160,2,0.6041666666666666,0.6026143790849673,11365,11365
within_genus_species,Escherichia,150,clean,canonical k-mer,k=9,9,,True,False,160,2,0.4791666666666667,0.47345326897762174,14124,14124
within_genus_species,Escherichia,150,clean,canonical spaced,pattern=0-1-2-3,4,0-1-2-3,True,False,160,2,0.5625,0.5623100303951367,136,136
within_genus_species,Escherichia,150,clean,canonical spaced + property,pattern=0-1-2-3,4,0-1-2-3,True,True,160,2,0.6041666666666666,0.6039947894051237,147,147
within_genus_species,Escherichia,150,clean,canonical spaced,pattern=0-1-3-6,4,0-1-3-6,True,False,160,2,0.5625,0.5529933481152993,136,136
within_genus_species,Escherichia,150,clean,canonical spaced + property,pattern=0-1-3-6,4,0-1-3-6,True,True,160,2,0.5416666666666666,0.5343915343915344,147,147
within_genus_species,Escherichia,150,clean,canonical spaced,pattern=0-2-4-6,4,0-2-4-6,True,False,160,2,0.4791666666666667,0.47894051237516283,136,136
within_genus_species,Escherichia,150,clean,canonical spaced + property,pattern=0-2-4-6,4,0-2-4-6,True,True,160,2,0.5208333333333334,0.5189542483660131,147,147
within_genus_species,Escherichia,150,clean,canonical spaced,pattern=0-2-5-7,4,0-2-5-7,True,False,160,2,0.4375,0.43725575336517586,136,136
within_genus_species,Escherichia,150,clean,canonical spaced + property,pattern=0-2-5-7,4,0-2-5-7,True,True,160,2,0.4166666666666667,0.4166666666666667,147,147
within_genus_species,Escherichia,150,clean,canonical spaced,pattern=0-3-5-8,4,0-3-5-8,True,False,160,2,0.4166666666666667,0.4125874125874126,136,136
within_genus_species,Escherichia,150,clean,canonical spaced + property,pattern=0-3-5-8,4,0-3-5-8,True,True,160,2,0.4375,0.4313295304958315,147,147
target_background,Escherichia,150,clean,k-mer,k=4,4,,False,False,160,2,0.6041666666666666,0.6039947894051237,256,256
target_background,Escherichia,150,clean,k-mer,k=5,5,,False,False,160,2,0.5416666666666666,0.5408695652173914,1018,1018
target_background,Escherichia,150,clean,k-mer,k=6,6,,False,False,160,2,0.6666666666666666,0.6660869565217391,3729,3729
target_background,Escherichia,150,clean,k-mer,k=7,7,,False,False,160,2,0.6666666666666666,0.6660869565217391,9074,9074
target_background,Escherichia,150,clean,k-mer,k=8,8,,False,False,160,2,0.5208333333333334,0.5206252713851498,13228,13228
target_background,Escherichia,150,clean,k-mer,k=9,9,,False,False,160,2,0.5625,0.5607843137254902,14857,14857
target_background,Escherichia,150,clean,canonical k-mer,k=4,4,,True,False,160,2,0.5625,0.5623100303951367,136,136
target_background,Escherichia,150,clean,canonical k-mer,k=5,5,,True,False,160,2,0.4583333333333333,0.45739130434782604,510,510
target_background,Escherichia,150,clean,canonical k-mer,k=6,6,,True,False,160,2,0.7083333333333334,0.7078260869565217,2007,2007
target_background,Escherichia,150,clean,canonical k-mer,k=7,7,,True,False,160,2,0.6666666666666666,0.6666666666666666,6140,6140
target_background,Escherichia,150,clean,canonical k-mer,k=8,8,,True,False,160,2,0.6041666666666666,0.6026143790849673,11365,11365
target_background,Escherichia,150,clean,canonical k-mer,k=9,9,,True,False,160,2,0.4791666666666667,0.47345326897762174,14124,14124
target_background,Escherichia,150,clean,canonical spaced,pattern=0-1-2-3,4,0-1-2-3,True,False,160,2,0.5625,0.5623100303951367,136,136
target_background,Escherichia,150,clean,canonical spaced + property,pattern=0-1-2-3,4,0-1-2-3,True,True,160,2,0.6041666666666666,0.6039947894051237,147,147
target_background,Escherichia,150,clean,canonical spaced,pattern=0-1-3-6,4,0-1-3-6,True,False,160,2,0.5625,0.5529933481152993,136,136
target_background,Escherichia,150,clean,canonical spaced + property,pattern=0-1-3-6,4,0-1-3-6,True,True,160,2,0.5416666666666666,0.5343915343915344,147,147
target_background,Escherichia,150,clean,canonical spaced,pattern=0-2-4-6,4,0-2-4-6,True,False,160,2,0.4791666666666667,0.47894051237516283,136,136
target_background,Escherichia,150,clean,canonical spaced + property,pattern=0-2-4-6,4,0-2-4-6,True,True,160,2,0.5208333333333334,0.5189542483660131,147,147
target_background,Escherichia,150,clean,canonical spaced,pattern=0-2-5-7,4,0-2-5-7,True,False,160,2,0.4375,0.43725575336517586,136,136
target_background,Escherichia,150,clean,canonical spaced + property,pattern=0-2-5-7,4,0-2-5-7,True,True,160,2,0.4166666666666667,0.4166666666666667,147,147
target_background,Escherichia,150,clean,canonical spaced,pattern=0-3-5-8,4,0-3-5-8,True,False,160,2,0.4166666666666667,0.4125874125874126,136,136
target_background,Escherichia,150,clean,canonical spaced + property,pattern=0-3-5-8,4,0-3-5-8,True,True,160,2,0.4375,0.4313295304958315,147,147
within_genus_species,Klebsiella,150,clean,k-mer,k=4,4,,False,False,160,3,0.3541666666666667,0.35504235907461706,256,256
within_genus_species,Klebsiella,150,clean,k-mer,k=5,5,,False,False,160,3,0.3333333333333333,0.3209188034188034,1018,1018
within_genus_species,Klebsiella,150,clean,k-mer,k=6,6,,False,False,160,3,0.375,0.32135076252723316,3671,3671
within_genus_species,Klebsiella,150,clean,k-mer,k=7,7,,False,False,160,3,0.4791666666666667,0.46678614097968935,8597,8597
within_genus_species,Klebsiella,150,clean,k-mer,k=8,8,,False,False,160,3,0.375,0.3235030571368332,12743,12743
within_genus_species,Klebsiella,150,clean,k-mer,k=9,9,,False,False,160,3,0.3333333333333333,0.30767195767195765,14690,14690
within_genus_species,Klebsiella,150,clean,canonical k-mer,k=4,4,,True,False,160,3,0.3125,0.3135582746261278,136,136
within_genus_species,Klebsiella,150,clean,canonical k-mer,k=5,5,,True,False,160,3,0.375,0.3775303643724697,510,510
within_genus_species,Klebsiella,150,clean,canonical k-mer,k=6,6,,True,False,160,3,0.5,0.4779502340477951,2009,2009
within_genus_species,Klebsiella,150,clean,canonical k-mer,k=7,7,,True,False,160,3,0.4791666666666667,0.4519249512670565,5882,5882
within_genus_species,Klebsiella,150,clean,canonical k-mer,k=8,8,,True,False,160,3,0.4166666666666667,0.3622895622895623,10805,10805
within_genus_species,Klebsiella,150,clean,canonical k-mer,k=9,9,,True,False,160,3,0.3125,0.28540305010893247,13837,13837
within_genus_species,Klebsiella,150,clean,canonical spaced,pattern=0-1-2-3,4,0-1-2-3,True,False,160,3,0.3125,0.3135582746261278,136,136
within_genus_species,Klebsiella,150,clean,canonical spaced + property,pattern=0-1-2-3,4,0-1-2-3,True,True,160,3,0.3958333333333333,0.3997787202655357,147,147
within_genus_species,Klebsiella,150,clean,canonical spaced,pattern=0-1-3-6,4,0-1-3-6,True,False,160,3,0.2708333333333333,0.2681878306878307,136,136
within_genus_species,Klebsiella,150,clean,canonical spaced + property,pattern=0-1-3-6,4,0-1-3-6,True,True,160,3,0.2708333333333333,0.2681878306878307,147,147
within_genus_species,Klebsiella,150,clean,canonical spaced,pattern=0-2-4-6,4,0-2-4-6,True,False,160,3,0.3958333333333333,0.3947743564679049,136,136
within_genus_species,Klebsiella,150,clean,canonical spaced + property,pattern=0-2-4-6,4,0-2-4-6,True,True,160,3,0.4166666666666667,0.4138071895424837,147,147
within_genus_species,Klebsiella,150,clean,canonical spaced,pattern=0-2-5-7,4,0-2-5-7,True,False,160,3,0.20833333333333334,0.2078242098403389,136,136
within_genus_species,Klebsiella,150,clean,canonical spaced + property,pattern=0-2-5-7,4,0-2-5-7,True,True,160,3,0.25,0.2506535947712418,147,147
within_genus_species,Klebsiella,150,clean,canonical spaced,pattern=0-3-5-8,4,0-3-5-8,True,False,160,3,0.375,0.3663780663780664,136,136
within_genus_species,Klebsiella,150,clean,canonical spaced + property,pattern=0-3-5-8,4,0-3-5-8,True,True,160,3,0.3333333333333333,0.3265869556192137,147,147
target_background,Klebsiella,150,clean,k-mer,k=4,4,,False,False,160,2,0.5416666666666666,0.4666666666666667,256,256
target_background,Klebsiella,150,clean,k-mer,k=5,5,,False,False,160,2,0.5833333333333334,0.4444444444444444,1022,1022
target_background,Klebsiella,150,clean,k-mer,k=6,6,,False,False,160,2,0.7083333333333334,0.5578947368421052,3693,3693
target_background,Klebsiella,150,clean,k-mer,k=7,7,,False,False,160,2,0.6875,0.4638868205510052,8725,8725
target_background,Klebsiella,150,clean,k-mer,k=8,8,,False,False,160,2,0.6875,0.4638868205510052,12868,12868
target_background,Klebsiella,150,clean,k-mer,k=9,9,,False,False,160,2,0.6875,0.4638868205510052,14806,14806
target_background,Klebsiella,150,clean,canonical k-mer,k=4,4,,True,False,160,2,0.6458333333333334,0.5800308800823469,136,136
target_background,Klebsiella,150,clean,canonical k-mer,k=5,5,,True,False,160,2,0.5625,0.4997518610421836,511,511
target_background,Klebsiella,150,clean,canonical k-mer,k=6,6,,True,False,160,2,0.6458333333333334,0.5619967793880838,2015,2015
target_background,Klebsiella,150,clean,canonical k-mer,k=7,7,,True,False,160,2,0.6458333333333334,0.4819047619047619,5990,5990
target_background,Klebsiella,150,clean,canonical k-mer,k=8,8,,True,False,160,2,0.6666666666666666,0.45299145299145294,10977,10977
target_background,Klebsiella,150,clean,canonical k-mer,k=9,9,,True,False,160,2,0.6875,0.4638868205510052,13968,13968
target_background,Klebsiella,150,clean,canonical spaced,pattern=0-1-2-3,4,0-1-2-3,True,False,160,2,0.6458333333333334,0.5800308800823469,136,136
target_background,Klebsiella,150,clean,canonical spaced + property,pattern=0-1-2-3,4,0-1-2-3,True,True,160,2,0.625,0.5636363636363637,147,147
target_background,Klebsiella,150,clean,canonical spaced,pattern=0-1-3-6,4,0-1-3-6,True,False,160,2,0.625,0.5252747252747253,136,136
target_background,Klebsiella,150,clean,canonical spaced + property,pattern=0-1-3-6,4,0-1-3-6,True,True,160,2,0.6458333333333334,0.5139964264443121,147,147
target_background,Klebsiella,150,clean,canonical spaced,pattern=0-2-4-6,4,0-2-4-6,True,False,160,2,0.5833333333333334,0.53125,136,136
target_background,Klebsiella,150,clean,canonical spaced + property,pattern=0-2-4-6,4,0-2-4-6,True,True,160,2,0.625,0.578125,147,147
target_background,Klebsiella,150,clean,canonical spaced,pattern=0-2-5-7,4,0-2-5-7,True,False,160,2,0.5833333333333334,0.4957983193277311,136,136
target_background,Klebsiella,150,clean,canonical spaced + property,pattern=0-2-5-7,4,0-2-5-7,True,True,160,2,0.5625,0.48121461657231085,147,147
target_background,Klebsiella,150,clean,canonical spaced,pattern=0-3-5-8,4,0-3-5-8,True,False,160,2,0.6458333333333334,0.540281690140845,136,136
target_background,Klebsiella,150,clean,canonical spaced + property,pattern=0-3-5-8,4,0-3-5-8,True,True,160,2,0.5833333333333334,0.4725274725274725,147,147
