task,length,condition,representation,classifier,macro_f1_mean,macro_f1_sd,accuracy_mean,n_cells
target_background,69,N_3pct,ck4,logistic,0.5059686747438192,0.09838802989912968,0.5715708971335569,25
target_background,69,N_3pct,ck4,nearest_centroid,0.4728210026340014,0.11072221986033538,0.5062965312607256,25
target_background,69,N_3pct,ck4_p,logistic,0.5198742398716244,0.09782061523926137,0.5834528256625443,25
target_background,69,N_3pct,ck4_p,nearest_centroid,0.4761643912715076,0.10664800320204082,0.5089631979273923,25
target_background,69,N_3pct,ck4p_msp,logistic,0.4681615420549356,0.1101308442327435,0.5514240339086887,25
target_background,69,N_3pct,ck4p_msp,nearest_centroid,0.47481415552573436,0.11084236844135324,0.5077466203872854,25
target_background,69,N_3pct,ckmer5_count_l2,logistic,0.47906056026876453,0.11475633599037545,0.584839675527655,25
target_background,69,N_3pct,ckmer5_count_l2,nearest_centroid,0.4689340154767534,0.13479406518360718,0.5369381649893159,25
target_background,69,clean,ck4,logistic,0.4840288360712542,0.11322563663956925,0.546018949081609,25
target_background,69,clean,ck4,nearest_centroid,0.4890786166660246,0.1056597253252993,0.5280762871683587,25
target_background,69,clean,ck4_p,logistic,0.4804331968641332,0.11926591238130589,0.544897142783332,25
target_background,69,clean,ck4_p,nearest_centroid,0.4925338737745075,0.11196219931437146,0.5323944689865406,25
target_background,69,clean,ck4p_msp,logistic,0.4833364575993487,0.1318948073041349,0.548484512645638,25
target_background,69,clean,ck4p_msp,nearest_centroid,0.4938115123781223,0.11357113195824063,0.5351110465266475,25
target_background,69,clean,ckmer5_count_l2,logistic,0.4591770246713605,0.0871861541611697,0.5626641644800212,25
target_background,69,clean,ckmer5_count_l2,nearest_centroid,0.4749398174568117,0.12384103822822194,0.551442875964615,25
target_background,69,substitution_1pct,ck4,logistic,0.49022621654120707,0.1074819279345733,0.5458500256492583,25
target_background,69,substitution_1pct,ck4,nearest_centroid,0.47870147211565517,0.08296921134762626,0.5200868974730867,25
target_background,69,substitution_1pct,ck4_p,logistic,0.4854266928794543,0.09787789997382441,0.54623116440252,25
target_background,69,substitution_1pct,ck4_p,nearest_centroid,0.47765894601430553,0.08334628118660545,0.5183477670383041,25
target_background,69,substitution_1pct,ck4p_msp,logistic,0.4906681653302318,0.11371297175933523,0.5508527584947022,25
target_background,69,substitution_1pct,ck4p_msp,nearest_centroid,0.47459147585006123,0.08480106878183172,0.5165295852201223,25
target_background,69,substitution_1pct,ckmer5_count_l2,logistic,0.4629081721476929,0.09655887919665913,0.5625123356325402,25
target_background,69,substitution_1pct,ckmer5_count_l2,nearest_centroid,0.47425370700014857,0.11293358794472888,0.5423077689573853,25
target_background,69,substitution_1pct_N_3pct,ck4,logistic,0.505758888566963,0.10813372152464322,0.5674454501168057,25
target_background,69,substitution_1pct_N_3pct,ck4,nearest_centroid,0.5064518543022212,0.1147715464431571,0.5446138218133103,25
target_background,69,substitution_1pct_N_3pct,ck4_p,logistic,0.5036324666727411,0.10266675461025071,0.5680312828688787,25
target_background,69,substitution_1pct_N_3pct,ck4_p,nearest_centroid,0.5064518543022212,0.1147715464431571,0.5446138218133103,25
target_background,69,substitution_1pct_N_3pct,ck4p_msp,logistic,0.5090065532839035,0.1376649089302245,0.5648445064455294,25
target_background,69,substitution_1pct_N_3pct,ck4p_msp,nearest_centroid,0.5052945061920601,0.11813501374390672,0.5440903259854667,25
target_background,69,substitution_1pct_N_3pct,ckmer5_count_l2,logistic,0.47500163753724123,0.10759585252809642,0.5728556168185324,25
target_background,69,substitution_1pct_N_3pct,ckmer5_count_l2,nearest_centroid,0.49704720384534623,0.14636522783657774,0.5673044493159582,25
target_background,69,trim_5bp,ck4,logistic,0.5048860962935994,0.13671884160062658,0.5593749626332747,25
target_background,69,trim_5bp,ck4,nearest_centroid,0.4891402237835624,0.0969147799790306,0.5311610847237446,25
target_background,69,trim_5bp,ck4_p,logistic,0.5166166110328843,0.13155971849248912,0.5717675863494278,25
target_background,69,trim_5bp,ck4_p,nearest_centroid,0.49248021712355583,0.09351659196450941,0.5335140259002151,25
target_background,69,trim_5bp,ck4p_msp,logistic,0.48697384661661536,0.10409348842325422,0.5583235921509578,25
target_background,69,trim_5bp,ck4p_msp,nearest_centroid,0.49395499506892193,0.0928756115826997,0.535332207718397,25
target_background,69,trim_5bp,ckmer5_count_l2,logistic,0.4862386972332793,0.1216028239007613,0.5806118086233176,25
target_background,69,trim_5bp,ckmer5_count_l2,nearest_centroid,0.4897308353952923,0.1345264655776295,0.5589327749545141,25
target_background,75,N_3pct,ck4,logistic,0.5006603264635064,0.11121803689710197,0.5826292519642903,25
target_background,75,N_3pct,ck4,nearest_centroid,0.4946860691936889,0.13615423245087746,0.5580649978041282,25
target_background,75,N_3pct,ck4_p,logistic,0.5173533702318823,0.13877190711939227,0.6038538914907201,25
target_background,75,N_3pct,ck4_p,nearest_centroid,0.4905896100972298,0.12428746135467857,0.5544286341677647,25
target_background,75,N_3pct,ck4p_msp,logistic,0.49624712274943605,0.16007799717912904,0.5663595177201315,25
target_background,75,N_3pct,ck4p_msp,nearest_centroid,0.49459469289116725,0.1378906601085438,0.557098814229249,25
target_background,75,N_3pct,ckmer5_count_l2,logistic,0.4727973080786545,0.10463132198754548,0.606312529754985,25
target_background,75,N_3pct,ckmer5_count_l2,nearest_centroid,0.4769635484296774,0.11067732961722576,0.5706801223783321,25
target_background,75,clean,ck4,logistic,0.4678436129923288,0.11378110066205649,0.5456972501780686,25
target_background,75,clean,ck4,nearest_centroid,0.456835358097592,0.1053685578518887,0.5206556614740758,25
target_background,75,clean,ck4_p,logistic,0.48609949295331584,0.11443890301649927,0.5635240383373376,25
target_background,75,clean,ck4_p,nearest_centroid,0.46088682395550945,0.10354959903295041,0.5243786051970195,25
target_background,75,clean,ck4p_msp,logistic,0.47239517558069205,0.10767382623964417,0.5471592652871425,25
target_background,75,clean,ck4p_msp,nearest_centroid,0.4581546302233157,0.10624759984307948,0.5224738432922575,25
target_background,75,clean,ckmer5_count_l2,logistic,0.45182597761875987,0.09358314605246357,0.5848205179304924,25
target_background,75,clean,ckmer5_count_l2,nearest_centroid,0.4568391073318142,0.12013127269535068,0.5577875577108314,25
target_background,75,substitution_1pct,ck4,logistic,0.4492664530990117,0.11759025859610862,0.5353129467860925,25
target_background,75,substitution_1pct,ck4,nearest_centroid,0.4498079109146122,0.1166079988769211,0.518404195406753,25
target_background,75,substitution_1pct,ck4_p,logistic,0.45223960623414117,0.11469512398242522,0.5332569243771289,25
target_background,75,substitution_1pct,ck4_p,nearest_centroid,0.4498079109146122,0.1166079988769211,0.518404195406753,25
target_background,75,substitution_1pct,ck4p_msp,logistic,0.4657523933231134,0.1454039201800883,0.5408464550510587,25
target_background,75,substitution_1pct,ck4p_msp,nearest_centroid,0.4490592478130079,0.11711809564439683,0.516499433501991,25
target_background,75,substitution_1pct,ckmer5_count_l2,logistic,0.4471349103410888,0.10572761392180063,0.5767869487716035,25
target_background,75,substitution_1pct,ckmer5_count_l2,nearest_centroid,0.44441583246250765,0.11933407990480595,0.5489491480386621,25
target_background,75,substitution_1pct_N_3pct,ck4,logistic,0.45473731140981777,0.11907053384865404,0.5355756320973712,25
target_background,75,substitution_1pct_N_3pct,ck4,nearest_centroid,0.44681007104609305,0.11116456231607842,0.5098253340862037,25
target_background,75,substitution_1pct_N_3pct,ck4_p,logistic,0.46430182494699274,0.11202256296742681,0.5510100419614486,25
target_background,75,substitution_1pct_N_3pct,ck4_p,nearest_centroid,0.4479686241224961,0.1097144346616562,0.5115644645209863,25
target_background,75,substitution_1pct_N_3pct,ck4p_msp,logistic,0.4791071210541056,0.1340534472417182,0.5541088266663714,25
target_background,75,substitution_1pct_N_3pct,ck4p_msp,nearest_centroid,0.4411578292140781,0.10699751875490905,0.5061503231068448,25
target_background,75,substitution_1pct_N_3pct,ckmer5_count_l2,logistic,0.4234194566665155,0.12018332986375824,0.5518382657410791,25
target_background,75,substitution_1pct_N_3pct,ckmer5_count_l2,nearest_centroid,0.4522818592663062,0.10940630821365983,0.5538827810439063,25
target_background,75,trim_5bp,ck4,logistic,0.42912731245014185,0.11250947863787422,0.5040484789436196,25
target_background,75,trim_5bp,ck4,nearest_centroid,0.4626150103631248,0.10988816235117621,0.527449880611006,25
target_background,75,trim_5bp,ck4_p,logistic,0.4488653865671892,0.10274968636071664,0.5242938999051531,25
target_background,75,trim_5bp,ck4_p,nearest_centroid,0.46062233637045075,0.10841291949779641,0.5250969394345354,25
target_background,75,trim_5bp,ck4p_msp,logistic,0.43192468366612324,0.10201456002911008,0.5234660820850079,25
target_background,75,trim_5bp,ck4p_msp,nearest_centroid,0.4567298605598164,0.10657842169123172,0.5209699553075512,25
target_background,75,trim_5bp,ckmer5_count_l2,logistic,0.46354528502143,0.12880499944584264,0.5970531474776999,25
target_background,75,trim_5bp,ckmer5_count_l2,nearest_centroid,0.4662505411879217,0.11743943540572475,0.5711610146034698,25
target_background,100,N_3pct,ck4,logistic,0.5048123773501296,0.10422032756847993,0.584195104128608,25
target_background,100,N_3pct,ck4,nearest_centroid,0.4763011508246909,0.10890025565288265,0.5250591058557811,25
target_background,100,N_3pct,ck4_p,logistic,0.4899655548361385,0.12051907845349427,0.5732354159054927,25
target_background,100,N_3pct,ck4_p,nearest_centroid,0.4763011508246909,0.10890025565288265,0.5250591058557811,25
target_background,100,N_3pct,ck4p_msp,logistic,0.5005007266420008,0.08876663584509817,0.5733745972697379,25
target_background,100,N_3pct,ck4p_msp,nearest_centroid,0.4751882475988844,0.11030349016447602,0.5233199754209984,25
target_background,100,N_3pct,ckmer5_count_l2,logistic,0.5148482758131033,0.14059262553624027,0.62157386432834,25
target_background,100,N_3pct,ckmer5_count_l2,nearest_centroid,0.5202043556103179,0.09574510065624128,0.592608734402852,25
target_background,100,clean,ck4,logistic,0.4976688512611113,0.09372744910391403,0.5691291338669856,25
target_background,100,clean,ck4,nearest_centroid,0.45729736379275127,0.10351819962758455,0.5019498289434351,25
target_background,100,clean,ck4_p,logistic,0.4909173392128251,0.10776097231277872,0.5615848418418751,25
target_background,100,clean,ck4_p,nearest_centroid,0.4554138671724125,0.10129463360411944,0.4999498289434351,25
target_background,100,clean,ck4p_msp,logistic,0.49674617769713014,0.11964786183452963,0.573740304026749,25
target_background,100,clean,ck4p_msp,nearest_centroid,0.4516051537425024,0.10310158252343676,0.49647156807386983,25
target_background,100,clean,ckmer5_count_l2,logistic,0.4598135085914972,0.1223273014176515,0.5622419924491535,25
target_background,100,clean,ckmer5_count_l2,nearest_centroid,0.4724658613693418,0.07987739337838509,0.5447768625236656,25
target_background,100,substitution_1pct,ck4,logistic,0.5058440360631029,0.12202327935401529,0.5824976251370113,25
target_background,100,substitution_1pct,ck4,nearest_centroid,0.4737467512271417,0.11902084464831002,0.5156482767019851,25
target_background,100,substitution_1pct,ck4_p,logistic,0.5024933593228283,0.10134716569362696,0.5829635023970062,25
target_background,100,substitution_1pct,ck4_p,nearest_centroid,0.47222111020150065,0.11846839182363095,0.5137435147972232,25
target_background,100,substitution_1pct,ck4p_msp,logistic,0.5190312215870182,0.14221712435264797,0.5935631636053631,25
target_background,100,substitution_1pct,ck4p_msp,nearest_centroid,0.47429939345790456,0.11949063946984688,0.5164091462672026,25
target_background,100,substitution_1pct,ckmer5_count_l2,logistic,0.4660806451505235,0.10617785427917618,0.5687158910995228,25
target_background,100,substitution_1pct,ckmer5_count_l2,nearest_centroid,0.4765279717593872,0.10192516255541362,0.5549132261600292,25
target_background,100,substitution_1pct_N_3pct,ck4,logistic,0.5247357019104978,0.10199246537628504,0.5851699106520079,25
target_background,100,substitution_1pct_N_3pct,ck4,nearest_centroid,0.4826596814558383,0.10862911715955584,0.5315307735742518,25
target_background,100,substitution_1pct_N_3pct,ck4_p,logistic,0.49068783826219636,0.09698752607272214,0.5622798850765602,25
target_background,100,substitution_1pct_N_3pct,ck4_p,nearest_centroid,0.4862463699307621,0.11079430032960189,0.5346002922908294,25
target_background,100,substitution_1pct_N_3pct,ck4p_msp,logistic,0.5079966842904183,0.10816134562227492,0.5792607865280499,25
target_background,100,substitution_1pct_N_3pct,ck4p_msp,nearest_centroid,0.484759289382561,0.11034234353569729,0.5325082206795761,25
target_background,100,substitution_1pct_N_3pct,ckmer5_count_l2,logistic,0.4890936922435644,0.07040586280356019,0.5951510556791887,25
target_background,100,substitution_1pct_N_3pct,ckmer5_count_l2,nearest_centroid,0.4847785051238596,0.11347480447431633,0.5552901982927558,25
target_background,100,trim_5bp,ck4,logistic,0.4752072312111731,0.10668346664532492,0.553533165044674,25
target_background,100,trim_5bp,ck4,nearest_centroid,0.46220006547678205,0.1049608549621985,0.5142553116108103,25
target_background,100,trim_5bp,ck4_p,logistic,0.49089894219414065,0.12105334947127348,0.5667651487472459,25
target_background,100,trim_5bp,ck4_p,nearest_centroid,0.4599473593877588,0.10254704432203164,0.5122553116108104,25
target_background,100,trim_5bp,ck4p_msp,logistic,0.4855875555159308,0.09263072584883134,0.5631964437949093,25
target_background,100,trim_5bp,ck4p_msp,nearest_centroid,0.45939998033003493,0.10591963961435165,0.5123505497060484,25
target_background,100,trim_5bp,ckmer5_count_l2,logistic,0.45910832521176137,0.12086205008946206,0.5626241405653171,25
target_background,100,trim_5bp,ckmer5_count_l2,nearest_centroid,0.48581325231807837,0.08936069749538114,0.5540229957595686,25
target_background,150,N_3pct,ck4,logistic,0.47292835486602086,0.11448369894739427,0.5812973431796961,25
target_background,150,N_3pct,ck4,nearest_centroid,0.5143371499256816,0.13018042326220108,0.5757151524086508,25
target_background,150,N_3pct,ck4_p,logistic,0.49770759915114754,0.13085082713043075,0.6026507266383427,25
target_background,150,N_3pct,ck4_p,nearest_centroid,0.5143371499256816,0.13018042326220108,0.5757151524086508,25
target_background,150,N_3pct,ck4p_msp,logistic,0.518064928687205,0.10760078101057668,0.6248668730650155,25
target_background,150,N_3pct,ck4p_msp,nearest_centroid,0.5175806493456516,0.1321632482634794,0.579842136535635,25
target_background,150,N_3pct,ckmer5_count_l2,logistic,0.4714973214364695,0.1439096574089982,0.6342340789585371,25
target_background,150,N_3pct,ckmer5_count_l2,nearest_centroid,0.480319072832022,0.11962614870280193,0.5920037795022315,25
target_background,150,clean,ck4,logistic,0.4801828372811567,0.14080319192178803,0.594028565174076,25
target_background,150,clean,ck4,nearest_centroid,0.5038835554356124,0.12768240163995462,0.5651257376953971,25
target_background,150,clean,ck4_p,logistic,0.493737312393886,0.14410296387698515,0.6044947305876098,25
target_background,150,clean,ck4_p,nearest_centroid,0.506969388121445,0.12741371670347632,0.5695701821398416,25
target_background,150,clean,ck4p_msp,logistic,0.5585328071263382,0.10296836820468339,0.6556028663459004,25
target_background,150,clean,ck4p_msp,nearest_centroid,0.506969388121445,0.12741371670347632,0.5695701821398416,25
target_background,150,clean,ckmer5_count_l2,logistic,0.46520957936860574,0.1167480770482376,0.6333957442626174,25
target_background,150,clean,ckmer5_count_l2,nearest_centroid,0.4788798989162934,0.1030504170312772,0.5879893494878015,25
target_background,150,substitution_1pct,ck4,logistic,0.5003778426778427,0.14614122548054861,0.6087190167933202,25
target_background,150,substitution_1pct,ck4,nearest_centroid,0.4797617222915312,0.14343864960239963,0.5421271806968402,25
target_background,150,substitution_1pct,ck4_p,logistic,0.5162459600689202,0.14484639436704197,0.6178702281550579,25
target_background,150,substitution_1pct,ck4_p,nearest_centroid,0.4773304770661683,0.1432253528798086,0.5400219175389454,25
target_background,150,substitution_1pct,ck4p_msp,logistic,0.5439229568563416,0.10687490931271465,0.6441109815537059,25
target_background,150,substitution_1pct,ck4p_msp,nearest_centroid,0.48169411342980467,0.13219914172588212,0.5440219175389455,25
target_background,150,substitution_1pct,ckmer5_count_l2,logistic,0.45329500197156514,0.10303594346098255,0.6226935609969666,25
target_background,150,substitution_1pct,ckmer5_count_l2,nearest_centroid,0.44441784028973613,0.1025856331421711,0.564138054583875,25
target_background,150,substitution_1pct_N_3pct,ck4,logistic,0.5073123170129299,0.1137385192148731,0.6093899097118911,25
target_background,150,substitution_1pct_N_3pct,ck4,nearest_centroid,0.5246576534809845,0.12842492863214652,0.5864914871849857,25
target_background,150,substitution_1pct_N_3pct,ck4_p,logistic,0.5110994663298345,0.10888014208618213,0.6211906236178681,25
target_background,150,substitution_1pct_N_3pct,ck4_p,nearest_centroid,0.5261126799360109,0.12812107435070938,0.5887137094072079,25
target_background,150,substitution_1pct_N_3pct,ck4p_msp,logistic,0.5521543808632109,0.11070272661216686,0.6672951004963389,25
target_background,150,substitution_1pct_N_3pct,ck4p_msp,nearest_centroid,0.5299966619295264,0.12263674015170475,0.5925829904529595,25
target_background,150,substitution_1pct_N_3pct,ckmer5_count_l2,logistic,0.45597156295057345,0.08808331985784214,0.6246171310629515,25
target_background,150,substitution_1pct_N_3pct,ckmer5_count_l2,nearest_centroid,0.5179202358019813,0.100121983729852,0.6223270118254639,25
target_background,150,trim_5bp,ck4,logistic,0.4815046922715226,0.1512823294896375,0.5914427065882174,25
target_background,150,trim_5bp,ck4,nearest_centroid,0.4997201316847273,0.12587454761778236,0.562655837454599,25
target_background,150,trim_5bp,ck4_p,logistic,0.49452844413650865,0.14911732178557716,0.6041474095220225,25
target_background,150,trim_5bp,ck4_p,nearest_centroid,0.5013923724874029,0.12557723205030288,0.5648780596768213,25
target_background,150,trim_5bp,ck4p_msp,logistic,0.5181351019585856,0.13632411369412883,0.6124567300604452,25
target_background,150,trim_5bp,ck4p_msp,nearest_centroid,0.5013923724874029,0.12557723205030288,0.5648780596768213,25
target_background,150,trim_5bp,ckmer5_count_l2,logistic,0.4614544638440229,0.12294468103338205,0.6305250202154227,25
target_background,150,trim_5bp,ckmer5_count_l2,nearest_centroid,0.4619469866967883,0.11717848251357102,0.573026943472764,25
within_genus_species,69,N_3pct,ck4,logistic,0.3225789988210009,0.165212836813646,0.3336748247979397,30
within_genus_species,69,N_3pct,ck4,nearest_centroid,0.2935348225666853,0.1514185113489444,0.3086078733509063,30
within_genus_species,69,N_3pct,ck4_p,logistic,0.32550532703164287,0.17339245008637252,0.33692555460237794,30
within_genus_species,69,N_3pct,ck4_p,nearest_centroid,0.29380379651212984,0.15157469527684217,0.30884733695243877,30
within_genus_species,69,N_3pct,ck4p_msp,logistic,0.29363382822696543,0.13132675677382552,0.30503242622598387,30
within_genus_species,69,N_3pct,ck4p_msp,nearest_centroid,0.28901121409454744,0.15234035236131013,0.3055580502232544,30
within_genus_species,69,N_3pct,ckmer5_count_l2,logistic,0.2868123105585696,0.14249800096246684,0.3108876095226302,30
within_genus_species,69,N_3pct,ckmer5_count_l2,nearest_centroid,0.2722718092737442,0.1296528505281158,0.28776291258708137,30
within_genus_species,69,clean,ck4,logistic,0.32609204849826623,0.15225258218327994,0.34537552859042847,30
within_genus_species,69,clean,ck4,nearest_centroid,0.30250252857928295,0.15842377923953946,0.3162601958082159,30
within_genus_species,69,clean,ck4_p,logistic,0.31055967579987187,0.13913943970836376,0.33101276678951075,30
within_genus_species,69,clean,ck4_p,nearest_centroid,0.30245563103238543,0.1584476422417763,0.3162601958082159,30
within_genus_species,69,clean,ck4p_msp,logistic,0.3248681982505512,0.14300164998903492,0.34107132596803197,30
within_genus_species,69,clean,ck4p_msp,nearest_centroid,0.3042295975629309,0.1655721723527538,0.3184441038541929,30
within_genus_species,69,clean,ckmer5_count_l2,logistic,0.2972745694085208,0.10816688403143544,0.3184038168824085,30
within_genus_species,69,clean,ckmer5_count_l2,nearest_centroid,0.29030101826373755,0.13106691520311348,0.3046211631261018,30
within_genus_species,69,substitution_1pct,ck4,logistic,0.33048146851333127,0.15300761218909567,0.3477602193407158,30
within_genus_species,69,substitution_1pct,ck4,nearest_centroid,0.3028990396571666,0.14781836724572503,0.3176856610316351,30
within_genus_species,69,substitution_1pct,ck4_p,logistic,0.3217357609710551,0.14857852760484133,0.34056407365241914,30
within_genus_species,69,substitution_1pct,ck4_p,nearest_centroid,0.30394378796584676,0.14841886224752912,0.319074549920524,30
within_genus_species,69,substitution_1pct,ck4p_msp,logistic,0.34470275403608736,0.16522529416882414,0.35793947092110506,30
within_genus_species,69,substitution_1pct,ck4p_msp,nearest_centroid,0.3044757968066792,0.1490083305439399,0.3193140135220566,30
within_genus_species,69,substitution_1pct,ckmer5_count_l2,logistic,0.29587811507664447,0.12210517846416225,0.31522822627604796,30
within_genus_species,69,substitution_1pct,ckmer5_count_l2,nearest_centroid,0.2966982000388863,0.13787563835833302,0.31338329424117417,30
within_genus_species,69,substitution_1pct_N_3pct,ck4,logistic,0.3499308006808007,0.14011234196604627,0.3653772571527664,30
within_genus_species,69,substitution_1pct_N_3pct,ck4,nearest_centroid,0.3139436768750494,0.15207230433151248,0.3329564087534367,30
within_genus_species,69,substitution_1pct_N_3pct,ck4_p,logistic,0.3481669232183938,0.1499391128703591,0.3606882695758478,30
within_genus_species,69,substitution_1pct_N_3pct,ck4_p,nearest_centroid,0.3167483906797632,0.15139193331767276,0.33491719306716217,30
within_genus_species,69,substitution_1pct_N_3pct,ck4p_msp,logistic,0.3351256112261014,0.1547463996752036,0.34906158180565094,30
within_genus_species,69,substitution_1pct_N_3pct,ck4p_msp,nearest_centroid,0.31839834820226975,0.15335206980605764,0.3368779773808877,30
within_genus_species,69,substitution_1pct_N_3pct,ckmer5_count_l2,logistic,0.3195306552036428,0.13890649029156255,0.3409348148266924,30
within_genus_species,69,substitution_1pct_N_3pct,ckmer5_count_l2,nearest_centroid,0.2955261707247001,0.14261397236126852,0.3144033364333876,30
within_genus_species,69,trim_5bp,ck4,logistic,0.3262941035906722,0.1706082983683622,0.34280858568042183,30
within_genus_species,69,trim_5bp,ck4,nearest_centroid,0.29213771885340517,0.15216555135025883,0.3088825054198985,30
within_genus_species,69,trim_5bp,ck4_p,logistic,0.3257652995152995,0.1781517001204786,0.34016091664506426,30
within_genus_species,69,trim_5bp,ck4_p,nearest_centroid,0.29328292087360713,0.15107371773357958,0.3100319307072548,30
within_genus_species,69,trim_5bp,ck4p_msp,logistic,0.3034472859203251,0.14084666754860467,0.3200750467754833,30
within_genus_species,69,trim_5bp,ck4p_msp,nearest_centroid,0.29339158163913065,0.15590181772391457,0.3107170271073613,30
within_genus_species,69,trim_5bp,ckmer5_count_l2,logistic,0.31623153341613097,0.14162167537109477,0.3390871717290493,30
within_genus_species,69,trim_5bp,ckmer5_count_l2,nearest_centroid,0.30339921052937047,0.12824724027487078,0.3225461493109654,30
within_genus_species,75,N_3pct,ck4,logistic,0.30802911531097804,0.17254223583171924,0.3204617212852507,30
within_genus_species,75,N_3pct,ck4,nearest_centroid,0.33653752290594396,0.1661383832409247,0.3471582440798127,30
within_genus_species,75,N_3pct,ck4_p,logistic,0.32252582919030287,0.1760812718532972,0.34133999370273876,30
within_genus_species,75,N_3pct,ck4_p,nearest_centroid,0.33312380699222804,0.15469212251020376,0.34412794104950967,30
within_genus_species,75,N_3pct,ck4p_msp,logistic,0.31768116855242756,0.1642852380884847,0.32976720701230505,30
within_genus_species,75,N_3pct,ck4p_msp,nearest_centroid,0.33839249176749175,0.16693369697910737,0.34901009593166454,30
within_genus_species,75,N_3pct,ckmer5_count_l2,logistic,0.3058271654529394,0.13210933185461776,0.32383679174855645,30
within_genus_species,75,N_3pct,ckmer5_count_l2,nearest_centroid,0.3283292294746113,0.14960627616183603,0.34396029932304445,30
within_genus_species,75,clean,ck4,logistic,0.27577187174710394,0.14029836281481714,0.2885883470197196,30
within_genus_species,75,clean,ck4,nearest_centroid,0.31524210131305075,0.130179475324518,0.3259088852324146,30
within_genus_species,75,clean,ck4_p,logistic,0.29572840249801036,0.1355233353892128,0.3100420316792866,30
within_genus_species,75,clean,ck4_p,nearest_centroid,0.31329556831388616,0.13233757548944558,0.3233922660491288,30
within_genus_species,75,clean,ck4p_msp,logistic,0.2930766428560546,0.1434124417050007,0.3030315853355069,30
within_genus_species,75,clean,ck4p_msp,nearest_centroid,0.31634405491500434,0.1324879507389804,0.32740461172814117,30
within_genus_species,75,clean,ckmer5_count_l2,logistic,0.31312950248734567,0.14081696250683268,0.3296729156827196,30
within_genus_species,75,clean,ckmer5_count_l2,nearest_centroid,0.3268515338863636,0.14478077100399117,0.34344214645195037,30
within_genus_species,75,substitution_1pct,ck4,logistic,0.26942887649750397,0.11726972944434717,0.28999014529406686,30
within_genus_species,75,substitution_1pct,ck4,nearest_centroid,0.3054656964027449,0.12916718521306716,0.31521942908217415,30
within_genus_species,75,substitution_1pct,ck4_p,logistic,0.27255568188166224,0.12457412296677225,0.2871687919923214,30
within_genus_species,75,substitution_1pct,ck4_p,nearest_centroid,0.3038326997697483,0.12949124977419477,0.31383054019328527,30
within_genus_species,75,substitution_1pct,ck4p_msp,logistic,0.27883919040291594,0.1440760505156706,0.29568823478627404,30
within_genus_species,75,substitution_1pct,ck4p_msp,nearest_centroid,0.3044787184683985,0.1301563847318212,0.31388609574884085,30
within_genus_species,75,substitution_1pct,ckmer5_count_l2,logistic,0.3036793873672099,0.13885827233463435,0.3229840156212705,30
within_genus_species,75,substitution_1pct,ckmer5_count_l2,nearest_centroid,0.30726472909806246,0.1415624893810031,0.3244881799391603,30
within_genus_species,75,substitution_1pct_N_3pct,ck4,logistic,0.27004150778415487,0.11674402961052764,0.2857914083012122,30
within_genus_species,75,substitution_1pct_N_3pct,ck4,nearest_centroid,0.3202771745798062,0.1171262738433087,0.33241513932690403,30
within_genus_species,75,substitution_1pct_N_3pct,ck4_p,logistic,0.28242886733818107,0.11120749388277802,0.298591978101782,30
within_genus_species,75,substitution_1pct_N_3pct,ck4_p,nearest_centroid,0.3232048025074341,0.11693832094797829,0.3357092569739628,30
within_genus_species,75,substitution_1pct_N_3pct,ck4p_msp,logistic,0.28873800874716765,0.10784759080322709,0.3035538009557618,30
within_genus_species,75,substitution_1pct_N_3pct,ck4p_msp,nearest_centroid,0.3137222273340694,0.10760079468601813,0.3267302359949419,30
within_genus_species,75,substitution_1pct_N_3pct,ckmer5_count_l2,logistic,0.2936341379209026,0.11888247650503991,0.30901423993580857,30
within_genus_species,75,substitution_1pct_N_3pct,ckmer5_count_l2,nearest_centroid,0.308536698051404,0.13259414667619843,0.31815694146086304,30
within_genus_species,75,trim_5bp,ck4,logistic,0.2919388862771216,0.12135784743447178,0.30413026951262245,30
within_genus_species,75,trim_5bp,ck4,nearest_centroid,0.31212789806417257,0.11706763331544338,0.3228628542844229,30
within_genus_species,75,trim_5bp,ck4_p,logistic,0.28079052619493794,0.12526610780246578,0.2926533408494193,30
within_genus_species,75,trim_5bp,ck4_p,nearest_centroid,0.3121563880926626,0.11705247952671503,0.3228628542844229,30
within_genus_species,75,trim_5bp,ck4p_msp,logistic,0.2746660351268194,0.11318830224130055,0.2910576808812103,30
within_genus_species,75,trim_5bp,ck4p_msp,nearest_centroid,0.30925708369335825,0.11817148304913314,0.3195644631330906,30
within_genus_species,75,trim_5bp,ckmer5_count_l2,logistic,0.3232013874832502,0.16793914365905993,0.33878374494060765,30
within_genus_species,75,trim_5bp,ckmer5_count_l2,nearest_centroid,0.3464745709274863,0.156296498315507,0.36082547191370723,30
within_genus_species,100,N_3pct,ck4,logistic,0.32940736711402346,0.15221496117578925,0.3513314384633504,30
within_genus_species,100,N_3pct,ck4,nearest_centroid,0.2934130684130684,0.12477203767678578,0.3047580882337034,30
within_genus_species,100,N_3pct,ck4_p,logistic,0.31302238270272326,0.12712013927844143,0.34244172270243795,30
within_genus_species,100,N_3pct,ck4_p,nearest_centroid,0.2934130684130684,0.12477203767678578,0.3047580882337034,30
within_genus_species,100,N_3pct,ck4p_msp,logistic,0.34191935270134444,0.13175458805563317,0.3648329255603927,30
within_genus_species,100,N_3pct,ck4p_msp,nearest_centroid,0.2986499919833253,0.12866048306050107,0.30961742327206654,30
within_genus_species,100,N_3pct,ckmer5_count_l2,logistic,0.3405534331700482,0.16036041065921242,0.36685862060057317,30
within_genus_species,100,N_3pct,ckmer5_count_l2,nearest_centroid,0.33411967053891717,0.13645006157423212,0.347974916444248,30
within_genus_species,100,clean,ck4,logistic,0.3118879446338167,0.11151805597391719,0.33787888634623353,30
within_genus_species,100,clean,ck4,nearest_centroid,0.3114065245756422,0.12991038502604865,0.32197244101402317,30
within_genus_species,100,clean,ck4_p,logistic,0.31134634126145994,0.12356546099634366,0.3356906447781966,30
within_genus_species,100,clean,ck4_p,nearest_centroid,0.313232476401594,0.1292099576003638,0.3236391076806899,30
within_genus_species,100,clean,ck4p_msp,logistic,0.33302349569171036,0.12082076885639605,0.35846655771935776,30
within_genus_species,100,clean,ck4p_msp,nearest_centroid,0.3078175681435485,0.13393877944637164,0.3185623813379788,30
within_genus_species,100,clean,ckmer5_count_l2,logistic,0.28714269526769526,0.1080048663228561,0.31849811343373385,30
within_genus_species,100,clean,ckmer5_count_l2,nearest_centroid,0.2975596734420264,0.10802544189880411,0.31098700554230146,30
within_genus_species,100,substitution_1pct,ck4,logistic,0.3436330168799209,0.14949710476322686,0.36504512529195043,30
within_genus_species,100,substitution_1pct,ck4,nearest_centroid,0.302225229110033,0.14707750444026177,0.30872286848045294,30
within_genus_species,100,substitution_1pct,ck4_p,logistic,0.3358049263735538,0.12844938287578478,0.35845266331056524,30
within_genus_species,100,substitution_1pct,ck4_p,nearest_centroid,0.3048717230481936,0.14457118394573928,0.31136262003324794,30
within_genus_species,100,substitution_1pct,ck4p_msp,logistic,0.32740295581420453,0.12278537882374371,0.3523305763402994,30
within_genus_species,100,substitution_1pct,ck4p_msp,nearest_centroid,0.30586752508566234,0.145678950137415,0.3135822035188161,30
within_genus_species,100,substitution_1pct,ckmer5_count_l2,logistic,0.300923311910541,0.14024450437381017,0.3236866365963949,30
within_genus_species,100,substitution_1pct,ckmer5_count_l2,nearest_centroid,0.31098546632628155,0.11254279858789473,0.32916791031527776,30
within_genus_species,100,substitution_1pct_N_3pct,ck4,logistic,0.31477921279882065,0.11650254490005525,0.33657694659800225,30
within_genus_species,100,substitution_1pct_N_3pct,ck4,nearest_centroid,0.3093447383226795,0.13416261329631302,0.32400816000835847,30
within_genus_species,100,substitution_1pct_N_3pct,ck4_p,logistic,0.3153730694686577,0.11344543247973636,0.33876774847870184,30
within_genus_species,100,substitution_1pct_N_3pct,ck4_p,nearest_centroid,0.30499353397147516,0.13370564549062441,0.3195285816157366,30
within_genus_species,100,substitution_1pct_N_3pct,ck4p_msp,logistic,0.3456703466382259,0.14217957826679553,0.3636477061634703,30
within_genus_species,100,substitution_1pct_N_3pct,ck4p_msp,nearest_centroid,0.30935422883217,0.1319595370752099,0.32301024987251725,30
within_genus_species,100,substitution_1pct_N_3pct,ckmer5_count_l2,logistic,0.29628604665124275,0.12467189819429639,0.32427095944006606,30
within_genus_species,100,substitution_1pct_N_3pct,ckmer5_count_l2,nearest_centroid,0.29949783096351723,0.111348682914244,0.3193569582664741,30
within_genus_species,100,trim_5bp,ck4,logistic,0.2983052212856135,0.11170247769832603,0.3206340503354129,30
within_genus_species,100,trim_5bp,ck4,nearest_centroid,0.2934937870771204,0.13908901034183566,0.29790169436544783,30
within_genus_species,100,trim_5bp,ck4_p,logistic,0.2945951595608458,0.12052778596482758,0.3177341617897443,30
within_genus_species,100,trim_5bp,ck4_p,nearest_centroid,0.2942459515792849,0.13613776062838595,0.2980397205904305,30
within_genus_species,100,trim_5bp,ck4p_msp,logistic,0.3244765525295711,0.10251767825845946,0.3447703825067349,30
within_genus_species,100,trim_5bp,ck4p_msp,nearest_centroid,0.2954590347923681,0.13614684948980613,0.2988644705531115,30
within_genus_species,100,trim_5bp,ckmer5_count_l2,logistic,0.3064538731440176,0.09254171547919882,0.33311979673519493,30
within_genus_species,100,trim_5bp,ckmer5_count_l2,nearest_centroid,0.3096094330506095,0.11569027535988334,0.3206329401507547,30
within_genus_species,150,N_3pct,ck4,logistic,0.31491716671128434,0.1074345581168474,0.33075775672937696,30
within_genus_species,150,N_3pct,ck4,nearest_centroid,0.34324708933042264,0.1449992315590721,0.3579354702935714,30
within_genus_species,150,N_3pct,ck4_p,logistic,0.33203358639220354,0.11721881449785235,0.34926697227780823,30
within_genus_species,150,N_3pct,ck4_p,nearest_centroid,0.3460553921387255,0.14807004023813397,0.35978732214542325,30
within_genus_species,150,N_3pct,ck4p_msp,logistic,0.3248406862029153,0.13771641184532618,0.33931032870351757,30
within_genus_species,150,N_3pct,ck4p_msp,nearest_centroid,0.3516064151897485,0.14862942162396706,0.36409684595494707,30
within_genus_species,150,N_3pct,ckmer5_count_l2,logistic,0.30221589092499823,0.1343805433164404,0.3188712505817769,30
within_genus_species,150,N_3pct,ckmer5_count_l2,nearest_centroid,0.3349000600983315,0.11832331634495316,0.3517946379767845,30
within_genus_species,150,clean,ck4,logistic,0.32027747136286866,0.13018528959543035,0.33839995041078635,30
within_genus_species,150,clean,ck4,nearest_centroid,0.336718130391376,0.1505009168266674,0.35255677058102236,30
within_genus_species,150,clean,ck4_p,logistic,0.3238993291566821,0.13494431128478424,0.3416614867951297,30
within_genus_species,150,clean,ck4_p,nearest_centroid,0.33956565323889887,0.15349924570214532,0.3559237739480257,30
within_genus_species,150,clean,ck4p_msp,logistic,0.37863754727480214,0.15164027990143272,0.39330802381885976,30
within_genus_species,150,clean,ck4p_msp,nearest_centroid,0.33505943142875544,0.15166008985905866,0.3511657868370975,30
within_genus_species,150,clean,ckmer5_count_l2,logistic,0.3400629165153159,0.1403320623680929,0.3628200466925957,30
within_genus_species,150,clean,ckmer5_count_l2,nearest_centroid,0.33740435260855794,0.1359707519625427,0.3536636792668784,30
within_genus_species,150,substitution_1pct,ck4,logistic,0.318279117034019,0.12550511705908632,0.33541031261671095,30
within_genus_species,150,substitution_1pct,ck4,nearest_centroid,0.33450031295864624,0.15453217137821468,0.3488861601075223,30
within_genus_species,150,substitution_1pct,ck4_p,logistic,0.32897336078953726,0.14008195798444842,0.347740770275858,30
within_genus_species,150,substitution_1pct,ck4_p,nearest_centroid,0.3341348450931784,0.1539100306481787,0.3484651074759434,30
within_genus_species,150,substitution_1pct,ck4p_msp,logistic,0.34099644554791614,0.12603299903459203,0.35887405907168546,30
within_genus_species,150,substitution_1pct,ck4p_msp,nearest_centroid,0.3346258355841689,0.1467895548296416,0.3485043231622179,30
within_genus_species,150,substitution_1pct,ckmer5_count_l2,logistic,0.30956217118794516,0.12324655894405087,0.3315103802668302,30
within_genus_species,150,substitution_1pct,ckmer5_count_l2,nearest_centroid,0.3049951895083474,0.10594961102912288,0.32722676373811566,30
within_genus_species,150,substitution_1pct_N_3pct,ck4,logistic,0.32587299438034734,0.12805367984831983,0.3410304446537677,30
within_genus_species,150,substitution_1pct_N_3pct,ck4,nearest_centroid,0.3326723599566737,0.13363220938672077,0.343525352604816,30
within_genus_species,150,substitution_1pct_N_3pct,ck4_p,logistic,0.35312396998426415,0.1330648082293321,0.36250061899649105,30
within_genus_species,150,substitution_1pct_N_3pct,ck4_p,nearest_centroid,0.33446945175376547,0.1309998116283933,0.3448586859381493,30
within_genus_species,150,substitution_1pct_N_3pct,ck4p_msp,logistic,0.3614004260703177,0.15034657422940062,0.38473802667920315,30
within_genus_species,150,substitution_1pct_N_3pct,ck4p_msp,nearest_centroid,0.33944978868263187,0.1316613236157122,0.349525352604816,30
within_genus_species,150,substitution_1pct_N_3pct,ckmer5_count_l2,logistic,0.31307055092787806,0.13933927183583822,0.33291521200963925,30
within_genus_species,150,substitution_1pct_N_3pct,ckmer5_count_l2,nearest_centroid,0.34173141992930434,0.11931149610634585,0.36077202730763097,30
within_genus_species,150,trim_5bp,ck4,logistic,0.32828433863560286,0.13250747394303725,0.34279943182987554,30
within_genus_species,150,trim_5bp,ck4,nearest_centroid,0.33852574059927,0.1584735701376362,0.35096045442536666,30
within_genus_species,150,trim_5bp,ck4_p,logistic,0.3368846256942232,0.1423577748854358,0.35538304574682283,30
within_genus_species,150,trim_5bp,ck4_p,nearest_centroid,0.3382327003062297,0.15820294559381926,0.35096045442536666,30
within_genus_species,150,trim_5bp,ck4p_msp,logistic,0.36084433977519637,0.14003207810480203,0.375630279287658,30
within_genus_species,150,trim_5bp,ck4p_msp,nearest_centroid,0.3378236957305585,0.15865741749622006,0.35061228751373236,30
within_genus_species,150,trim_5bp,ckmer5_count_l2,logistic,0.3303252420237714,0.1341718484880232,0.3575010062750001,30
within_genus_species,150,trim_5bp,ckmer5_count_l2,nearest_centroid,0.3280396724591771,0.13943022881536876,0.3460822826220143,30
