task,label_col,length,condition,model,family,input_name,input_kind,seed,combo_seed,input_shape,n_features,density,n_samples,n_train,n_val,n_test,n_classes,epochs_ran,best_val_loss,final_train_loss,final_val_loss,accuracy,macro_f1
target_background,target_binary,69,clean,mlp_ckmer5,tabular_mlp,ckmer5_count_l2,vector,606,2045,512,512,0.1125,320,168,56,96,2,6,0.7038890719413757,0.1510734769205252,0.8105893731117249,0.53125,0.4909862142099682
target_background,target_binary,69,clean,mlp_csp,tabular_mlp,cspaced_property_l2,vector,606,2042,147,147,0.3912627551020408,320,168,56,96,2,6,0.7265210151672363,0.4950196842352549,0.7516688108444214,0.5625,0.5465587044534412
target_background,target_binary,69,clean,mlp_hybrid,tabular_mlp,hybrid_ckmer5_csp,vector,606,2045,659,659,0.1746822837632776,320,168,56,96,2,6,0.6884204149246216,0.0976063509782155,0.8256038427352905,0.6041666666666666,0.6034782608695652
target_background,target_binary,69,clean,cnn_onehot,cnn1d,onehot,channels,606,2045,5x69,345,0.2,320,168,56,96,2,16,0.6941230893135071,0.6310227711995443,0.6957141160964966,0.59375,0.5901477832512315
target_background,target_binary,69,clean,cnn_property,cnn1d,property,channels,606,2047,5x69,345,0.5995018115942029,320,168,56,96,2,8,0.6934546232223511,0.6821132699648539,0.6941123008728027,0.4791666666666667,0.3823983530622749
target_background,target_binary,69,clean,tiny_transformer_onehot,tiny_transformer,onehot,channels,606,2058,5x69,345,0.2,320,168,56,96,2,13,0.6847065687179565,0.683756560087204,0.689685046672821,0.5,0.4945151382185169
target_background,target_binary,69,clean,tiny_transformer_property,tiny_transformer,property,channels,606,2060,5x69,345,0.5995018115942029,320,168,56,96,2,24,0.6604893803596497,0.6727870106697083,0.6621917486190796,0.5,0.4991304347826087
global_species,label,69,clean,mlp_ckmer5,tabular_mlp,ckmer5_count_l2,vector,606,2006,512,512,0.1122445707934336,731,383,128,220,21,12,2.5441689491271973,0.174526313940684,2.6432130336761475,0.0909090909090909,0.0738958350632697
global_species,label,69,clean,mlp_csp,tabular_mlp,cspaced_property_l2,vector,606,2003,147,147,0.3924639623291177,731,383,128,220,21,19,2.6186723709106445,1.4659440020720165,2.65864372253418,0.1227272727272727,0.1038201642929135
global_species,label,69,clean,mlp_hybrid,tabular_mlp,hybrid_ckmer5_csp,vector,606,2006,659,659,0.1747517795274936,731,383,128,220,21,11,2.522658109664917,0.1462527985374132,2.6945278644561768,0.1181818181818181,0.1035803926067453
global_species,label,69,clean,cnn_onehot,cnn1d,onehot,channels,606,2006,5x69,345,0.2,731,383,128,220,21,24,2.61479926109314,2.48939577738444,2.61479926109314,0.1272727272727272,0.106030020521182
global_species,label,69,clean,cnn_property,cnn1d,property,channels,606,2008,5x69,345,0.6012133468149646,731,383,128,220,21,24,2.585127353668213,2.4082270661989846,2.585127353668213,0.1409090909090909,0.1220170348246893
global_species,label,69,clean,tiny_transformer_onehot,tiny_transformer,onehot,channels,606,2019,5x69,345,0.2,731,383,128,220,21,24,2.486889123916626,2.4818384051322937,2.548677921295166,0.109090909090909,0.0591103509366646
global_species,label,69,clean,tiny_transformer_property,tiny_transformer,property,channels,606,2021,5x69,345,0.6012133468149646,731,383,128,220,21,24,2.4905648231506348,2.4719490011533103,2.491931676864624,0.1318181818181818,0.0840829026062508
within_genus_species:Enterobacter,label,69,clean,mlp_ckmer5,tabular_mlp,ckmer5_count_l2,vector,606,2253,508,508,0.1162317210348706,175,91,31,53,5,11,1.6068129539489746,0.2065835247437159,1.6404783725738523,0.1698113207547169,0.1562881562881563
within_genus_species:Enterobacter,label,69,clean,mlp_csp,tabular_mlp,cspaced_property_l2,vector,606,2250,147,147,0.4043926141885325,175,91,31,53,5,7,1.582289457321167,1.3456885417302449,1.584840178489685,0.1886792452830188,0.1698708827404479
within_genus_species:Enterobacter,label,69,clean,mlp_hybrid,tabular_mlp,hybrid_ckmer5_csp,vector,606,2253,655,655,0.1809029443838604,175,91,31,53,5,7,1.6095354557037354,0.4434937636057536,1.6508463621139526,0.3584905660377358,0.3144669365721997
within_genus_species:Enterobacter,label,69,clean,cnn_onehot,cnn1d,onehot,channels,606,2253,5x69,345,0.2,175,91,31,53,5,24,1.6160001754760742,1.51125963528951,1.6160001754760742,0.2075471698113207,0.1298474945533769
within_genus_species:Enterobacter,label,69,clean,cnn_property,cnn1d,property,channels,606,2255,5x69,345,0.609407867494824,175,91,31,53,5,15,1.6131281852722168,1.577497482299805,1.6135952472686768,0.2075471698113207,0.1384126984126984
within_genus_species:Enterobacter,label,69,clean,tiny_transformer_onehot,tiny_transformer,onehot,channels,606,2266,5x69,345,0.2,175,91,31,53,5,7,1.6132817268371582,1.617039918899536,1.6162095069885254,0.1886792452830188,0.064516129032258
within_genus_species:Enterobacter,label,69,clean,tiny_transformer_property,tiny_transformer,property,channels,606,2268,5x69,345,0.609407867494824,175,91,31,53,5,9,1.613720178604126,1.6074150403340657,1.6184616088867188,0.1886792452830188,0.1081818181818181
target_background,target_binary,69,N_3pct,mlp_ckmer5,tabular_mlp,ckmer5_count_l2,vector,606,2052,512,512,0.098333740234375,320,168,56,96,2,6,0.6936684846878052,0.1427417248487472,0.8857308030128479,0.5520833333333334,0.549689102214465
target_background,target_binary,69,N_3pct,mlp_csp,tabular_mlp,cspaced_property_l2,vector,606,2049,147,147,0.3708545918367347,320,168,56,96,2,6,0.6820946931838989,0.4953118364016215,0.7092851400375366,0.5833333333333334,0.5681511470985156
target_background,target_binary,69,N_3pct,mlp_hybrid,tabular_mlp,hybrid_ckmer5_csp,vector,606,2052,659,659,0.1591236722306525,320,168,56,96,2,6,0.7111835479736328,0.0928431625167528,1.0187638998031616,0.5729166666666666,0.5649386536973582
target_background,target_binary,69,N_3pct,cnn_onehot,cnn1d,onehot,channels,606,2052,5x69,345,0.2,320,168,56,96,2,22,0.6822654008865356,0.583817332983017,0.6833796501159668,0.625,0.6248371689101173
target_background,target_binary,69,N_3pct,cnn_property,cnn1d,property,channels,606,2054,5x69,345,0.5877989130434783,320,168,56,96,2,24,0.6732019186019897,0.5632392565409342,0.6732019186019897,0.5,0.4991304347826087
target_background,target_binary,69,N_3pct,tiny_transformer_onehot,tiny_transformer,onehot,channels,606,2065,5x69,345,0.2,320,168,56,96,2,6,0.6917611956596375,0.679643710454305,0.6968415379524231,0.6354166666666666,0.6344249809596345
target_background,target_binary,69,N_3pct,tiny_transformer_property,tiny_transformer,property,channels,606,2067,5x69,345,0.5877989130434783,320,168,56,96,2,24,0.6855106353759766,0.694307267665863,0.6855106353759766,0.625,0.6
global_species,label,69,N_3pct,mlp_ckmer5,tabular_mlp,ckmer5_count_l2,vector,606,2013,512,512,0.0977631241450068,731,383,128,220,21,11,2.7058420181274414,0.2311510145664215,2.8217337131500244,0.15,0.1264084426873515
global_species,label,69,N_3pct,mlp_csp,tabular_mlp,cspaced_property_l2,vector,606,2010,147,147,0.3713299273197651,731,383,128,220,21,21,2.6142139434814453,1.3894722958405812,2.6473913192749023,0.0954545454545454,0.0880436354984795
global_species,label,69,N_3pct,mlp_hybrid,tabular_mlp,hybrid_ckmer5_csp,vector,606,2013,659,659,0.1587863715906661,731,383,128,220,21,11,2.586338758468628,0.1472932671507199,2.719014883041382,0.1,0.0906040754337967
global_species,label,69,N_3pct,cnn_onehot,cnn1d,onehot,channels,606,2013,5x69,345,0.2,731,383,128,220,21,24,2.513880729675293,2.265328903992971,2.513880729675293,0.0909090909090909,0.077573645906242
global_species,label,69,N_3pct,cnn_property,cnn1d,property,channels,606,2015,5x69,345,0.5895438053886873,731,383,128,220,21,24,2.702791213989258,2.5731868346532187,2.702791213989258,0.1363636363636363,0.094946349973624
global_species,label,69,N_3pct,tiny_transformer_onehot,tiny_transformer,onehot,channels,606,2026,5x69,345,0.2,731,383,128,220,21,24,2.571709156036377,2.4814425905545554,2.593459129333496,0.15,0.096275915941831
global_species,label,69,N_3pct,tiny_transformer_property,tiny_transformer,property,channels,606,2028,5x69,345,0.5895438053886873,731,383,128,220,21,24,2.5632665157318115,2.459719300270081,2.5671348571777344,0.1227272727272727,0.0738150028751532
within_genus_species:Enterobacter,label,69,N_3pct,mlp_ckmer5,tabular_mlp,ckmer5_count_l2,vector,606,2260,508,508,0.1008098987626546,175,91,31,53,5,13,1.5638902187347412,0.1443727314472198,1.5766719579696655,0.1509433962264151,0.1419221129747445
within_genus_species:Enterobacter,label,69,N_3pct,mlp_csp,tabular_mlp,cspaced_property_l2,vector,606,2257,147,147,0.3801360544217687,175,91,31,53,5,8,1.6472809314727783,1.3302212158838909,1.6510809659957886,0.2264150943396226,0.2222011385199241
within_genus_species:Enterobacter,label,69,N_3pct,mlp_hybrid,tabular_mlp,hybrid_ckmer5_csp,vector,606,2260,655,655,0.1634983642311886,175,91,31,53,5,12,1.5524414777755735,0.1035912955800692,1.5727018117904663,0.2075471698113207,0.2024913733609386
within_genus_species:Enterobacter,label,69,N_3pct,cnn_onehot,cnn1d,onehot,channels,606,2260,5x69,345,0.2,175,91,31,53,5,24,1.607972502708435,1.5174380938212078,1.608918070793152,0.1886792452830188,0.064516129032258
within_genus_species:Enterobacter,label,69,N_3pct,cnn_property,cnn1d,property,channels,606,2262,5x69,345,0.5975320910973085,175,91,31,53,5,10,1.613208889961243,1.583359162012736,1.6144614219665527,0.1698113207547169,0.06
within_genus_species:Enterobacter,label,69,N_3pct,tiny_transformer_onehot,tiny_transformer,onehot,channels,606,2273,5x69,345,0.2,175,91,31,53,5,7,1.6087754964828491,1.6108380158742268,1.6104357242584229,0.1698113207547169,0.0972462627852085
within_genus_species:Enterobacter,label,69,N_3pct,tiny_transformer_property,tiny_transformer,property,channels,606,2275,5x69,345,0.5975320910973085,175,91,31,53,5,6,1.6110053062438965,1.6174747943878174,1.6171919107437134,0.1886792452830188,0.0865071770334928
target_background,target_binary,69,substitution_1pct_N_3pct,mlp_ckmer5,tabular_mlp,ckmer5_count_l2,vector,606,2178,512,512,0.098321533203125,320,168,56,96,2,7,0.7487316727638245,0.0768834302822748,0.909906804561615,0.4895833333333333,0.4868550234536926
target_background,target_binary,69,substitution_1pct_N_3pct,mlp_csp,tabular_mlp,cspaced_property_l2,vector,606,2175,147,147,0.3712585034013605,320,168,56,96,2,6,0.6911386251449585,0.5104194184144338,0.6948853135108948,0.65625,0.6553149820476554
target_background,target_binary,69,substitution_1pct_N_3pct,mlp_hybrid,tabular_mlp,hybrid_ckmer5_csp,vector,606,2178,659,659,0.159204286798179,320,168,56,96,2,7,0.7032859921455383,0.0494989765187104,0.8958139419555664,0.5833333333333334,0.5831524099001303
target_background,target_binary,69,substitution_1pct_N_3pct,cnn_onehot,cnn1d,onehot,channels,606,2178,5x69,345,0.2,320,168,56,96,2,24,0.6816374063491821,0.5834875404834747,0.6816374063491821,0.5833333333333334,0.5804195804195804
target_background,target_binary,69,substitution_1pct_N_3pct,cnn_property,cnn1d,property,channels,606,2180,5x69,345,0.5877898550724637,320,168,56,96,2,9,0.6912091374397278,0.6752961476643881,0.6918694376945496,0.5,0.4375
target_background,target_binary,69,substitution_1pct_N_3pct,tiny_transformer_onehot,tiny_transformer,onehot,channels,606,2191,5x69,345,0.2,320,168,56,96,2,13,0.6882277131080627,0.6700125237305959,0.6917237639427185,0.4791666666666667,0.4782608695652174
target_background,target_binary,69,substitution_1pct_N_3pct,tiny_transformer_property,tiny_transformer,property,channels,606,2193,5x69,345,0.5877898550724637,320,168,56,96,2,24,0.6806684732437134,0.6805170675118765,0.6822269558906555,0.5625,0.5607843137254902
global_species,label,69,substitution_1pct_N_3pct,mlp_ckmer5,tabular_mlp,ckmer5_count_l2,vector,606,2139,512,512,0.0982253548221614,731,383,128,220,21,12,2.6012637615203857,0.1756864947577317,2.704549789428711,0.1272727272727272,0.1109555625522012
global_species,label,69,substitution_1pct_N_3pct,mlp_csp,tabular_mlp,cspaced_property_l2,vector,606,2136,147,147,0.3719813506798068,731,383,128,220,21,19,2.6066734790802,1.5050041576226552,2.6300716400146484,0.1045454545454545,0.0875304094412143
global_species,label,69,substitution_1pct_N_3pct,mlp_hybrid,tabular_mlp,hybrid_ckmer5_csp,vector,606,2139,659,659,0.1592908045809988,731,383,128,220,21,10,2.6681785583496094,0.1886542712648709,2.7806382179260254,0.1272727272727272,0.1104793462407446
global_species,label,69,substitution_1pct_N_3pct,cnn_onehot,cnn1d,onehot,channels,606,2139,5x69,345,0.2,731,383,128,220,21,24,2.564617156982422,2.307667990525564,2.564617156982422,0.0909090909090909,0.0786306691678517
global_species,label,69,substitution_1pct_N_3pct,cnn_property,cnn1d,property,channels,606,2141,5x69,345,0.5895636313170364,731,383,128,220,21,24,2.5671610832214355,2.413313627243042,2.5671610832214355,0.1318181818181818,0.1055622120973362
global_species,label,69,substitution_1pct_N_3pct,tiny_transformer_onehot,tiny_transformer,onehot,channels,606,2152,5x69,345,0.2,731,383,128,220,21,24,2.449782133102417,2.482105155785878,2.449782133102417,0.1045454545454545,0.0593050160450386
global_species,label,69,substitution_1pct_N_3pct,tiny_transformer_property,tiny_transformer,property,channels,606,2154,5x69,345,0.5895636313170364,731,383,128,220,21,24,2.5440964698791504,2.4588924646377563,2.5808794498443604,0.1772727272727272,0.0950674029491763
within_genus_species:Enterobacter,label,69,substitution_1pct_N_3pct,mlp_ckmer5,tabular_mlp,ckmer5_count_l2,vector,606,2386,508,508,0.1012260967379077,175,91,31,53,5,8,1.6336519718170166,0.4434987306594848,1.6720079183578491,0.2075471698113207,0.1736796536796536
within_genus_species:Enterobacter,label,69,substitution_1pct_N_3pct,mlp_csp,tabular_mlp,cspaced_property_l2,vector,606,2383,147,147,0.3807968901846453,175,91,31,53,5,10,1.621399164199829,1.1805763244628906,1.6257765293121338,0.1886792452830188,0.1278569642410602
within_genus_species:Enterobacter,label,69,substitution_1pct_N_3pct,mlp_hybrid,tabular_mlp,hybrid_ckmer5_csp,vector,606,2386,655,655,0.1639694656488549,175,91,31,53,5,8,1.6678904294967651,0.3167049487431844,1.7072677612304688,0.1698113207547169,0.1419047619047619
within_genus_species:Enterobacter,label,69,substitution_1pct_N_3pct,cnn_onehot,cnn1d,onehot,channels,606,2386,5x69,345,0.2,175,91,31,53,5,7,1.6106549501419067,1.5819731950759888,1.611134648323059,0.1698113207547169,0.0969963369963369
within_genus_species:Enterobacter,label,69,substitution_1pct_N_3pct,cnn_property,cnn1d,property,channels,606,2388,5x69,345,0.5975320910973085,175,91,31,53,5,11,1.610368013381958,1.5747844378153484,1.6113847494125366,0.1698113207547169,0.0947517730496454
within_genus_species:Enterobacter,label,69,substitution_1pct_N_3pct,tiny_transformer_onehot,tiny_transformer,onehot,channels,606,2399,5x69,345,0.2,175,91,31,53,5,7,1.6184217929840088,1.6006440718968709,1.6251405477523804,0.2075471698113207,0.1480367585630743
within_genus_species:Enterobacter,label,69,substitution_1pct_N_3pct,tiny_transformer_property,tiny_transformer,property,channels,606,2401,5x69,345,0.5975320910973085,175,91,31,53,5,24,1.6052944660186768,1.5927119255065918,1.6052944660186768,0.2264150943396226,0.1840993788819875
target_background,target_binary,75,clean,mlp_ckmer5,tabular_mlp,ckmer5_count_l2,vector,606,2147,512,512,0.121337890625,320,168,56,96,2,6,0.7569603323936462,0.1305879441400369,0.9819031953811646,0.5416666666666666,0.5366388767003072
target_background,target_binary,75,clean,mlp_csp,tabular_mlp,cspaced_property_l2,vector,606,2144,147,147,0.4126913265306122,320,168,56,96,2,14,0.6227632761001587,0.3433986256519953,0.6474580764770508,0.5520833333333334,0.5508649766075508
target_background,target_binary,75,clean,mlp_hybrid,tabular_mlp,hybrid_ckmer5_csp,vector,606,2147,659,659,0.1863287177541729,320,168,56,96,2,6,0.7076128721237183,0.0947785185029109,0.899888813495636,0.4583333333333333,0.4428571428571428
target_background,target_binary,75,clean,cnn_onehot,cnn1d,onehot,channels,606,2147,5x75,375,0.2,320,168,56,96,2,24,0.6811643242835999,0.6072146892547607,0.6811643242835999,0.5208333333333334,0.5132275132275133
target_background,target_binary,75,clean,cnn_property,cnn1d,property,channels,606,2149,5x75,375,0.6031583333333334,320,168,56,96,2,8,0.6933345794677734,0.6795666515827179,0.6938355565071106,0.5208333333333334,0.5071428571428571
target_background,target_binary,75,clean,tiny_transformer_onehot,tiny_transformer,onehot,channels,606,2160,5x75,375,0.2,320,168,56,96,2,10,0.6926606893539429,0.6901035209496816,0.6943251490592957,0.5,0.4891352549889135
target_background,target_binary,75,clean,tiny_transformer_property,tiny_transformer,property,channels,606,2162,5x75,375,0.6031583333333334,320,168,56,96,2,24,0.6404519081115723,0.6636844078699747,0.6452263593673706,0.4375,0.4352941176470588
global_species,label,75,clean,mlp_ckmer5,tabular_mlp,ckmer5_count_l2,vector,606,2108,512,512,0.1214001747953615,733,384,129,220,21,12,2.5391721725463867,0.1731309170524279,2.665088176727295,0.1227272727272727,0.1067620660304255
global_species,label,75,clean,mlp_csp,tabular_mlp,cspaced_property_l2,vector,606,2105,147,147,0.4115599855221761,733,384,129,220,21,17,2.721184492111206,1.6684045791625977,2.7499985694885254,0.1136363636363636,0.090057600351718
global_species,label,75,clean,mlp_hybrid,tabular_mlp,hybrid_ckmer5_csp,vector,606,2108,659,659,0.1861247456251669,733,384,129,220,21,10,2.544886350631714,0.200599572310845,2.663105726242065,0.0954545454545454,0.0775592399924531
global_species,label,75,clean,cnn_onehot,cnn1d,onehot,channels,606,2108,5x75,375,0.2,733,384,129,220,21,24,2.52095365524292,2.386448880036672,2.52095365524292,0.1227272727272727,0.1005055143189017
global_species,label,75,clean,cnn_property,cnn1d,property,channels,606,2110,5x75,375,0.6023756252842201,733,384,129,220,21,24,2.620497941970825,2.470310151576996,2.624098300933838,0.1454545454545454,0.126112923460603
global_species,label,75,clean,tiny_transformer_onehot,tiny_transformer,onehot,channels,606,2121,5x75,375,0.2,733,384,129,220,21,24,2.531080961227417,2.5101919770240784,2.5501904487609863,0.1409090909090909,0.0965626501730188
global_species,label,75,clean,tiny_transformer_property,tiny_transformer,property,channels,606,2123,5x75,375,0.6023756252842201,733,384,129,220,21,24,2.562392473220825,2.4835224747657776,2.5709595680236816,0.1318181818181818,0.0770926332934402
within_genus_species:Enterobacter,label,75,clean,mlp_ckmer5,tabular_mlp,ckmer5_count_l2,vector,606,2355,511,511,0.1249538719597428,175,91,31,53,5,8,1.5858405828475952,0.4318465491135915,1.6251693964004517,0.2264150943396226,0.1716666666666667
within_genus_species:Enterobacter,label,75,clean,mlp_csp,tabular_mlp,cspaced_property_l2,vector,606,2352,147,147,0.4242565597667638,175,91,31,53,5,14,1.601896047592163,1.1011494795481365,1.602853298187256,0.2641509433962264,0.2325757575757575
within_genus_species:Enterobacter,label,75,clean,mlp_hybrid,tabular_mlp,hybrid_ckmer5_csp,vector,606,2355,658,658,0.19181936604429,175,91,31,53,5,8,1.6218971014022827,0.2548710306485494,1.664799451828003,0.2264150943396226,0.2267113931072741
within_genus_species:Enterobacter,label,75,clean,cnn_onehot,cnn1d,onehot,channels,606,2355,5x75,375,0.2,175,91,31,53,5,9,1.609338402748108,1.567171295483907,1.6103758811950684,0.1509433962264151,0.0775757575757575
within_genus_species:Enterobacter,label,75,clean,cnn_property,cnn1d,property,channels,606,2357,5x75,375,0.6124495238095238,175,91,31,53,5,24,1.606612205505371,1.5547749201456706,1.606612205505371,0.1320754716981132,0.0491228070175438
within_genus_species:Enterobacter,label,75,clean,tiny_transformer_onehot,tiny_transformer,onehot,channels,606,2368,5x75,375,0.2,175,91,31,53,5,24,1.605091571807861,1.6032323837280271,1.6091817617416382,0.2075471698113207,0.1521739130434782
within_genus_species:Enterobacter,label,75,clean,tiny_transformer_property,tiny_transformer,property,channels,606,2370,5x75,375,0.6124495238095238,175,91,31,53,5,6,1.6049363613128662,1.6050153573354085,1.6068445444107056,0.2075471698113207,0.1445375494071146
target_background,target_binary,75,N_3pct,mlp_ckmer5,tabular_mlp,ckmer5_count_l2,vector,606,2154,512,512,0.10726318359375,320,168,56,96,2,7,0.655445396900177,0.1073221166928609,0.7585301995277405,0.5729166666666666,0.5622288955622289
target_background,target_binary,75,N_3pct,mlp_csp,tabular_mlp,cspaced_property_l2,vector,606,2151,147,147,0.3919430272108843,320,168,56,96,2,15,0.6505507826805115,0.3331219007571538,0.6824411153793335,0.53125,0.52997497551953
target_background,target_binary,75,N_3pct,mlp_hybrid,tabular_mlp,hybrid_ckmer5_csp,vector,606,2154,659,659,0.1707653641881638,320,168,56,96,2,7,0.6665163040161133,0.0734449047595262,0.7574909925460815,0.53125,0.52997497551953
target_background,target_binary,75,N_3pct,cnn_onehot,cnn1d,onehot,channels,606,2154,5x75,375,0.2,320,168,56,96,2,24,0.687045156955719,0.5942797561486562,0.687362551689148,0.6041666666666666,0.5998244844229925
target_background,target_binary,75,N_3pct,cnn_property,cnn1d,property,channels,606,2156,5x75,375,0.5923166666666667,320,168,56,96,2,24,0.6875186562538147,0.6327939331531525,0.6927910447120667,0.5104166666666666,0.5012711396042887
target_background,target_binary,75,N_3pct,tiny_transformer_onehot,tiny_transformer,onehot,channels,606,2167,5x75,375,0.2,320,168,56,96,2,24,0.6808220148086548,0.6632527808348337,0.6808220148086548,0.4895833333333333,0.4895279435702658
target_background,target_binary,75,N_3pct,tiny_transformer_property,tiny_transformer,property,channels,606,2169,5x75,375,0.5923166666666667,320,168,56,96,2,24,0.6654178500175476,0.6840729216734568,0.6656784415245056,0.53125,0.530791788856305
global_species,label,75,N_3pct,mlp_ckmer5,tabular_mlp,ckmer5_count_l2,vector,606,2115,512,512,0.1071287730218281,733,384,129,220,21,12,2.5810787677764893,0.168491485218207,2.67858362197876,0.0909090909090909,0.0761900725338732
global_species,label,75,N_3pct,mlp_csp,tabular_mlp,cspaced_property_l2,vector,606,2112,147,147,0.3911054189752299,733,384,129,220,21,17,2.6030824184417725,1.665108601252238,2.623942613601685,0.1,0.0854232589850848
global_species,label,75,N_3pct,mlp_hybrid,tabular_mlp,hybrid_ckmer5_csp,vector,606,2115,659,659,0.1704740946533153,733,384,129,220,21,11,2.495275020599365,0.1362832728773355,2.5918686389923096,0.1045454545454545,0.0909634143259977
global_species,label,75,N_3pct,cnn_onehot,cnn1d,onehot,channels,606,2115,5x75,375,0.2,733,384,129,220,21,24,2.632333755493164,2.4116735061009726,2.632333755493164,0.1136363636363636,0.0925020314487765
global_species,label,75,N_3pct,cnn_property,cnn1d,property,channels,606,2117,5x75,375,0.5915743519781719,733,384,129,220,21,24,2.6141903400421143,2.411968727906545,2.6141903400421143,0.1,0.0885980647690219
global_species,label,75,N_3pct,tiny_transformer_onehot,tiny_transformer,onehot,channels,606,2128,5x75,375,0.2,733,384,129,220,21,24,2.5526328086853027,2.5293623010317483,2.5526328086853027,0.1181818181818181,0.0891539809396952
global_species,label,75,N_3pct,tiny_transformer_property,tiny_transformer,property,channels,606,2130,5x75,375,0.5915743519781719,733,384,129,220,21,24,2.589829206466675,2.502524177233378,2.5940091609954834,0.1136363636363636,0.072490755162529
within_genus_species:Enterobacter,label,75,N_3pct,mlp_ckmer5,tabular_mlp,ckmer5_count_l2,vector,606,2362,510,510,0.1103081232492997,175,91,31,53,5,9,1.6338659524917605,0.3459454079469045,1.6502172946929932,0.1132075471698113,0.0807207207207207
within_genus_species:Enterobacter,label,75,N_3pct,mlp_csp,tabular_mlp,cspaced_property_l2,vector,606,2359,147,147,0.4025267249757046,175,91,31,53,5,19,1.606426239013672,0.8302152554194132,1.610160231590271,0.2075471698113207,0.1883760683760683
within_genus_species:Enterobacter,label,75,N_3pct,mlp_hybrid,tabular_mlp,hybrid_ckmer5_csp,vector,606,2362,657,657,0.1756903674711893,175,91,31,53,5,7,1.577985167503357,0.3485508660475413,1.6234500408172607,0.1698113207547169,0.1519813519813519
within_genus_species:Enterobacter,label,75,N_3pct,cnn_onehot,cnn1d,onehot,channels,606,2362,5x75,375,0.2,175,91,31,53,5,24,1.596300721168518,1.5042695999145508,1.596300721168518,0.3396226415094339,0.3315032679738562
within_genus_species:Enterobacter,label,75,N_3pct,cnn_property,cnn1d,property,channels,606,2364,5x75,375,0.6013104761904762,175,91,31,53,5,24,1.5960044860839844,1.5234918196996052,1.5960044860839844,0.2264150943396226,0.1503196930946291
within_genus_species:Enterobacter,label,75,N_3pct,tiny_transformer_onehot,tiny_transformer,onehot,channels,606,2375,5x75,375,0.2,175,91,31,53,5,24,1.6112428903579712,1.6014127731323242,1.6112428903579712,0.2075471698113207,0.1588235294117647
within_genus_species:Enterobacter,label,75,N_3pct,tiny_transformer_property,tiny_transformer,property,channels,606,2377,5x75,375,0.6013104761904762,175,91,31,53,5,8,1.611230731010437,1.6104076306025188,1.6120461225509644,0.2075471698113207,0.1146666666666666
target_background,target_binary,75,substitution_1pct_N_3pct,mlp_ckmer5,tabular_mlp,ckmer5_count_l2,vector,606,2280,512,512,0.1073486328125,320,168,56,96,2,7,0.6721047163009644,0.1180216607948144,0.6989036202430725,0.5104166666666666,0.510363537710255
target_background,target_binary,75,substitution_1pct_N_3pct,mlp_csp,tabular_mlp,cspaced_property_l2,vector,606,2277,147,147,0.3927933673469387,320,168,56,96,2,13,0.6663740277290344,0.371976042787234,0.671879768371582,0.6354166666666666,0.6334678738954947
target_background,target_binary,75,substitution_1pct_N_3pct,mlp_hybrid,tabular_mlp,hybrid_ckmer5_csp,vector,606,2280,659,659,0.1710214339908952,320,168,56,96,2,8,0.655061662197113,0.0415738628556331,0.7035638093948364,0.53125,0.5287444092942075
target_background,target_binary,75,substitution_1pct_N_3pct,cnn_onehot,cnn1d,onehot,channels,606,2280,5x75,375,0.2,320,168,56,96,2,24,0.6783486604690552,0.5741138855616251,0.6783486604690552,0.5416666666666666,0.5414676508901433
target_background,target_binary,75,substitution_1pct_N_3pct,cnn_property,cnn1d,property,channels,606,2282,5x75,375,0.5921083333333333,320,168,56,96,2,14,0.6891322731971741,0.6612419386704763,0.69061678647995,0.5520833333333334,0.537582614540159
target_background,target_binary,75,substitution_1pct_N_3pct,tiny_transformer_onehot,tiny_transformer,onehot,channels,606,2293,5x75,375,0.2,320,168,56,96,2,7,0.6924518346786499,0.6796837449073792,0.6990877389907837,0.46875,0.464039408866995
target_background,target_binary,75,substitution_1pct_N_3pct,tiny_transformer_property,tiny_transformer,property,channels,606,2295,5x75,375,0.5921083333333333,320,168,56,96,2,24,0.6654126048088074,0.667086144288381,0.6654126048088074,0.5416666666666666,0.5366388767003072
global_species,label,75,substitution_1pct_N_3pct,mlp_ckmer5,tabular_mlp,ckmer5_count_l2,vector,606,2241,512,512,0.1077229706684856,733,384,129,220,21,11,2.7499754428863525,0.2212760920325915,2.934498071670532,0.1181818181818181,0.1001218546983958
global_species,label,75,substitution_1pct_N_3pct,mlp_csp,tabular_mlp,cspaced_property_l2,vector,606,2238,147,147,0.3925624820187283,733,384,129,220,21,22,2.49391770362854,1.2848091622193654,2.5254085063934326,0.1,0.0907934269824289
global_species,label,75,substitution_1pct_N_3pct,mlp_hybrid,tabular_mlp,hybrid_ckmer5_csp,vector,606,2241,659,659,0.1712607675857628,733,384,129,220,21,10,2.673553705215454,0.1905694777766863,2.8368825912475586,0.1227272727272727,0.1038112556916683
global_species,label,75,substitution_1pct_N_3pct,cnn_onehot,cnn1d,onehot,channels,606,2241,5x75,375,0.2,733,384,129,220,21,24,2.6545143127441406,2.3811368147532144,2.6588799953460693,0.0954545454545454,0.0713628830088457
global_species,label,75,substitution_1pct_N_3pct,cnn_property,cnn1d,property,channels,606,2243,5x75,375,0.5913778990450205,733,384,129,220,21,24,2.6190109252929688,2.487309575080872,2.6190109252929688,0.109090909090909,0.0931017216270672
global_species,label,75,substitution_1pct_N_3pct,tiny_transformer_onehot,tiny_transformer,onehot,channels,606,2254,5x75,375,0.2,733,384,129,220,21,24,2.500258207321167,2.444997032483419,2.513239622116089,0.1590909090909091,0.1018121936858996
global_species,label,75,substitution_1pct_N_3pct,tiny_transformer_property,tiny_transformer,property,channels,606,2256,5x75,375,0.5913778990450205,733,384,129,220,21,24,2.51794695854187,2.471669614315033,2.51794695854187,0.1272727272727272,0.0627944369077374
within_genus_species:Enterobacter,label,75,substitution_1pct_N_3pct,mlp_ckmer5,tabular_mlp,ckmer5_count_l2,vector,606,2488,511,511,0.1102488118535085,175,91,31,53,5,6,1.639311671257019,0.687230388323466,1.6785181760787964,0.2452830188679245,0.2225518341307815
within_genus_species:Enterobacter,label,75,substitution_1pct_N_3pct,mlp_csp,tabular_mlp,cspaced_property_l2,vector,606,2485,147,147,0.4026433430515063,175,91,31,53,5,8,1.6895376443862915,1.2681788206100464,1.7038116455078125,0.1698113207547169,0.1264957264957265
within_genus_species:Enterobacter,label,75,substitution_1pct_N_3pct,mlp_hybrid,tabular_mlp,hybrid_ckmer5_csp,vector,606,2488,658,658,0.1755709943551889,175,91,31,53,5,6,1.640212059020996,0.5158046384652456,1.679457426071167,0.1698113207547169,0.1356313861577019
within_genus_species:Enterobacter,label,75,substitution_1pct_N_3pct,cnn_onehot,cnn1d,onehot,channels,606,2488,5x75,375,0.2,175,91,31,53,5,24,1.606167554855347,1.5139122009277344,1.606167554855347,0.2452830188679245,0.1638888888888889
within_genus_species:Enterobacter,label,75,substitution_1pct_N_3pct,cnn_property,cnn1d,property,channels,606,2490,5x75,375,0.6009904761904762,175,91,31,53,5,7,1.607483148574829,1.59063454469045,1.6083091497421265,0.1320754716981132,0.0509090909090909
within_genus_species:Enterobacter,label,75,substitution_1pct_N_3pct,tiny_transformer_onehot,tiny_transformer,onehot,channels,606,2501,5x75,375,0.2,175,91,31,53,5,11,1.614663004875183,1.6165600220362346,1.6179227828979492,0.1886792452830188,0.064516129032258
within_genus_species:Enterobacter,label,75,substitution_1pct_N_3pct,tiny_transformer_property,tiny_transformer,property,channels,606,2503,5x75,375,0.6009904761904762,175,91,31,53,5,18,1.6070456504821775,1.5989460547765095,1.607812523841858,0.1132075471698113,0.0809523809523809
target_background,target_binary,100,clean,mlp_ckmer5,tabular_mlp,ckmer5_count_l2,vector,606,2572,512,512,0.15740966796875,320,168,56,96,2,6,0.6835908889770508,0.1396392360329628,0.7965803146362305,0.65625,0.6498286724881177
target_background,target_binary,100,clean,mlp_csp,tabular_mlp,cspaced_property_l2,vector,606,2569,147,147,0.4920918367346938,320,168,56,96,2,6,0.7091215252876282,0.5356511225303014,0.7272607684135437,0.5208333333333334,0.52
target_background,target_binary,100,clean,mlp_hybrid,tabular_mlp,hybrid_ckmer5_csp,vector,606,2572,659,659,0.2320656297420333,320,168,56,96,2,6,0.7304501533508301,0.1150164815286795,0.8877431750297546,0.6666666666666666,0.6665219279201042
target_background,target_binary,100,clean,cnn_onehot,cnn1d,onehot,channels,606,2572,5x100,500,0.2,320,168,56,96,2,24,0.6909149885177612,0.584115078051885,0.6920508146286011,0.6770833333333334,0.6767676767676767
target_background,target_binary,100,clean,cnn_property,cnn1d,property,channels,606,2574,5x100,500,0.60209375,320,168,56,96,2,24,0.6817907094955444,0.6382607320944468,0.6824749112129211,0.6354166666666666,0.6350602802215706
target_background,target_binary,100,clean,tiny_transformer_onehot,tiny_transformer,onehot,channels,606,2585,5x100,500,0.2,320,168,56,96,2,14,0.6795998811721802,0.6490867336591085,0.6829176545143127,0.5729166666666666,0.5728703201302224
target_background,target_binary,100,clean,tiny_transformer_property,tiny_transformer,property,channels,606,2587,5x100,500,0.60209375,320,168,56,96,2,24,0.6111107468605042,0.6873876750469208,0.6111107468605042,0.5729166666666666,0.5724991854024112
global_species,label,100,clean,mlp_ckmer5,tabular_mlp,ckmer5_count_l2,vector,606,2533,512,512,0.1584874574829932,735,385,129,221,21,12,2.5740981101989746,0.2834729093771714,2.6766483783721924,0.1312217194570135,0.1191021410305675
global_species,label,100,clean,mlp_csp,tabular_mlp,cspaced_property_l2,vector,606,2530,147,147,0.494960433152853,735,385,129,221,21,22,2.544622898101806,1.6119826848690326,2.580452442169189,0.090497737556561,0.0620386308669516
global_species,label,100,clean,mlp_hybrid,tabular_mlp,hybrid_ckmer5_csp,vector,606,2533,659,659,0.2335428860466796,735,385,129,221,21,10,2.501080274581909,0.3067851868959573,2.547454357147217,0.1583710407239819,0.1349156798845061
global_species,label,100,clean,cnn_onehot,cnn1d,onehot,channels,606,2533,5x100,500,0.2,735,385,129,221,21,24,2.686580181121826,2.649434419778677,2.686580181121826,0.1040723981900452,0.0425031973075882
global_species,label,100,clean,cnn_property,cnn1d,property,channels,606,2535,5x100,500,0.6009551020408164,735,385,129,221,21,24,2.6515133380889893,2.629133903063261,2.6515133380889893,0.1085972850678733,0.0617868623599476
global_species,label,100,clean,tiny_transformer_onehot,tiny_transformer,onehot,channels,606,2546,5x100,500,0.2,735,385,129,221,21,24,2.555335283279419,2.5497192786290097,2.571747303009033,0.1266968325791855,0.0637243625308416
global_species,label,100,clean,tiny_transformer_property,tiny_transformer,property,channels,606,2548,5x100,500,0.6009551020408164,735,385,129,221,21,24,2.603076219558716,2.526388791891245,2.626430034637451,0.1357466063348416,0.0697393273767176
within_genus_species:Enterobacter,label,100,clean,mlp_ckmer5,tabular_mlp,ckmer5_count_l2,vector,606,2780,510,510,0.1639103641456582,175,91,31,53,5,12,1.5378005504608154,0.1603338569402694,1.555148959159851,0.2075471698113207,0.2012005012531328
within_genus_species:Enterobacter,label,100,clean,mlp_csp,tabular_mlp,cspaced_property_l2,vector,606,2777,147,147,0.5084936831875607,175,91,31,53,5,13,1.6630388498306274,1.110097924868266,1.6708879470825195,0.2641509433962264,0.2659405779405779
within_genus_species:Enterobacter,label,100,clean,mlp_hybrid,tabular_mlp,hybrid_ckmer5_csp,vector,606,2780,657,657,0.2410089149815177,175,91,31,53,5,6,1.6292835474014282,0.4989313582579295,1.654498815536499,0.2452830188679245,0.2446886446886447
within_genus_species:Enterobacter,label,100,clean,cnn_onehot,cnn1d,onehot,channels,606,2780,5x100,500,0.2,175,91,31,53,5,6,1.6070261001586914,1.5864157279332478,1.608843445777893,0.2075471698113207,0.1252279635258358
within_genus_species:Enterobacter,label,100,clean,cnn_property,cnn1d,property,channels,606,2782,5x100,500,0.6121257142857143,175,91,31,53,5,6,1.6095900535583496,1.590086579322815,1.610992193222046,0.2075471698113207,0.06875
within_genus_species:Enterobacter,label,100,clean,tiny_transformer_onehot,tiny_transformer,onehot,channels,606,2793,5x100,500,0.2,175,91,31,53,5,6,1.6189764738082886,1.6047865947087605,1.6200082302093506,0.2264150943396226,0.1548107615139078
within_genus_species:Enterobacter,label,100,clean,tiny_transformer_property,tiny_transformer,property,channels,606,2795,5x100,500,0.6121257142857143,175,91,31,53,5,18,1.6151634454727173,1.5989349683125813,1.6195095777511597,0.1698113207547169,0.1216450216450216
target_background,target_binary,100,N_3pct,mlp_ckmer5,tabular_mlp,ckmer5_count_l2,vector,606,2579,512,512,0.137835693359375,320,168,56,96,2,6,0.6841391324996948,0.1372379573682944,0.7744938135147095,0.6145833333333334,0.6049382716049383
target_background,target_binary,100,N_3pct,mlp_csp,tabular_mlp,cspaced_property_l2,vector,606,2576,147,147,0.4667304421768707,320,168,56,96,2,9,0.6446584463119507,0.4682523806889851,0.6813985705375671,0.5625,0.5623100303951367
target_background,target_binary,100,N_3pct,mlp_hybrid,tabular_mlp,hybrid_ckmer5_csp,vector,606,2579,659,659,0.2112006828528072,320,168,56,96,2,6,0.6502262949943542,0.1085051087041695,0.8137603998184204,0.53125,0.5195195195195195
target_background,target_binary,100,N_3pct,cnn_onehot,cnn1d,onehot,channels,606,2579,5x100,500,0.2,320,168,56,96,2,24,0.6593960523605347,0.5555405914783478,0.6593960523605347,0.59375,0.5937059142702116
target_background,target_binary,100,N_3pct,cnn_property,cnn1d,property,channels,606,2581,5x100,500,0.5899875,320,168,56,96,2,24,0.6632580161094666,0.5886922478675842,0.6641842126846313,0.5520833333333334,0.5338226990400904
target_background,target_binary,100,N_3pct,tiny_transformer_onehot,tiny_transformer,onehot,channels,606,2592,5x100,500,0.2,320,168,56,96,2,22,0.6364558339118958,0.6674395799636841,0.6427747011184692,0.5625,0.5607843137254902
target_background,target_binary,100,N_3pct,tiny_transformer_property,tiny_transformer,property,channels,606,2594,5x100,500,0.5899875,320,168,56,96,2,24,0.6213456988334656,0.6816210349400839,0.6213456988334656,0.59375,0.5915784880549798
global_species,label,100,N_3pct,mlp_ckmer5,tabular_mlp,ckmer5_count_l2,vector,606,2540,512,512,0.1386027848639456,735,385,129,221,21,13,2.557248115539551,0.2162875134784441,2.633399724960327,0.1402714932126696,0.1260441046151888
global_species,label,100,N_3pct,mlp_csp,tabular_mlp,cspaced_property_l2,vector,606,2537,147,147,0.468351149983803,735,385,129,221,21,22,2.4915859699249268,1.6891035116635835,2.516956329345703,0.1628959276018099,0.1422868550048454
global_species,label,100,N_3pct,mlp_hybrid,tabular_mlp,hybrid_ckmer5_csp,vector,606,2540,659,659,0.212158186491592,735,385,129,221,21,11,2.477349042892456,0.236890184191557,2.560194969177246,0.1266968325791855,0.1223722018521077
global_species,label,100,N_3pct,cnn_onehot,cnn1d,onehot,channels,606,2540,5x100,500,0.2,735,385,129,221,21,24,2.675074577331543,2.5469577679267297,2.675074577331543,0.1176470588235294,0.068894414720186
global_species,label,100,N_3pct,cnn_property,cnn1d,property,channels,606,2542,5x100,500,0.5890122448979592,735,385,129,221,21,24,2.7874324321746826,2.7004522543687086,2.7874324321746826,0.1131221719457013,0.0482420792588213
global_species,label,100,N_3pct,tiny_transformer_onehot,tiny_transformer,onehot,channels,606,2553,5x100,500,0.2,735,385,129,221,21,24,2.5555615425109863,2.505577564239502,2.587770938873291,0.1493212669683258,0.0894173662867838
global_species,label,100,N_3pct,tiny_transformer_property,tiny_transformer,property,channels,606,2555,5x100,500,0.5890122448979592,735,385,129,221,21,24,2.5450363159179688,2.535166318599994,2.575201749801636,0.1266968325791855,0.0623126751578132
within_genus_species:Enterobacter,label,100,N_3pct,mlp_ckmer5,tabular_mlp,ckmer5_count_l2,vector,606,2787,510,510,0.1426330532212885,175,91,31,53,5,6,1.6869844198226929,0.6178981264432272,1.7258079051971436,0.1698113207547169,0.1601098901098901
within_genus_species:Enterobacter,label,100,N_3pct,mlp_csp,tabular_mlp,cspaced_property_l2,vector,606,2784,147,147,0.4793002915451895,175,91,31,53,5,6,1.6953555345535278,1.4244832595189412,1.7297160625457764,0.2452830188679245,0.1898717948717948
within_genus_species:Enterobacter,label,100,N_3pct,mlp_hybrid,tabular_mlp,hybrid_ckmer5_csp,vector,606,2787,657,657,0.2179604261796042,175,91,31,53,5,6,1.669967770576477,0.4970870713392893,1.71168315410614,0.2264150943396226,0.2053886469329002
within_genus_species:Enterobacter,label,100,N_3pct,cnn_onehot,cnn1d,onehot,channels,606,2787,5x100,500,0.2,175,91,31,53,5,12,1.609148383140564,1.5630618731180828,1.6122097969055176,0.2075471698113207,0.1774688057040997
within_genus_species:Enterobacter,label,100,N_3pct,cnn_property,cnn1d,property,channels,606,2789,5x100,500,0.5997942857142857,175,91,31,53,5,7,1.6095255613327026,1.584145148595174,1.6128240823745728,0.1886792452830188,0.0634920634920634
within_genus_species:Enterobacter,label,100,N_3pct,tiny_transformer_onehot,tiny_transformer,onehot,channels,606,2800,5x100,500,0.2,175,91,31,53,5,13,1.6151913404464722,1.606941779454549,1.6191967725753784,0.2264150943396226,0.1696428571428571
within_genus_species:Enterobacter,label,100,N_3pct,tiny_transformer_property,tiny_transformer,property,channels,606,2802,5x100,500,0.5997942857142857,175,91,31,53,5,24,1.6087677478790283,1.6053082545598347,1.613220453262329,0.1320754716981132,0.0809523809523809
target_background,target_binary,100,substitution_1pct_N_3pct,mlp_ckmer5,tabular_mlp,ckmer5_count_l2,vector,606,2705,512,512,0.138116455078125,320,168,56,96,2,6,0.6692605018615723,0.1719517012437184,0.8084086775779724,0.5104166666666666,0.4747992084739844
target_background,target_binary,100,substitution_1pct_N_3pct,mlp_csp,tabular_mlp,cspaced_property_l2,vector,606,2702,147,147,0.4655612244897959,320,168,56,96,2,6,0.7166484594345093,0.5354733020067215,0.8020882606506348,0.5833333333333334,0.5714285714285714
target_background,target_binary,100,substitution_1pct_N_3pct,mlp_hybrid,tabular_mlp,hybrid_ckmer5_csp,vector,606,2705,659,659,0.211158004552352,320,168,56,96,2,6,0.7225398421287537,0.1090913278361161,0.9421018958091736,0.6145833333333334,0.6142065819485174
target_background,target_binary,100,substitution_1pct_N_3pct,cnn_onehot,cnn1d,onehot,channels,606,2705,5x100,500,0.2,320,168,56,96,2,24,0.6735478043556213,0.5753906865914663,0.6742727160453796,0.6145833333333334,0.6145415084102008
target_background,target_binary,100,substitution_1pct_N_3pct,cnn_property,cnn1d,property,channels,606,2707,5x100,500,0.5899125,320,168,56,96,2,24,0.6824327111244202,0.6259451905886332,0.6905900239944458,0.6354166666666666,0.6205533596837944
target_background,target_binary,100,substitution_1pct_N_3pct,tiny_transformer_onehot,tiny_transformer,onehot,channels,606,2718,5x100,500,0.2,320,168,56,96,2,15,0.691614031791687,0.6683715184529623,0.6964209675788879,0.6354166666666666,0.6350602802215706
target_background,target_binary,100,substitution_1pct_N_3pct,tiny_transformer_property,tiny_transformer,property,channels,606,2720,5x100,500,0.5899125,320,168,56,96,2,22,0.6359887719154358,0.6669696569442749,0.6480485796928406,0.6354166666666666,0.6334678738954947
global_species,label,100,substitution_1pct_N_3pct,mlp_ckmer5,tabular_mlp,ckmer5_count_l2,vector,606,2666,512,512,0.1386639030612245,735,385,129,221,21,12,2.621689796447754,0.2829230920626567,2.7262072563171387,0.1447963800904977,0.126035120425444
global_species,label,100,substitution_1pct_N_3pct,mlp_csp,tabular_mlp,cspaced_property_l2,vector,606,2663,147,147,0.4685640242491554,735,385,129,221,21,23,2.5713679790496826,1.5105943496410663,2.595854520797729,0.1402714932126696,0.1163457587841824
global_species,label,100,substitution_1pct_N_3pct,mlp_hybrid,tabular_mlp,hybrid_ckmer5_csp,vector,606,2666,659,659,0.2122531561941923,735,385,129,221,21,10,2.581498622894287,0.2930532636550756,2.708284378051758,0.1447963800904977,0.1314445841032337
global_species,label,100,substitution_1pct_N_3pct,cnn_onehot,cnn1d,onehot,channels,606,2666,5x100,500,0.2,735,385,129,221,21,24,2.665654182434082,2.547719350227943,2.665654182434082,0.0814479638009049,0.0269156551509492
global_species,label,100,substitution_1pct_N_3pct,cnn_property,cnn1d,property,channels,606,2668,5x100,500,0.5889931972789115,735,385,129,221,21,24,2.925337314605713,2.806829929351806,2.925337314605713,0.0814479638009049,0.0356059061052913
global_species,label,100,substitution_1pct_N_3pct,tiny_transformer_onehot,tiny_transformer,onehot,channels,606,2679,5x100,500,0.2,735,385,129,221,21,24,2.57330060005188,2.48322661106403,2.582291603088379,0.1131221719457013,0.0464590553128852
global_species,label,100,substitution_1pct_N_3pct,tiny_transformer_property,tiny_transformer,property,channels,606,2681,5x100,500,0.5889931972789115,735,385,129,221,21,24,2.514631986618042,2.524244785308838,2.514631986618042,0.1176470588235294,0.0424305493176217
within_genus_species:Enterobacter,label,100,substitution_1pct_N_3pct,mlp_ckmer5,tabular_mlp,ckmer5_count_l2,vector,606,2913,511,511,0.1433715403969807,175,91,31,53,5,10,1.60041606426239,0.2591487814982732,1.638971924781799,0.1698113207547169,0.1398717948717948
within_genus_species:Enterobacter,label,100,substitution_1pct_N_3pct,mlp_csp,tabular_mlp,cspaced_property_l2,vector,606,2910,147,147,0.481399416909621,175,91,31,53,5,8,1.6494065523147583,1.289812088012695,1.6624284982681274,0.2075471698113207,0.1605860805860806
within_genus_species:Enterobacter,label,100,substitution_1pct_N_3pct,mlp_hybrid,tabular_mlp,hybrid_ckmer5_csp,vector,606,2913,658,658,0.2188884064264003,175,91,31,53,5,8,1.6094025373458862,0.2819769779841105,1.6532450914382937,0.1886792452830188,0.1667216428167192
within_genus_species:Enterobacter,label,100,substitution_1pct_N_3pct,cnn_onehot,cnn1d,onehot,channels,606,2913,5x100,500,0.2,175,91,31,53,5,19,1.6092015504837036,1.5389195680618286,1.6102584600448608,0.1698113207547169,0.0590163934426229
within_genus_species:Enterobacter,label,100,substitution_1pct_N_3pct,cnn_property,cnn1d,property,channels,606,2915,5x100,500,0.5995771428571428,175,91,31,53,5,8,1.6072503328323364,1.5837506850560503,1.608811616897583,0.2264150943396226,0.1542929292929293
within_genus_species:Enterobacter,label,100,substitution_1pct_N_3pct,tiny_transformer_onehot,tiny_transformer,onehot,channels,606,2926,5x100,500,0.2,175,91,31,53,5,6,1.607661247253418,1.60408616065979,1.613880634307861,0.1886792452830188,0.064516129032258
within_genus_species:Enterobacter,label,100,substitution_1pct_N_3pct,tiny_transformer_property,tiny_transformer,property,channels,606,2928,5x100,500,0.5995771428571428,175,91,31,53,5,8,1.6108139753341677,1.611388882001241,1.6138643026351929,0.1886792452830188,0.0634920634920634
target_background,target_binary,150,clean,mlp_ckmer5,tabular_mlp,ckmer5_count_l2,vector,606,3422,512,512,0.22510986328125,320,168,56,96,2,6,0.7384796738624573,0.1640875190496444,0.8187670111656189,0.5729166666666666,0.5514529914529914
target_background,target_binary,150,clean,mlp_csp,tabular_mlp,cspaced_property_l2,vector,606,3419,147,147,0.6143920068027211,320,168,56,96,2,6,0.7014687657356262,0.5093119541803995,0.7081896066665649,0.5520833333333334,0.5516454871293581
target_background,target_binary,150,clean,mlp_hybrid,tabular_mlp,hybrid_ckmer5_csp,vector,606,3422,659,659,0.3119451820940819,320,168,56,96,2,8,0.7224764227867126,0.0493763840446869,0.9051442742347716,0.5729166666666666,0.5724991854024112
target_background,target_binary,150,clean,cnn_onehot,cnn1d,onehot,channels,606,3422,5x150,750,0.2,320,168,56,96,2,8,0.6923613548278809,0.6825368503729502,0.692970335483551,0.4583333333333333,0.3142857142857143
target_background,target_binary,150,clean,cnn_property,cnn1d,property,channels,606,3424,5x150,750,0.5989416666666667,320,168,56,96,2,10,0.6933823823928833,0.6740578512350718,0.6944767832756042,0.53125,0.4909862142099682
target_background,target_binary,150,clean,tiny_transformer_onehot,tiny_transformer,onehot,channels,606,3435,5x150,750,0.2,320,168,56,96,2,8,0.6828807592391968,0.6787970463434855,0.6868090629577637,0.5208333333333334,0.5189542483660131
target_background,target_binary,150,clean,tiny_transformer_property,tiny_transformer,property,channels,606,3437,5x150,750,0.5989416666666667,320,168,56,96,2,24,0.6762481331825256,0.6917267541090647,0.6762481331825256,0.5520833333333334,0.5516454871293581
global_species,label,150,clean,mlp_ckmer5,tabular_mlp,ckmer5_count_l2,vector,606,3383,512,512,0.2254278273809523,735,385,129,221,21,12,2.432004928588867,0.2875396173733931,2.5136563777923584,0.171945701357466,0.1583162045580184
global_species,label,150,clean,mlp_csp,tabular_mlp,cspaced_property_l2,vector,606,3380,147,147,0.6179462261094915,735,385,129,221,21,24,2.5025746822357178,1.4333969400479245,2.530416250228882,0.0950226244343891,0.0852507079128791
global_species,label,150,clean,mlp_hybrid,tabular_mlp,hybrid_ckmer5_csp,vector,606,3383,659,659,0.3129850422718404,735,385,129,221,21,11,2.441823720932007,0.2853531413353406,2.515650510787964,0.1312217194570135,0.1312785749235569
global_species,label,150,clean,cnn_onehot,cnn1d,onehot,channels,606,3383,5x150,750,0.2,735,385,129,221,21,24,2.6424522399902344,2.523815842775198,2.6424522399902344,0.1040723981900452,0.0377650159162764
global_species,label,150,clean,cnn_property,cnn1d,property,channels,606,3385,5x150,750,0.6004934240362811,735,385,129,221,21,24,2.8495748043060303,2.816324710845948,2.8495748043060303,0.090497737556561,0.0368246087929824
global_species,label,150,clean,tiny_transformer_onehot,tiny_transformer,onehot,channels,606,3396,5x150,750,0.2,735,385,129,221,21,24,2.45591688156128,2.50949292916518,2.45591688156128,0.1176470588235294,0.0621293900971969
global_species,label,150,clean,tiny_transformer_property,tiny_transformer,property,channels,606,3398,5x150,750,0.6004934240362811,735,385,129,221,21,24,2.543808460235596,2.631691785959097,2.6083996295928955,0.1221719457013574,0.0563053440779121
within_genus_species:Enterobacter,label,150,clean,mlp_ckmer5,tabular_mlp,ckmer5_count_l2,vector,606,3630,511,511,0.2335476656415991,175,91,31,53,5,11,1.6058754920959473,0.2308113078276316,1.6223008632659912,0.2264150943396226,0.206060606060606
within_genus_species:Enterobacter,label,150,clean,mlp_csp,tabular_mlp,cspaced_property_l2,vector,606,3627,147,147,0.6382896015549077,175,91,31,53,5,24,1.5434597730636597,0.6415138641993204,1.547585368156433,0.2264150943396226,0.208110275689223
within_genus_species:Enterobacter,label,150,clean,mlp_hybrid,tabular_mlp,hybrid_ckmer5_csp,vector,606,3630,658,658,0.3239687364307425,175,91,31,53,5,11,1.6367859840393066,0.127086562414964,1.6721887588500977,0.2452830188679245,0.2386031746031745
within_genus_species:Enterobacter,label,150,clean,cnn_onehot,cnn1d,onehot,channels,606,3630,5x150,750,0.2,175,91,31,53,5,9,1.602025270462036,1.5761957168579102,1.6022480726242063,0.2452830188679245,0.1734496124031007
within_genus_species:Enterobacter,label,150,clean,cnn_property,cnn1d,property,channels,606,3632,5x150,750,0.6107809523809524,175,91,31,53,5,14,1.6116647720336914,1.5797282059987383,1.6123279333114624,0.2075471698113207,0.1102167182662538
within_genus_species:Enterobacter,label,150,clean,tiny_transformer_onehot,tiny_transformer,onehot,channels,606,3643,5x150,750,0.2,175,91,31,53,5,7,1.613706111907959,1.6149969498316448,1.6147085428237915,0.2264150943396226,0.1301098901098901
within_genus_species:Enterobacter,label,150,clean,tiny_transformer_property,tiny_transformer,property,channels,606,3645,5x150,750,0.6107809523809524,175,91,31,53,5,8,1.608134627342224,1.6134392420450847,1.6090599298477173,0.2075471698113207,0.06875
target_background,target_binary,150,N_3pct,mlp_ckmer5,tabular_mlp,ckmer5_count_l2,vector,606,3429,512,512,0.20137939453125,320,168,56,96,2,6,0.7196728587150574,0.1277049096922079,0.99297034740448,0.6041666666666666,0.6034782608695652
target_background,target_binary,150,N_3pct,mlp_csp,tabular_mlp,cspaced_property_l2,vector,606,3426,147,147,0.5890731292517006,320,168,56,96,2,7,0.6982321739196777,0.5171794792016348,0.7176039814949036,0.5625,0.5529933481152993
target_background,target_binary,150,N_3pct,mlp_hybrid,tabular_mlp,hybrid_ckmer5_csp,vector,606,3429,659,659,0.2878603945371775,320,168,56,96,2,6,0.8672507405281067,0.0980727138618628,1.1308637857437134,0.5416666666666666,0.5317073170731708
target_background,target_binary,150,N_3pct,cnn_onehot,cnn1d,onehot,channels,606,3429,5x150,750,0.2,320,168,56,96,2,11,0.6922732591629028,0.6536024113496145,0.6941828727722168,0.59375,0.588345244639912
target_background,target_binary,150,N_3pct,cnn_property,cnn1d,property,channels,606,3431,5x150,750,0.5882125,320,168,56,96,2,19,0.6908689141273499,0.6420884430408478,0.690937876701355,0.6875,0.6761133603238867
target_background,target_binary,150,N_3pct,tiny_transformer_onehot,tiny_transformer,onehot,channels,606,3442,5x150,750,0.2,320,168,56,96,2,18,0.6653884649276733,0.6547614435354868,0.6673392653465271,0.46875,0.4682306940371457
target_background,target_binary,150,N_3pct,tiny_transformer_property,tiny_transformer,property,channels,606,3444,5x150,750,0.5882125,320,168,56,96,2,13,0.6909282803535461,0.6751050551732382,0.6930323839187622,0.5833333333333334,0.5816993464052287
global_species,label,150,N_3pct,mlp_ckmer5,tabular_mlp,ckmer5_count_l2,vector,606,3390,512,512,0.2016794217687074,735,385,129,221,21,14,2.386049270629883,0.211297075335796,2.4686527252197266,0.1764705882352941,0.1705365844956509
global_species,label,150,N_3pct,mlp_csp,tabular_mlp,cspaced_property_l2,vector,606,3387,147,147,0.5925771669211902,735,385,129,221,21,21,2.523323774337769,1.695752767416147,2.547238111495972,0.1357466063348416,0.1187359362646719
global_species,label,150,N_3pct,mlp_hybrid,tabular_mlp,hybrid_ckmer5_csp,vector,606,3390,659,659,0.2888751251638743,735,385,129,221,21,11,2.4164392948150635,0.2568103751310935,2.5100882053375244,0.1493212669683258,0.1300526971351861
global_species,label,150,N_3pct,cnn_onehot,cnn1d,onehot,channels,606,3390,5x150,750,0.2,735,385,129,221,21,24,2.769465923309326,2.687779664993286,2.769465923309326,0.0995475113122171,0.0470657162386485
global_species,label,150,N_3pct,cnn_property,cnn1d,property,channels,606,3392,5x150,750,0.5899083900226757,735,385,129,221,21,24,2.8526175022125244,2.770816601239718,2.852735757827759,0.1221719457013574,0.04672698961802
global_species,label,150,N_3pct,tiny_transformer_onehot,tiny_transformer,onehot,channels,606,3403,5x150,750,0.2,735,385,129,221,21,24,2.5498952865600586,2.5378239154815674,2.5767080783843994,0.1357466063348416,0.0794637719264276
global_species,label,150,N_3pct,tiny_transformer_property,tiny_transformer,property,channels,606,3405,5x150,750,0.5899083900226757,735,385,129,221,21,24,2.497570753097534,2.511873850455651,2.497570753097534,0.1357466063348416,0.048202655446415
within_genus_species:Enterobacter,label,150,N_3pct,mlp_ckmer5,tabular_mlp,ckmer5_count_l2,vector,606,3637,511,511,0.2082974559686888,175,91,31,53,5,6,1.6299480199813845,0.6470301946004232,1.6665514707565308,0.1698113207547169,0.1667958656330749
within_genus_species:Enterobacter,label,150,N_3pct,mlp_csp,tabular_mlp,cspaced_property_l2,vector,606,3634,147,147,0.6107288629737609,175,91,31,53,5,13,1.640905499458313,1.129608432451884,1.6546711921691897,0.2075471698113207,0.1507777777777777
within_genus_species:Enterobacter,label,150,N_3pct,mlp_hybrid,tabular_mlp,hybrid_ckmer5_csp,vector,606,3637,658,658,0.2982023447676943,175,91,31,53,5,6,1.70612633228302,0.4886383811632792,1.7780970335006714,0.2075471698113207,0.1949936143039591
within_genus_species:Enterobacter,label,150,N_3pct,cnn_onehot,cnn1d,onehot,channels,606,3637,5x150,750,0.2,175,91,31,53,5,12,1.611040472984314,1.5684154431025188,1.611391544342041,0.1886792452830188,0.0634920634920634
within_genus_species:Enterobacter,label,150,N_3pct,cnn_property,cnn1d,property,channels,606,3639,5x150,750,0.5998628571428571,175,91,31,53,5,6,1.6034553050994873,1.5883833169937134,1.6039718389511108,0.2264150943396226,0.1693333333333333
within_genus_species:Enterobacter,label,150,N_3pct,tiny_transformer_onehot,tiny_transformer,onehot,channels,606,3650,5x150,750,0.2,175,91,31,53,5,24,1.5856831073760986,1.5752115646998088,1.5856831073760986,0.2264150943396226,0.2069039085168117
within_genus_species:Enterobacter,label,150,N_3pct,tiny_transformer_property,tiny_transformer,property,channels,606,3652,5x150,750,0.5998628571428571,175,91,31,53,5,24,1.59161114692688,1.585981051127116,1.59161114692688,0.2264150943396226,0.145
target_background,target_binary,150,substitution_1pct_N_3pct,mlp_ckmer5,tabular_mlp,ckmer5_count_l2,vector,606,3555,512,512,0.20103759765625,320,168,56,96,2,6,0.6933579444885254,0.142217884461085,0.8750255703926086,0.5625,0.538250114521301
target_background,target_binary,150,substitution_1pct_N_3pct,mlp_csp,tabular_mlp,cspaced_property_l2,vector,606,3552,147,147,0.5921130952380952,320,168,56,96,2,17,0.6034649014472961,0.2746349597970645,0.62083899974823,0.5104166666666666,0.50779971637395
target_background,target_binary,150,substitution_1pct_N_3pct,mlp_hybrid,tabular_mlp,hybrid_ckmer5_csp,vector,606,3555,659,659,0.2882729514415781,320,168,56,96,2,6,0.733707070350647,0.0984714552760124,0.9247244596481324,0.5520833333333334,0.549689102214465
target_background,target_binary,150,substitution_1pct_N_3pct,cnn_onehot,cnn1d,onehot,channels,606,3555,5x150,750,0.2,320,168,56,96,2,24,0.6841869354248047,0.5785348812739054,0.6846255660057068,0.59375,0.5933528836754643
target_background,target_binary,150,substitution_1pct_N_3pct,cnn_property,cnn1d,property,channels,606,3557,5x150,750,0.5885833333333333,320,168,56,96,2,24,0.6837124824523926,0.6011055509249369,0.6915813088417053,0.59375,0.5926449787835926
target_background,target_binary,150,substitution_1pct_N_3pct,tiny_transformer_onehot,tiny_transformer,onehot,channels,606,3568,5x150,750,0.2,320,168,56,96,2,16,0.6760912537574768,0.6701969603697459,0.676750123500824,0.6145833333333334,0.6111658456486042
target_background,target_binary,150,substitution_1pct_N_3pct,tiny_transformer_property,tiny_transformer,property,channels,606,3570,5x150,750,0.5885833333333333,320,168,56,96,2,24,0.6600461602210999,0.663577268520991,0.6654305458068848,0.5416666666666666,0.5408695652173914
global_species,label,150,substitution_1pct_N_3pct,mlp_ckmer5,tabular_mlp,ckmer5_count_l2,vector,606,3516,512,512,0.2021178784013605,735,385,129,221,21,12,2.550123453140259,0.2875939653469966,2.636975049972534,0.1266968325791855,0.1035272466474512
global_species,label,150,substitution_1pct_N_3pct,mlp_csp,tabular_mlp,cspaced_property_l2,vector,606,3513,147,147,0.5943542042667407,735,385,129,221,21,18,2.634852886199951,1.723653609936054,2.685817003250122,0.1402714932126696,0.1153145633722075
global_species,label,150,substitution_1pct_N_3pct,mlp_hybrid,tabular_mlp,hybrid_ckmer5_csp,vector,606,3516,659,659,0.2896121726384028,735,385,129,221,21,10,2.4524285793304443,0.3108298400273689,2.555361270904541,0.171945701357466,0.1544875300138458
global_species,label,150,substitution_1pct_N_3pct,cnn_onehot,cnn1d,onehot,channels,606,3516,5x150,750,0.2,735,385,129,221,21,24,2.757707118988037,2.6884464667393613,2.757707118988037,0.090497737556561,0.0327436024915016
global_species,label,150,substitution_1pct_N_3pct,cnn_property,cnn1d,property,channels,606,3518,5x150,750,0.5899664399092971,735,385,129,221,21,24,2.848139524459839,2.7892905382009654,2.848139524459839,0.1402714932126696,0.0818156346244831
global_species,label,150,substitution_1pct_N_3pct,tiny_transformer_onehot,tiny_transformer,onehot,channels,606,3529,5x150,750,0.2,735,385,129,221,21,24,2.582894325256348,2.516451597213745,2.582894325256348,0.1266968325791855,0.0481632653061224
global_species,label,150,substitution_1pct_N_3pct,tiny_transformer_property,tiny_transformer,property,channels,606,3531,5x150,750,0.5899664399092971,735,385,129,221,21,24,2.595822095870972,2.545914649963379,2.597973108291626,0.0950226244343891,0.041304149041409
within_genus_species:Enterobacter,label,150,substitution_1pct_N_3pct,mlp_ckmer5,tabular_mlp,ckmer5_count_l2,vector,606,3763,511,511,0.2077383282079955,175,91,31,53,5,7,1.6212726831436155,0.5132766664028168,1.670653223991394,0.2264150943396226,0.182034632034632
within_genus_species:Enterobacter,label,150,substitution_1pct_N_3pct,mlp_csp,tabular_mlp,cspaced_property_l2,vector,606,3760,147,147,0.6123226433430515,175,91,31,53,5,6,1.6216819286346436,1.359905481338501,1.633033275604248,0.2452830188679245,0.2069711943035926
within_genus_species:Enterobacter,label,150,substitution_1pct_N_3pct,mlp_hybrid,tabular_mlp,hybrid_ckmer5_csp,vector,606,3763,658,658,0.2981241858445506,175,91,31,53,5,7,1.631884217262268,0.4035166005293528,1.693026065826416,0.2264150943396226,0.2019535163293929
within_genus_species:Enterobacter,label,150,substitution_1pct_N_3pct,cnn_onehot,cnn1d,onehot,channels,606,3763,5x150,750,0.2,175,91,31,53,5,10,1.606550693511963,1.565528074900309,1.6078978776931765,0.1886792452830188,0.1295238095238095
within_genus_species:Enterobacter,label,150,substitution_1pct_N_3pct,cnn_property,cnn1d,property,channels,606,3765,5x150,750,0.5999923809523809,175,91,31,53,5,13,1.6057101488113403,1.5708128213882446,1.6060761213302612,0.1698113207547169,0.0889510489510489
within_genus_species:Enterobacter,label,150,substitution_1pct_N_3pct,tiny_transformer_onehot,tiny_transformer,onehot,channels,606,3776,5x150,750,0.2,175,91,31,53,5,9,1.6248196363449097,1.6231292883555095,1.6249083280563354,0.2075471698113207,0.06875
within_genus_species:Enterobacter,label,150,substitution_1pct_N_3pct,tiny_transformer_property,tiny_transformer,property,channels,606,3778,5x150,750,0.5999923809523809,175,91,31,53,5,24,1.5991973876953125,1.6005502144495647,1.5991973876953125,0.18867924528301888,0.06666666666666667
