target_label,length,condition,comparator,absolute_f1_difference,absolute_ci_low,absolute_ci_high,relative_drop_difference,relative_drop_ci_low,relative_drop_ci_high
tax_434085,69,N_3pct,ck4,0.018630031037027983,0.008379638771692727,0.02830501826048405,0.03041026610226827,0.019333588678375334,0.04303017515363248
tax_434085,69,N_3pct,ck4_p,0.006749817635124056,0.0007377944051498249,0.013009299963191678,0.010938055829193494,0.003601278048165099,0.018277593233278613
tax_434085,69,N_3pct,ck4_msp,0.014021680876936005,0.005666024964052788,0.02176987838999897,0.017800034961493294,0.008575081013196048,0.026142279461216795
tax_434085,69,N_3pct,ck5,-0.007438230586647165,-0.020478271654308596,0.007139781527440659,0.006457760525290901,-0.009241131781917893,0.02120612191414724
tax_434085,69,N_3pct,pseknc_k3_l3,0.013599305452830501,-0.0008848419683006977,0.029462633083508525,0.008559188640322457,-0.008731818947543277,0.024665817251849576
tax_434085,69,N_3pct,pseeiip,0.027765506241450244,0.012667242523745816,0.042376934733748546,0.026155903987248874,0.007389958092055841,0.041553606363569175
tax_434085,69,clean,ck4,0.011729527435789144,0.0032311541107212156,0.021223163391770886,0.02350976250102943,0.013062792984738692,0.03498066279280476
tax_434085,69,clean,ck4_p,0.001423573874819506,-0.003628247878768267,0.007451158129789863,0.005611812068888944,-0.001663369079289531,0.015009380463985821
tax_434085,69,clean,ck4_msp,0.0027583634429094728,-0.002442279406531178,0.008956170488385722,0.006536717527466762,-0.0008840517246195081,0.014179228218792366
tax_434085,69,clean,ck5,-0.0016021498436351589,-0.01161444492492307,0.009172941579970199,0.012293841268302907,-0.0026758853238286243,0.027033367809815502
tax_434085,69,clean,pseknc_k3_l3,0.01634370524945694,0.0037787785410135087,0.030862172829962176,0.011303588436948897,-0.0037426140559236208,0.02789152772687963
tax_434085,69,clean,pseeiip,0.017395545138994772,0.001075711912215086,0.03390156356721804,0.015785942884793402,-0.001690548106271483,0.03192726426376576
tax_434085,69,substitution_1pct,ck4,0.007364140584409706,-0.0005217506530039713,0.016273235834159242,0.01914437564964999,0.008334160077523425,0.030473965459674297
tax_434085,69,substitution_1pct,ck4_p,-0.00027291533192119743,-0.005935011432458895,0.005144164615220476,0.0039153228621482405,-0.0028192416326164897,0.010734076877925764
tax_434085,69,substitution_1pct,ck4_msp,0.0031464776946315,-0.002960531596839261,0.008276793557214463,0.006924831779188789,-0.0006327522664673094,0.013236376415867675
tax_434085,69,substitution_1pct,ck5,-0.003085701826368803,-0.01737259972687949,0.007596144974388529,0.010810289285569263,-0.005406451874089116,0.02586678444692437
tax_434085,69,substitution_1pct,pseknc_k3_l3,0.009553189306101051,-0.005309098136714921,0.02495014898433038,0.004513072493593007,-0.012060362081820245,0.021789303229109384
tax_434085,69,substitution_1pct,pseeiip,0.012407684051961354,-0.0045880133875444784,0.029298120334506808,0.010798081797759984,-0.005787598473643246,0.028019167481775138
tax_434085,75,N_3pct,ck4,0.006636774586323502,-0.004494610349717959,0.013879404228354176,0.018417009651563787,0.006425011127392588,0.02818630567230968
tax_434085,75,N_3pct,ck4_p,0.0003021647476005862,-0.005243757220402293,0.0061780165541102635,0.004490402941670024,-0.0025033327365927894,0.010841972052740831
tax_434085,75,N_3pct,ck4_msp,0.005016373247676342,-0.0021813661613641925,0.012083737146189079,0.008794727332233632,0.0006103119461074702,0.017750028947508614
tax_434085,75,N_3pct,ck5,-0.010638065902414007,-0.024081807122760184,0.0019153276958549404,0.0032579252095240596,-0.01225841555186128,0.017743415298648393
tax_434085,75,N_3pct,pseknc_k3_l3,0.0011132914333469301,-0.015981692264997443,0.015360619535399911,-0.003926825379161114,-0.02152498815683383,0.013848198745649824
tax_434085,75,N_3pct,pseeiip,0.014557860856840854,-0.002456477350113509,0.028352498518817593,0.012948258602639484,-0.00552748863868947,0.02642934754088534
tax_434085,75,clean,ck4,0.001219454242317508,-0.00706955035825377,0.00992733568174301,0.012999689307557794,0.002641533289291759,0.024930384063036767
tax_434085,75,clean,ck4_p,0.0009914944166317108,-0.0035729631325281284,0.006335900684231541,0.005179732610701149,-0.0023522566845712496,0.012659121203466048
tax_434085,75,clean,ck4_msp,0.0014725075493194906,-0.003492999652671369,0.0061903174843321055,0.00525086163387678,-0.0019387391777190871,0.011617326228653987
tax_434085,75,clean,ck5,-0.004128506563698009,-0.017138731561581095,0.00608194372416745,0.009767484548240057,-0.003832785266363381,0.021980143851726454
tax_434085,75,clean,pseknc_k3_l3,0.020291312424356334,0.0067029043278263225,0.03449233546714299,0.01525119561184829,-0.0005801139732458768,0.03150204166143226
tax_434085,75,clean,pseeiip,0.017897459708774877,0.002657211745866956,0.030597561300695544,0.016287857454573507,0.0007682724131516272,0.03350778481600101
tax_434085,75,substitution_1pct,ck4,-0.0007210327969205954,-0.010056668102210247,0.007534498677115397,0.01105920226831969,-0.0008581891142687588,0.022469965298665517
tax_434085,75,substitution_1pct,ck4_p,-0.001853699333999148,-0.006758817333766176,0.0030844751430336996,0.00233453886007029,-0.004333936350586607,0.00942881205014172
tax_434085,75,substitution_1pct,ck4_msp,0.00031040413745531126,-0.005432624752836482,0.004824384229397181,0.004088758222012601,-0.003006318110363704,0.010424751296030486
tax_434085,75,substitution_1pct,ck5,-0.007526365585802108,-0.020813453100234355,0.004592346649754267,0.006369625526135958,-0.006849301901073149,0.021593841946224615
tax_434085,75,substitution_1pct,pseknc_k3_l3,0.015604650493231564,0.0021884279100979898,0.027118740957039776,0.01056453368072352,-0.0038699284933445123,0.025625727471260386
tax_434085,75,substitution_1pct,pseeiip,0.01240114800504355,-0.0016246627177200403,0.028906180179557317,0.01079154575084218,-0.005689937173017156,0.027992910549736547
tax_434085,100,N_3pct,ck4,-0.001494492140826864,-0.009756192484795007,0.006394899220210937,0.010285742924413421,0.0007279898742916735,0.021010758978816508
tax_434085,100,N_3pct,ck4_p,-0.0067205155166172315,-0.011293223796726384,-0.0017161951525214848,-0.0025322773225477935,-0.008870197784507266,0.0036467768724310376
tax_434085,100,N_3pct,ck4_msp,0.00019154541991039942,-0.004791446665383605,0.006641507593428629,0.003969899504467689,-0.0023272337697746613,0.010602622218994958
tax_434085,100,N_3pct,ck5,-0.006487266179955098,-0.020013909463664086,0.006479429158744887,0.0074087249319829684,-0.00404921510332216,0.019469311645782562
tax_434085,100,N_3pct,pseknc_k3_l3,0.007583045564870772,-0.004357844922550849,0.021750638911581018,0.0025429287523627275,-0.009329699190128556,0.014857168727186744
tax_434085,100,N_3pct,pseeiip,0.006013159181741168,-0.00878285523364349,0.020358632681862655,0.004403556927539798,-0.008067129997569278,0.017051639063103065
tax_434085,100,clean,ck4,-0.011780235065240285,-0.01975914397991403,-0.004212443500528438,0.0,0.0,0.0
tax_434085,100,clean,ck4_p,-0.004188238194069438,-0.00877757209216561,0.0008373830534787995,0.0,0.0,0.0
tax_434085,100,clean,ck4_msp,-0.0037783540845572894,-0.008814628361104576,0.001669046424225526,0.0,0.0,0.0
tax_434085,100,clean,ck5,-0.013895991111938066,-0.025964593942079953,-0.0039440858367435026,0.0,0.0,0.0
tax_434085,100,clean,pseknc_k3_l3,0.005040116812508044,-0.006582849825788969,0.018347572939367122,0.0,0.0,0.0
tax_434085,100,clean,pseeiip,0.00160960225420137,-0.013333755233651103,0.014506963700537015,0.0,0.0,0.0
tax_434085,100,substitution_1pct,ck4,-0.005981671387341847,-0.01350768293237479,0.0007771536485507078,0.005798563677898438,-0.0020376606612707154,0.014081396472105365
tax_434085,100,substitution_1pct,ck4_p,-0.0025760415751115984,-0.006715093520570437,0.001607941710884059,0.0016121966189578396,-0.002622643528567997,0.006218351486560361
tax_434085,100,substitution_1pct,ck4_msp,-0.0009299372096153169,-0.005065225227786385,0.00363189220610691,0.0028484168749419725,-0.002168115715510241,0.007474990173904141
tax_434085,100,substitution_1pct,ck5,-0.007218825813377738,-0.016941809360410023,0.0053623614084500155,0.006677165298560328,-0.0041088043935877585,0.01815058121542971
tax_434085,100,substitution_1pct,pseknc_k3_l3,0.008857003844550237,-0.005936635774043719,0.023336565446083677,0.0038168870320421933,-0.0060595641448675935,0.015558247052894299
tax_434085,100,substitution_1pct,pseeiip,0.003734357651596465,-0.009702156132008304,0.01628631172497297,0.002124755397395095,-0.00817434510982687,0.011371786218697378
tax_247639,69,N_3pct,ck4,0.030882239944099332,0.01844474835126043,0.04195372512396281,0.036724179883760644,0.023553488454945697,0.047223926707255844
tax_247639,69,N_3pct,ck4_p,0.002462558723675734,-0.0032601698433517455,0.008918421588484887,0.005815866985684037,-0.0014375131994680045,0.012287042564560263
tax_247639,69,N_3pct,ck4_msp,0.014087194864801478,0.006878119078438128,0.022818069342006954,0.01617462049732954,0.007226137750452561,0.024975812738560258
tax_247639,69,N_3pct,ck5,0.003324838854089407,-0.009815361642514975,0.01657867716881302,-0.006212831998811508,-0.020769084453884576,0.012067679691472155
tax_247639,69,N_3pct,pseknc_k3_l3,-0.00807708505674487,-0.02567697866939873,0.008393225468061018,-0.028597321715924218,-0.047423714789987,-0.011355989473005394
tax_247639,69,N_3pct,pseeiip,0.02955935084487038,0.012280072450014654,0.04720934230821354,0.01698718724392312,-0.002337190859188398,0.037276485226735
tax_247639,69,clean,ck4,0.00642527746062771,-0.0014126418361057682,0.013923254699604384,0.012267217400289021,0.0023793909027299527,0.022243242673896664
tax_247639,69,clean,ck4_p,0.006288558961128121,0.0012369233889902135,0.011552078591062923,0.009641867223136424,0.0025380577671766354,0.016719564545393018
tax_247639,69,clean,ck4_msp,0.004794770792344583,-0.0011241374305376857,0.011538464649324611,0.006882196424872644,-0.0008841594983790916,0.013915729036578282
tax_247639,69,clean,ck5,-0.015840056822121307,-0.028364476720954386,-0.002725747429631412,-0.02537772767502222,-0.040006605550051616,-0.007718432263272695
tax_247639,69,clean,pseknc_k3_l3,-0.0004761412647096286,-0.014425390478684064,0.013910686244362466,-0.020996377923888976,-0.03905385251475401,-0.0033362468430937864
tax_247639,69,clean,pseeiip,0.015742650584673612,0.001689675220826589,0.035744060514190844,0.0031704869837263505,-0.016792036682475413,0.022943549119059596
tax_247639,69,substitution_1pct,ck4,0.01019023197363611,0.0013194314774080899,0.018986866984052223,0.01603217191329742,0.006006830709943278,0.02514048951655946
tax_247639,69,substitution_1pct,ck4_p,0.0019286532416350477,-0.0027386288473692285,0.007333965303306909,0.005281961503643351,-0.0014086518188160702,0.012371864919359097
tax_247639,69,substitution_1pct,ck4_msp,0.004344456962428356,-0.0009022131243242609,0.009251320475227927,0.006431882594956417,-5.959783087194073e-05,0.012840697782296415
tax_247639,69,substitution_1pct,ck5,-0.014687839282003234,-0.029128176554089242,-0.0015123955939429926,-0.02422551013490415,-0.04090643010315822,-0.007507709644322249
tax_247639,69,substitution_1pct,pseknc_k3_l3,0.0010072859577547888,-0.015501398534199634,0.016419565209331407,-0.01951295070142456,-0.036996876011223485,-0.004459785734904853
tax_247639,69,substitution_1pct,pseeiip,0.014839122686492234,-0.0013586287069839215,0.032208637177689896,0.002266959085544973,-0.01526074624368077,0.022933798254265687
tax_247639,75,N_3pct,ck4,0.010034242127914483,0.0006134799795696619,0.019598886132357777,0.015876182067575795,0.0029927559519882414,0.028823853724431747
tax_247639,75,N_3pct,ck4_p,0.002859765777579626,-0.0014895405568509238,0.007634941172293638,0.006213074039587929,-0.000867814728362709,0.013460949010231411
tax_247639,75,N_3pct,ck4_msp,0.006858995308320126,0.0012037690578948906,0.013893087208250637,0.008946420940848188,0.0004295779745976836,0.017152667601882655
tax_247639,75,N_3pct,ck5,-0.002556904407356786,-0.01676419110328819,0.010837803995886958,-0.0120945752602577,-0.027261380736643602,0.0034201159904277793
tax_247639,75,N_3pct,pseknc_k3_l3,-0.00400717545973428,-0.021353314670312974,0.010461805090891623,-0.024527412118913627,-0.04162864827771761,-0.007459209875562476
tax_247639,75,N_3pct,pseeiip,0.031332050296235425,0.01550296164136653,0.047348247078297094,0.018759886695288164,-0.0008014525389752804,0.037231546230012076
tax_247639,75,clean,ck4,-0.00183359123366178,-0.009835724923562331,0.006648718336845162,0.0040083487059995315,-0.005717824073310498,0.012795879798027043
tax_247639,75,clean,ck4_p,-0.0027062905291166395,-0.008234452997004755,0.0019597850051994215,0.0006470177328916638,-0.006596615428746208,0.00790512850217825
tax_247639,75,clean,ck4_msp,-0.002564728189456189,-0.007452255424184645,0.002132336396430544,-0.0004773025569281275,-0.005893424227339688,0.006086302619225851
tax_247639,75,clean,ck5,-0.0014097395273935387,-0.012332319602234137,0.009093841298219335,-0.010947410380294453,-0.026984073445107185,0.0013434279582618927
tax_247639,75,clean,pseknc_k3_l3,0.005802793042358312,-0.00973152646556456,0.020916471403441717,-0.014717443616821035,-0.029695408968188713,0.003781447853329792
tax_247639,75,clean,pseeiip,0.01592877802206827,0.0007605364453313902,0.0339336385250237,0.003356614421121007,-0.014241700240758595,0.021387251281159782
tax_247639,75,substitution_1pct,ck4,0.002379459031639497,-0.005240150926127024,0.010551097270943492,0.008221398971300808,-0.0016840934492064693,0.020132337129800167
tax_247639,75,substitution_1pct,ck4_p,-0.0021957771000997717,-0.007704872903534929,0.002396611997831852,0.0011575311619085316,-0.005619463287528595,0.008324264717606906
tax_247639,75,substitution_1pct,ck4_msp,5.832893530366423e-05,-0.004580374361055892,0.006378754980905364,0.002145754567831726,-0.004098240148414289,0.0094141259889864
tax_247639,75,substitution_1pct,ck5,0.0015620589947271668,-0.012084779459265602,0.013566487589974939,-0.007975611858173748,-0.020541546123203074,0.007331069637217273
tax_247639,75,substitution_1pct,pseknc_k3_l3,0.014369438624210584,-0.0009199189821171876,0.02724363114672074,-0.006150798034968763,-0.0216752476324885,0.011516466538062235
tax_247639,75,substitution_1pct,pseeiip,0.01901429245011399,0.002155346400093464,0.034699536483564095,0.006442128849166728,-0.010860886109475889,0.026385731079293553
tax_247639,100,N_3pct,ck4,-0.0026797483527647437,-0.011492372255453133,0.00497885631785853,0.0031621915868965678,-0.007279261442248385,0.011233030627244277
tax_247639,100,N_3pct,ck4_p,-0.002912030751975214,-0.007938555300858014,0.0016618347792320132,0.000441277510033089,-0.006216081511534177,0.00628729073015875
tax_247639,100,N_3pct,ck4_msp,0.001855599397055041,-0.004536086865693614,0.008887141532927268,0.003943025029583103,-0.004456563362836585,0.012784527142298715
tax_247639,100,N_3pct,ck5,0.012203905647926172,-0.00030984635922622625,0.02322494157225057,0.0026662347950252574,-0.00905997314414952,0.015328894207330471
tax_247639,100,N_3pct,pseknc_k3_l3,0.018433185284173925,0.005837486625819607,0.03113560146194356,-0.002087051375005422,-0.015879267219611228,0.01028207776946485
tax_247639,100,N_3pct,pseeiip,0.017585320414170824,0.0013417676318679547,0.030043982805597072,0.005013156813223563,-0.011718105238503446,0.019643878773741345
tax_247639,100,clean,ck4,-0.005841939939661311,-0.01249765200734399,-0.0004130638529418478,0.0,0.0,0.0
tax_247639,100,clean,ck4_p,-0.0033533082620083032,-0.007554896830100432,0.0012455387316329392,0.0,0.0,0.0
tax_247639,100,clean,ck4_msp,-0.0020874256325280616,-0.007517387319403243,0.001678891390034709,0.0,0.0,0.0
tax_247639,100,clean,ck5,0.009537670852900915,-0.0037999138892342824,0.022515057448474155,0.0,0.0,0.0
tax_247639,100,clean,pseknc_k3_l3,0.020520236659179347,0.0063105085120477855,0.03393016668658346,0.0,0.0,0.0
tax_247639,100,clean,pseeiip,0.012572163600947261,-0.0020782335015151914,0.029237150235142964,0.0,0.0,0.0
tax_247639,100,substitution_1pct,ck4,-0.005041301645170249,-0.012106474074834348,0.001637314175843985,0.0008006382944910628,-0.005424378923027093,0.008331509151259716
tax_247639,100,substitution_1pct,ck4_p,-0.004177339815205738,-0.009170762255148623,-0.0003819759816543233,-0.0008240315531974352,-0.006238876870880395,0.00372930896887593
tax_247639,100,substitution_1pct,ck4_msp,-0.0025014109521153127,-0.007080884984700586,0.0012656873933973903,-0.00041398531958725115,-0.004994033384823951,0.0037798561419801393
tax_247639,100,substitution_1pct,ck5,0.00825847298061988,-0.004798258717078235,0.021129236970276185,-0.0012791978722810349,-0.011717913394532162,0.006263417745928486
tax_247639,100,substitution_1pct,pseknc_k3_l3,0.014745507163860472,0.002319575567348736,0.027107678965606584,-0.0057747294953188755,-0.015780287332366257,0.004283582013696791
tax_247639,100,substitution_1pct,pseeiip,0.005072273679299744,-0.009797956310578679,0.015485674255504843,-0.007499889921647518,-0.01831088946940173,0.0008180910255641938
tax_1050222,69,N_3pct,ck4,0.018136594688554553,0.006711205607040962,0.02674056652913628,0.02500672580285579,0.009611566838380834,0.036060494790390495
tax_1050222,69,N_3pct,ck4_p,-0.000896403249371569,-0.006296377132523134,0.004881331582656002,-0.00019961043356675479,-0.007534011694545112,0.009224354752390739
tax_1050222,69,N_3pct,ck4_msp,0.002020232217008089,-0.005288106755087859,0.009477338935828564,0.004443812257127644,-0.004037389267549573,0.012616117562297014
tax_1050222,69,N_3pct,ck5,-0.007676709798871806,-0.0234318100587591,0.006265129978197542,-0.014150892794478787,-0.03343827789343486,0.002059996189054026
tax_1050222,69,N_3pct,pseknc_k3_l3,0.0013751183333531314,-0.012699384350925455,0.01760896327375437,-0.016596966902037047,-0.0347187969590319,0.0004681709254895005
tax_1050222,69,N_3pct,pseeiip,0.03084665193385072,0.015200084796025177,0.044018615855639154,0.017697890522920923,-0.0006615044508366417,0.034321967276070585
tax_1050222,69,clean,ck4,0.011854110664632822,0.0017447715285187821,0.02161912564268199,0.01872424177893406,0.006047469242953359,0.031007872232995008
tax_1050222,69,clean,ck4_p,0.005218966073804676,0.00017503166028589608,0.012195914387910779,0.00591575888960949,-0.0011596354804804807,0.01355520932668512
tax_1050222,69,clean,ck4_msp,0.005994071973124515,0.0011796577952760347,0.011330865150747932,0.00841765201324407,0.00046574878713231407,0.0167666249023695
tax_1050222,69,clean,ck5,0.0033799581924059963,-0.009687931056432002,0.017780252128476177,-0.0030942248032009845,-0.020489272001209518,0.015402418791643155
tax_1050222,69,clean,pseknc_k3_l3,0.026178356870150132,0.012900175391296924,0.039565504563223476,0.008206271634759954,-0.008117136772914573,0.023603223752964708
tax_1050222,69,clean,pseeiip,0.029404380789977758,0.01019235310182857,0.04432295210985719,0.01625561937904796,-0.0039363111813703056,0.03183280133372846
tax_1050222,69,substitution_1pct,ck4,0.010381371905331171,0.0031358081373138113,0.021372383875041995,0.017251503019632408,0.005675395731027449,0.029114457148478465
tax_1050222,69,substitution_1pct,ck4_p,0.005318359008948725,-0.0007221357245989182,0.011478292272182866,0.00601515182475354,-0.002419491710748858,0.013423668640990316
tax_1050222,69,substitution_1pct,ck4_msp,0.003575431483920477,-0.001980666862311123,0.010676911767624402,0.005999011524040032,-0.0020583629674715605,0.015143385534011712
tax_1050222,69,substitution_1pct,ck5,0.005822352679551113,-0.007200037826881957,0.020238135073290888,-0.000651830316055868,-0.01626110608316692,0.01573887340470306
tax_1050222,69,substitution_1pct,pseknc_k3_l3,0.026061584535334248,0.009659654372004412,0.039831985310063434,0.00808949929994407,-0.00837450073728595,0.024500120902030745
tax_1050222,69,substitution_1pct,pseeiip,0.03524905783917509,0.021079620562528097,0.04906438992008056,0.022100296428245292,0.00384741736891622,0.040895565101047485
tax_1050222,75,N_3pct,ck4,0.013601965232180158,0.004383320630607532,0.023697859592112794,0.020472096346481394,0.007867263765229985,0.032523804814980364
tax_1050222,75,N_3pct,ck4_p,0.0016534902604328217,-0.0044501485307131715,0.008690089166405618,0.002350283076237636,-0.006174466388855188,0.010443985210242904
tax_1050222,75,N_3pct,ck4_msp,0.0064626011610879885,-0.0015354641909965632,0.0138423814850351,0.008886181201207544,-0.00014206329021219095,0.01860487393824156
tax_1050222,75,N_3pct,ck5,0.001930466281684362,-0.013262323734848697,0.017818411244915712,-0.004543716713922619,-0.02099932226335173,0.011271742259361443
tax_1050222,75,N_3pct,pseknc_k3_l3,0.01541611249621222,0.0007904861715339079,0.030975481812847754,-0.0025559727391779585,-0.018675528405276098,0.01538143855278466
tax_1050222,75,N_3pct,pseeiip,0.024507241457011775,0.009297771841971824,0.04007039704929247,0.011358480046081976,-0.0050082595315633,0.026880208441353148
tax_1050222,75,clean,ck4,0.0034401556143182077,-0.004221516885478179,0.012480276895858755,0.010310286728619444,0.0008909272032107702,0.020726412861802043
tax_1050222,75,clean,ck4_p,0.0006235896739410496,-0.00505753583917391,0.006411711224864376,0.0013203824897458638,-0.007503390895318673,0.008728530711759464
tax_1050222,75,clean,ck4_msp,-0.00024059077350480074,-0.006463436176789982,0.004793565253842192,0.0021829892666147543,-0.006685348140524543,0.008920791043608541
tax_1050222,75,clean,ck5,-0.0020115753143652437,-0.01575787827325408,0.012714565890633446,-0.008485758309972224,-0.02203024816628139,0.007922091382605388
tax_1050222,75,clean,pseknc_k3_l3,0.01617065027067044,0.0020901113278986886,0.03026940560547303,-0.0018014349647197392,-0.01644888051711903,0.016388093680636373
tax_1050222,75,clean,pseeiip,0.01304061408854329,-0.0027653230211074627,0.027207684737139907,-0.00010814732238650926,-0.0156295338054555,0.018455957204247572
tax_1050222,75,substitution_1pct,ck4,-0.0014578351955710778,-0.010293402768164258,0.006554853327118928,0.005412295918730159,-0.006078540371595401,0.01605438843640028
tax_1050222,75,substitution_1pct,ck4_p,0.0002536160014871003,-0.004711521172072355,0.006516442433601261,0.0009504088172919145,-0.006024452281327655,0.009104004070437386
tax_1050222,75,substitution_1pct,ck4_msp,-0.0018228655010695816,-0.007369504749696545,0.0038614840433968548,0.0006007145390499735,-0.00618291751105253,0.008220169070890185
tax_1050222,75,substitution_1pct,ck5,-0.005273762548539396,-0.0192816737366387,0.010468404883286646,-0.011747945544146376,-0.028609677151033835,0.003324535437261547
tax_1050222,75,substitution_1pct,pseknc_k3_l3,0.009799038106029556,-0.004616601968897518,0.026479097686766703,-0.008173047129360622,-0.02442637479167529,0.009216850810375965
tax_1050222,75,substitution_1pct,pseeiip,0.010462734589577138,-0.004121256945109586,0.028075341810962943,-0.0026860268213526606,-0.021063538230851497,0.01529248787217791
tax_1050222,100,N_3pct,ck4,9.916212733662721e-05,-0.010616774145393805,0.009078522146201605,0.006969293241637864,-0.005513512151258054,0.017656817293362017
tax_1050222,100,N_3pct,ck4_p,0.0005944041868778394,-0.004837284681478962,0.007766157337081711,0.0012911970026826536,-0.006271172645304179,0.008517315179810326
tax_1050222,100,N_3pct,ck4_msp,0.0035642243447070454,-0.0034655532996190038,0.010229845578874505,0.0059878043848266005,-0.0023682175643953444,0.01502227676249784
tax_1050222,100,N_3pct,ck5,0.012592883595942905,-0.0014757490005820298,0.024816875029535734,0.0061187006003359246,-0.005272373316736037,0.018844517830805377
tax_1050222,100,N_3pct,pseknc_k3_l3,0.01606121760847501,0.000779975653378995,0.031540821385933435,-0.0019108676269151692,-0.014158842097697471,0.009317746316480519
tax_1050222,100,N_3pct,pseeiip,0.017447399920632156,0.001698989235175935,0.03064086728722741,0.004298638509702357,-0.01085101059198808,0.014981320078591029
tax_1050222,100,clean,ck4,-0.006870131114301237,-0.015001980067233934,0.0012935334844569354,0.0,0.0,0.0
tax_1050222,100,clean,ck4_p,-0.0006967928158048142,-0.006540869521193674,0.0046850198970589535,0.0,0.0,0.0
tax_1050222,100,clean,ck4_msp,-0.002423580040119555,-0.007360394594020991,0.0037756038913383666,0.0,0.0,0.0
tax_1050222,100,clean,ck5,0.006474182995606981,-0.007830682361404861,0.018617236137348555,0.0,0.0,0.0
tax_1050222,100,clean,pseknc_k3_l3,0.01797208523539018,0.003726732665960434,0.03354592051436849,0.0,0.0,0.0
tax_1050222,100,clean,pseeiip,0.013148761410929799,-0.00031686043345805203,0.026389600725556957,0.0,0.0,0.0
tax_1050222,100,substitution_1pct,ck4,-0.006913176388242959,-0.015455961945950314,0.0014915128965655397,-4.304527394172197e-05,-0.006950011258343445,0.0073399602030793576
tax_1050222,100,substitution_1pct,ck4_p,-0.0049063828076783,-0.009626110602257891,0.00014362162024207255,-0.004209589991873486,-0.009827797008709904,0.0015029522880252368
tax_1050222,100,substitution_1pct,ck4_msp,-0.0062514627581768956,-0.011639126802857341,-0.0007533380885364437,-0.0038278827180573405,-0.00956601083720604,0.002499049454696992
tax_1050222,100,substitution_1pct,ck5,0.001505319021194662,-0.013390678969545202,0.015538651928255707,-0.004968863974412319,-0.015603965976518997,0.006284813282030228
tax_1050222,100,substitution_1pct,pseknc_k3_l3,0.009263710755452736,-0.005721240629144475,0.022187729170588165,-0.008708374479937442,-0.01828429697340615,0.0009354230928004845
tax_1050222,100,substitution_1pct,pseeiip,0.008389484869419261,-0.005659266018378575,0.02393089911607019,-0.004759276541510538,-0.014446394733780026,0.005032503896744533
tax_552396,69,N_3pct,ck4,0.000240467577436565,-0.008451579964114636,0.007996845942708301,0.004153936803727665,-0.007567600349111389,0.01345054894637145
tax_552396,69,N_3pct,ck4_p,-0.00010327748169924877,-0.005020421408791017,0.004944272270217555,-0.0019830212659669444,-0.008670040447824592,0.004673891989704493
tax_552396,69,N_3pct,ck4_msp,0.0002742670124704638,-0.005616527445864408,0.0060834975191178834,-0.0007422403242338671,-0.00749536081811036,0.005977673027391556
tax_552396,69,N_3pct,ck5,0.009175155278208003,-0.0029215005880518755,0.02260257479723511,0.005103991711834288,-0.0072548469694096816,0.019732217309954475
tax_552396,69,N_3pct,pseknc_k3_l3,0.02803607273368236,0.018179623317646654,0.039230526437528834,0.008134689476773982,-0.0034315748650212774,0.02273492566724816
tax_552396,69,N_3pct,pseeiip,0.022470482442214168,0.008780145961683066,0.03540428372989014,0.0038424322767012242,-0.00933041123978205,0.018901115880989066
tax_552396,69,clean,ck4,-0.004842284166647559,-0.013845186623707192,0.0028366298604447374,-0.0009288149403564594,-0.011449939667733233,0.00976699998728802
tax_552396,69,clean,ck4_p,-0.001401684057796837,-0.007252231098381961,0.004055755537112435,-0.0032814278420645326,-0.0111611435384411,0.004225691353189229
tax_552396,69,clean,ck4_msp,-0.0009629183019063126,-0.0067728141936210075,0.004039786109204408,-0.0019794256386106435,-0.008332793926075355,0.004653956702637059
tax_552396,69,clean,ck5,-0.003197481817086567,-0.013708722961143264,0.00729511019999491,-0.0072686453834602816,-0.019083806399774212,0.0031355439716877088
tax_552396,69,clean,pseknc_k3_l3,0.01950705770234462,0.00899434635512554,0.030900398480261677,-0.00039432555456375695,-0.011955872410082476,0.011474782109462326
tax_552396,69,clean,pseeiip,0.019194261750269725,0.006456463547555572,0.03122389116621491,0.0005662115847567817,-0.011963895085685614,0.014413007428289106
tax_552396,69,substitution_1pct,ck4,0.0009909480483010213,-0.0069314129992513575,0.007396061494236126,0.004904417274592121,-0.004805522554159713,0.014856592199961351
tax_552396,69,substitution_1pct,ck4_p,0.003186347595307115,-0.0014353403658770468,0.008139831665420358,0.0013066038110394196,-0.00533822906060194,0.007573146603700587
tax_552396,69,substitution_1pct,ck4_msp,0.0023525103405355186,-0.0022198825838566443,0.007363860685042511,0.0013360030038311876,-0.006136124152510131,0.007290069989251128
tax_552396,69,substitution_1pct,ck5,0.005569364866209625,-0.005335589262772841,0.01614590436087416,0.0014982012998359107,-0.010899735675625856,0.01620933388186464
tax_552396,69,substitution_1pct,pseknc_k3_l3,0.026570959951357942,0.014420176993727812,0.03759537698456831,0.006669576694449564,-0.006783257323455754,0.019496685335240717
tax_552396,69,substitution_1pct,pseeiip,0.02504808486598975,0.012082971754213046,0.035579836896194025,0.006420034700476807,-0.007068652588591453,0.018803847600837125
tax_552396,75,N_3pct,ck4,-0.008220445642357133,-0.016126354320637297,9.752313446967115e-05,-0.004306976416066033,-0.017404611244800205,0.007057322424619329
tax_552396,75,N_3pct,ck4_p,-0.0038906884285457854,-0.008924763612736147,0.0011906761129715005,-0.005770432212813481,-0.012217010579807487,0.00011245439316604798
tax_552396,75,N_3pct,ck4_msp,-0.003938022812553399,-0.009302473240341646,0.002000573421159706,-0.00495453014925773,-0.012485474245349288,0.0013451237444290136
tax_552396,75,N_3pct,ck5,-0.002400167026828548,-0.014154498583876256,0.008077559920267579,-0.0064713305932022624,-0.017942116915241474,0.006776704730106572
tax_552396,75,N_3pct,pseknc_k3_l3,0.01765187475661678,0.006002898346491462,0.02843000530095742,-0.002249508500291597,-0.012835331288108801,0.008901908173551298
tax_552396,75,N_3pct,pseeiip,0.008280830370281711,-0.0017545302471250381,0.019115972054645557,-0.010347219795231233,-0.02399934195962784,0.004288626684952753
tax_552396,75,clean,ck4,-0.008265711235417639,-0.015860305974964444,-0.00021292252930527988,-0.004352242009126539,-0.014182591806689036,0.005025723027546657
tax_552396,75,clean,ck4_p,-0.002271853142673308,-0.006872155797770959,0.0020141998775654465,-0.004151596926941004,-0.010493965285785617,0.0030237987963240456
tax_552396,75,clean,ck4_msp,-0.0035174635096260065,-0.00854141857650595,0.0009888329183287167,-0.004533970846330337,-0.011260965484580958,0.0013768950304006947
tax_552396,75,clean,ck5,-0.005885043703921955,-0.01561299975472825,0.0043552535635222964,-0.00995620727029567,-0.022285135177854663,0.001944722400274491
tax_552396,75,clean,pseknc_k3_l3,0.011520335613116939,0.0013756491608366008,0.0230812504936392,-0.00838104764379144,-0.021866374678932442,0.006756056577162315
tax_552396,75,clean,pseeiip,0.01530119106693717,0.0036673632276347434,0.026809737514162116,-0.003326859098575774,-0.014558826538688301,0.010013973510706911
tax_552396,75,substitution_1pct,ck4,-0.006567136368071047,-0.01492165704973453,0.0001243390545598766,-0.0026536671417799473,-0.013572172074997077,0.0074291498738529435
tax_552396,75,substitution_1pct,ck4_p,-0.0010190632752702378,-0.006460664770195096,0.004854416913611423,-0.0028988070595379334,-0.010111265326830127,0.004286949215449813
tax_552396,75,substitution_1pct,ck4_msp,-0.0001850405700446478,-0.005320949522382437,0.005251893697168392,-0.0012015479067489787,-0.007422792810272685,0.005453734193871771
tax_552396,75,substitution_1pct,ck5,-0.006176048961905267,-0.01702641948858058,0.0034230528088872855,-0.010247212528278982,-0.02243475542395431,0.0007549268345632398
tax_552396,75,substitution_1pct,pseknc_k3_l3,0.016117901445612537,0.006012272413260048,0.027047634784394103,-0.0037834818112958413,-0.01538731943694309,0.009796931465168949
tax_552396,75,substitution_1pct,pseeiip,0.0162013771397711,0.0055108902363707555,0.02628494570959404,-0.0024266730257418434,-0.014509246927686644,0.009112058498232755
tax_552396,100,N_3pct,ck4,-0.011066779630424017,-0.01870360444706462,-0.0033959164166084705,-0.007153310404132918,-0.015215375980386104,0.002236724823859523
tax_552396,100,N_3pct,ck4_p,-0.004837482516049096,-0.009041946165456746,-0.00011701411809462546,-0.006717226300316792,-0.01310049388991782,-0.00041152084014962827
tax_552396,100,N_3pct,ck4_msp,-0.006191470516612618,-0.012052346415325882,-0.0011452915586934265,-0.007207977853316949,-0.013133032693082618,-0.0008647779826856955
tax_552396,100,N_3pct,ck5,-0.010839547773543456,-0.02208549966811098,-0.0015934913751836284,-0.014910711339917171,-0.02553230110723941,-0.005241622510035903
tax_552396,100,N_3pct,pseknc_k3_l3,0.01244328243746795,0.0020057062003728844,0.02213375198207089,-0.0074581008194404275,-0.017683800357524506,0.002630210805663289
tax_552396,100,N_3pct,pseeiip,0.010116920367540194,-0.00022960948410147836,0.020218610589752932,-0.00851112979797275,-0.018137416550166825,0.0009037047714193357
tax_552396,100,clean,ck4,-0.0039134692262911,-0.01234818117023087,0.004428546565362661,0.0,0.0,0.0
tax_552396,100,clean,ck4_p,0.0018797437842676956,-0.0023855115990201875,0.006044652669247764,0.0,0.0,0.0
tax_552396,100,clean,ck4_msp,0.001016507336704331,-0.003260734665403295,0.0047593401149782725,0.0,0.0,0.0
tax_552396,100,clean,ck5,0.0040711635663737145,-0.0038400999518532486,0.01349021708530932,0.0,0.0,0.0
tax_552396,100,clean,pseknc_k3_l3,0.019901383256908378,0.010091550998721725,0.028696312799083596,0.0,0.0,0.0
tax_552396,100,clean,pseeiip,0.018628050165512944,0.0077120941220612475,0.026708193998299466,0.0,0.0,0.0
tax_552396,100,substitution_1pct,ck4,-0.0034679634882026633,-0.009884977407020908,0.004045983225020372,0.0004455057380884364,-0.005971475990459515,0.005937913421779824
tax_552396,100,substitution_1pct,ck4_p,-0.0011345060860200595,-0.005375643468885624,0.003009482965959404,-0.003014249870287755,-0.006832840315644195,0.0015896865951541468
tax_552396,100,substitution_1pct,ck4_msp,-0.001992633430704327,-0.006266219437053333,0.0025496404276795144,-0.003009140767408658,-0.007355349516990911,0.0017011227242663919
tax_552396,100,substitution_1pct,ck5,0.00026815325655382694,-0.00801557883375193,0.009560680983925235,-0.0038030103098198875,-0.01096366274514449,0.004402511078843271
tax_552396,100,substitution_1pct,pseknc_k3_l3,0.018617631299888693,0.010193642098455977,0.02913372168559183,-0.0012837519570196854,-0.00831835570654802,0.006624574376674456
tax_552396,100,substitution_1pct,pseeiip,0.015754370721872357,0.004916579000912186,0.02494282004552554,-0.0028736794436405866,-0.010284984719254162,0.0041220042927874075
tax_1122939,69,N_3pct,ck4,-0.0009093763200360705,-0.005942117993959891,0.004916535130033349,0.007996303970864371,8.122109129968459e-06,0.01594184376147555
tax_1122939,69,N_3pct,ck4_p,-0.0021413308887037186,-0.0063182678263026615,0.0024352729346146466,0.0016844339240664752,-0.004155582328025906,0.00751639650917445
tax_1122939,69,N_3pct,ck4_msp,-0.001272020102415894,-0.0050546742590343585,0.002893748945976041,0.0029671012458178936,-0.0024792170285712926,0.00883788145330977
tax_1122939,69,N_3pct,ck5,0.015349045101827663,0.006143002042266299,0.024935106251704437,0.02136515803236927,0.00998530216277701,0.03186123691741074
tax_1122939,69,N_3pct,pseknc_k3_l3,0.007501139566201909,-3.1231098202258235e-05,0.015021366456410223,0.0007879145871896309,-0.007508454310682306,0.010317611607398677
tax_1122939,69,N_3pct,pseeiip,0.007558725270097932,-0.0002791485603578697,0.014239983488454242,0.00711396757078675,-0.0029656100048981583,0.016663042566614085
tax_1122939,69,clean,ck4,-0.010574324503254129,-0.017314581638502694,-0.0026300291840183673,-0.001668644212353687,-0.00877171580267314,0.007086636000835278
tax_1122939,69,clean,ck4_p,-0.00426474567755053,-0.008063058714523971,-8.048766446668014e-05,-0.00043898086478033616,-0.005473791837307917,0.005015700641298101
tax_1122939,69,clean,ck4_msp,-0.004271197445876673,-0.008533825364167785,0.00033811208089844994,-3.207609764288577e-05,-0.005919197404462114,0.0046187987816871294
tax_1122939,69,clean,ck5,-0.0019004365869204065,-0.010323738649184632,0.006129546454383382,0.0041156763436212,-0.005863038962071715,0.013279681410814871
tax_1122939,69,clean,pseknc_k3_l3,0.0029454628760918755,-0.003672201034503991,0.009222621442258754,-0.0037677621029204023,-0.012190737187662472,0.0046351562361494816
tax_1122939,69,clean,pseeiip,0.0003417122894877611,-0.006360204012229614,0.007031968729600718,-0.00010304540982342125,-0.008419735859133793,0.009541974528892858
tax_1122939,69,substitution_1pct,ck4,-0.007167352349657374,-0.01340575379645351,-0.0021552456487788584,0.0017383279412430674,-0.005364315158153649,0.010080152274631113
tax_1122939,69,substitution_1pct,ck4_p,-0.0008772303370397916,-0.004190670438956001,0.00205637500686861,0.002948534475730402,-0.0020626979169262845,0.0079676326183375
tax_1122939,69,substitution_1pct,ck4_msp,-0.0017166699027568733,-0.005491757424970656,0.0020307242651004948,0.0025224514454769142,-0.0033301324580590624,0.007977573777649821
tax_1122939,69,substitution_1pct,ck5,0.0006951169114585154,-0.0084253802031064,0.008336480695906041,0.0067112298420001215,-0.001996720622843118,0.01601845560634549
tax_1122939,69,substitution_1pct,pseknc_k3_l3,0.004680755524493541,-0.003280300156191465,0.012204277137346863,-0.002032469454518737,-0.010418628382854511,0.008030567272060718
tax_1122939,69,substitution_1pct,pseeiip,-0.0008134476168722982,-0.00870192719005002,0.0063229430280391736,-0.0012582053161834805,-0.010495524463348959,0.008378973114374608
tax_1122939,75,N_3pct,ck4,-0.004257177567355663,-0.008866660220773847,0.0011520406955493113,0.0046485027235447784,-0.0012492349289203867,0.010938507293836969
tax_1122939,75,N_3pct,ck4_p,-0.0013110804337965742,-0.005495263337919923,0.0016167161063369267,0.0025146843789736195,-0.003326341275874833,0.006292609441295616
tax_1122939,75,N_3pct,ck4_msp,-0.0016750598514126969,-0.005431041715437565,0.0016388596246421695,0.0025640614968210906,-0.002021079768609346,0.007180680473223891
tax_1122939,75,N_3pct,ck5,0.0023647802442271493,-0.005611890488076157,0.011552448372599803,0.008380893174768755,-0.0013319563068482669,0.019389622047404454
tax_1122939,75,N_3pct,pseknc_k3_l3,0.0062903841302039964,-0.002013104373155683,0.013799828311549118,-0.0004228408488082813,-0.008809987309333278,0.009148850066026611
tax_1122939,75,N_3pct,pseeiip,0.0012980861753175699,-0.005790010158762345,0.008373255238979332,0.0008533284760063875,-0.009122869093433437,0.01135315596357593
tax_1122939,75,clean,ck4,-0.006809502431823544,-0.013117639649767376,-0.001808758374568217,0.0020961778590768976,-0.004586621207928556,0.009151432468021461
tax_1122939,75,clean,ck4_p,-0.0038140782884064084,-0.0075326652344717806,0.0003041719935969885,1.1686524363785367e-05,-0.00586890008876412,0.005013831456717799
tax_1122939,75,clean,ck4_msp,-0.003821930074687674,-0.008474488192958434,-0.000889773492918744,0.00041719127354611363,-0.004205288148328731,0.0046041705570383255
tax_1122939,75,clean,ck5,0.0018403640904181007,-0.006600117687168372,0.01025706563916295,0.007856477020959707,-0.0009549312520164442,0.01790241926754517
tax_1122939,75,clean,pseknc_k3_l3,0.015515752953886519,0.009174765092234938,0.022993757371373928,0.008802527974874241,0.001610077397208798,0.018764195191955352
tax_1122939,75,clean,pseeiip,0.005784041181599697,0.00033603194723416126,0.012538262667853708,0.005339283482288515,-0.003814805372087612,0.014519982031330033
tax_1122939,75,substitution_1pct,ck4,-0.0076233371780898285,-0.014380171600085506,-0.0025805879854921697,0.0012823431128106133,-0.005814281818829361,0.008760716212448953
tax_1122939,75,substitution_1pct,ck4_p,-0.004633117910269324,-0.008381216137504971,-0.0013042185147002143,-0.0008073530974991305,-0.005398081910330965,0.004613855147173274
tax_1122939,75,substitution_1pct,ck4_msp,-0.006309200862722686,-0.011747277579194934,-0.002129803515863335,-0.0020700795144888984,-0.0066712629830769,0.003000112868757928
tax_1122939,75,substitution_1pct,ck5,-0.0010320336139301167,-0.008502958543698574,0.006072413951934044,0.004984079316611489,-0.004201940928286912,0.013332077860613934
tax_1122939,75,substitution_1pct,pseknc_k3_l3,0.008848099683219424,0.0029509123150650413,0.015538980844504207,0.002134874704207146,-0.004990290938393404,0.011286250137861302
tax_1122939,75,substitution_1pct,pseeiip,-0.0008586577775503423,-0.008420936576949764,0.0070710693923493025,-0.0013034154768615247,-0.01050568619952418,0.007505897270054459
tax_1122939,100,N_3pct,ck4,-0.00839778087664278,-0.013048057563000509,-0.002979091587349453,0.000507899414257662,-0.005356767258289812,0.007201103364814653
tax_1122939,100,N_3pct,ck4_p,-0.000878947153274634,-0.0038258562499493888,0.0020398357112457522,0.0029468176594955597,-0.002516124651175941,0.007157248432567354
tax_1122939,100,N_3pct,ck4_msp,-0.0016701751944188103,-0.004643690819558865,0.0012678220643959376,0.002568946153814977,-0.0011976717362738281,0.006806511081477556
tax_1122939,100,N_3pct,ck5,-0.002619653279707923,-0.008443201266134926,0.003656483099162014,0.003396459650833683,-0.0024589315599534227,0.011325321199836398
tax_1122939,100,N_3pct,pseknc_k3_l3,0.003348478879171113,-0.0029502726801517356,0.010440018952247214,-0.003364746099841165,-0.010493242862053068,0.003403862042175362
tax_1122939,100,N_3pct,pseeiip,0.002169921852182455,-0.004151889144416993,0.008854373508512,0.0017251641528712724,-0.004982296177302406,0.00929444344291079
tax_1122939,100,clean,ck4,-0.008905680290900442,-0.014363123494322423,-0.003821291713087364,0.0,0.0,0.0
tax_1122939,100,clean,ck4_p,-0.0038257648127701938,-0.007196184467283012,0.00033175171723625084,0.0,0.0,0.0
tax_1122939,100,clean,ck4_msp,-0.0042391213482337875,-0.008012955596070357,-0.00046465645479362434,0.0,0.0,0.0
tax_1122939,100,clean,ck5,-0.006016112930541606,-0.013109744133443051,0.0007151022289629601,0.0,0.0,0.0
tax_1122939,100,clean,pseknc_k3_l3,0.006713224979012278,0.00042369940801825767,0.012213595259582403,0.0,0.0,0.0
tax_1122939,100,clean,pseeiip,0.00044475769931118236,-0.005888932614505643,0.006765097957938749,0.0,0.0,0.0
tax_1122939,100,substitution_1pct,ck4,-0.006344793887925859,-0.011526356869213533,-0.0013140644668116575,0.0025608864029745826,-0.001649008680975472,0.008055697252679982
tax_1122939,100,substitution_1pct,ck4_p,-0.003377756069265603,-0.006743477697603734,0.00036123448214932816,0.00044800874350459097,-0.0028911600725951584,0.0038279670600002897
tax_1122939,100,substitution_1pct,ck4_msp,-0.003377756069265603,-0.0067710160633478065,-3.944163099579012e-05,0.0008613652789681847,-0.002879421813905045,0.004272882348723267
tax_1122939,100,substitution_1pct,ck5,-0.005131714151315525,-0.010594772041384553,0.0007340162881608189,0.000884398779226081,-0.0049240712031174555,0.005941834362302161
tax_1122939,100,substitution_1pct,pseknc_k3_l3,0.005901013471951599,-0.0008152948738583269,0.013479743930041903,-0.0008122115070606784,-0.006239517374666612,0.0050729932621322695
tax_1122939,100,substitution_1pct,pseeiip,-0.0020562125495172667,-0.008386774957270646,0.003848579181202787,-0.002500970248828449,-0.007961169021280176,0.004621463703427179
tax_1097667,69,N_3pct,ck4,-0.0054766019067086225,-0.011745718429055339,-1.053752075594941e-05,-0.0006923728357414172,-0.008219149135103576,0.006527347587016378
tax_1097667,69,N_3pct,ck4_p,-0.005450517629775775,-0.010050075916193163,-0.001283099086211084,-0.004544441149833545,-0.010379627482555151,4.4757526178376734e-05
tax_1097667,69,N_3pct,ck4_msp,-0.005424498855328808,-0.009198639404628025,-0.00169157347739812,-0.0049312732143895754,-0.009529681269518017,-0.0003157462998729515
tax_1097667,69,N_3pct,ck5,0.005784883074878899,-0.004753974118958881,0.014983909042804213,0.011050340298374706,0.0010961931951589787,0.02226887171326291
tax_1097667,69,N_3pct,pseknc_k3_l3,0.004590688506667107,-0.0024736868075696306,0.012091684529777842,-0.0004457138168798558,-0.00934135097416842,0.007925521343017796
tax_1097667,69,N_3pct,pseeiip,0.0013728606189100656,-0.006059133774010123,0.008591300409015807,0.0005711906203665906,-0.008780868028534818,0.009399380785600452
tax_1097667,69,clean,ck4,-0.007658535665862831,-0.01355343468224148,-0.001016792561172616,-0.002874306594895626,-0.01001719365544918,0.004212600804626595
tax_1097667,69,clean,ck4_p,-0.003847142552733551,-0.007615365006543945,0.0007565685639456921,-0.0029410660727913207,-0.007536702970392104,0.001654026607319817
tax_1097667,69,clean,ck4_msp,-0.004694925845400322,-0.008512721319951339,-0.0005032181430478233,-0.00420170020446109,-0.008840731784374683,0.001216889762754575
tax_1097667,69,clean,ck5,-0.0019159765546331586,-0.009386237957188398,0.005195155683751593,0.0033494806688626477,-0.004710460819351417,0.012123565279805334
tax_1097667,69,clean,pseknc_k3_l3,0.0051123640467864995,-0.0023323821612712486,0.011806633879212807,7.59617232395371e-05,-0.009573397334730076,0.00970686733886049
tax_1097667,69,clean,pseeiip,-0.0007890385359689001,-0.00823437799674484,0.0055387909211217605,-0.001590708534512375,-0.009266934233926999,0.006807042517572368
tax_1097667,69,substitution_1pct,ck4,-0.0055463092442965545,-0.011066786503673593,-0.00010566179717778962,-0.0007620801733293492,-0.008730336113732234,0.005496299422799447
tax_1097667,69,substitution_1pct,ck4_p,-0.003814876392108313,-0.00720602885183215,-0.0004658803183761189,-0.0029087999121660824,-0.007921846551878612,0.0017157990022704324
tax_1097667,69,substitution_1pct,ck4_msp,-0.003827033038402261,-0.008430461389054228,0.0003535374032689387,-0.003333807397463029,-0.008399417285829958,0.0021125803421972013
tax_1097667,69,substitution_1pct,ck5,0.002312046387484501,-0.006426705884434086,0.012048530564398622,0.007577503610980307,-0.0016626074374822993,0.019331161714032038
tax_1097667,69,substitution_1pct,pseknc_k3_l3,0.006799477326397296,0.000548922986809389,0.015224321597995876,0.001763075002850334,-0.006147878813947466,0.012069089158379731
tax_1097667,69,substitution_1pct,pseeiip,0.002563966524858907,-0.005783776587392031,0.010125187301071504,0.0017622965263154322,-0.008257873701623588,0.011035190503331706
tax_1097667,75,N_3pct,ck4,-0.0025562498319702254,-0.007979000129679389,0.0028999747443495837,0.00222797923899698,-0.004429018439892138,0.00941317008098208
tax_1097667,75,N_3pct,ck4_p,-0.002536705126749972,-0.00585269892943033,0.0012316942456059349,-0.0016306286468077413,-0.005808536809170079,0.00252714593674922
tax_1097667,75,N_3pct,ck4_msp,-0.0020886035557794447,-0.005424672647782985,0.0008339385129813193,-0.0015953779148402125,-0.00582042206169725,0.0025600937077143895
tax_1097667,75,N_3pct,ck5,-0.002205317950658592,-0.009383242677913923,0.005371063448915283,0.0030601392728372145,-0.005687812852802954,0.010582531011372177
tax_1097667,75,N_3pct,pseknc_k3_l3,-0.001635447614404817,-0.00917746438900784,0.0037387137167811447,-0.006671849937951779,-0.015071767869957512,-0.00032615070051612415
tax_1097667,75,N_3pct,pseeiip,-0.0006957561591762751,-0.009092954117408052,0.006856558878851196,-0.00149742615771975,-0.010825462867683287,0.00822335120953361
tax_1097667,75,clean,ck4,-0.004766014474446023,-0.009402163363568144,0.0006867960616477627,1.821459652118218e-05,-0.006266930046367458,0.0062942527588380395
tax_1097667,75,clean,ck4_p,-0.0013277910034231732,-0.005103785530646304,0.0012160501367735105,-0.00042171452348094274,-0.005444107792663033,0.0037712888077259614
tax_1097667,75,clean,ck4_msp,-0.002163143685845026,-0.004718870588197235,0.00036048047706759294,-0.0016699180449057938,-0.006263427888673368,0.002106660884377418
tax_1097667,75,clean,ck5,-0.005736968843075174,-0.013686184833314083,0.002606183481642929,-0.0004715116195793678,-0.010238277827058464,0.008683330664407869
tax_1097667,75,clean,pseknc_k3_l3,0.0029421000186233837,-0.0029577003749937988,0.010921940898604432,-0.0020943023049235787,-0.010531667870537728,0.006399700583331739
tax_1097667,75,clean,pseeiip,0.001661156613853687,-0.004652069334687258,0.009509841362377322,0.0008594866153102121,-0.00642590891792755,0.008824021682002959
tax_1097667,75,substitution_1pct,ck4,-0.008485374178368144,-0.013740404541624182,-0.0026541072361368633,-0.0037011451074009383,-0.010443268313352388,0.0033916109425854326
tax_1097667,75,substitution_1pct,ck4_p,-0.0012905546016162006,-0.0038366206730113313,0.0012509883622450584,-0.0003844781216739701,-0.00418255140038892,0.0037655685080159877
tax_1097667,75,substitution_1pct,ck4_msp,-0.0008851313253862569,-0.004256139238997902,0.0024683715816870705,-0.0003919056844470248,-0.005000371630286446,0.004615649570407251
tax_1097667,75,substitution_1pct,ck5,-0.005238715224354262,-0.01413031606675583,0.0027245389626499084,2.674199914154407e-05,-0.009119817319589751,0.010012943594985549
tax_1097667,75,substitution_1pct,pseknc_k3_l3,0.0017476689914073251,-0.006184420706824364,0.009256927667280868,-0.0032887333321396373,-0.012043165975208507,0.005152150674502286
tax_1097667,75,substitution_1pct,pseeiip,-0.000826138142305366,-0.009189978969369073,0.006671245500753767,-0.001627808140848841,-0.009977290870143807,0.008016190508595184
tax_1097667,100,N_3pct,ck4,-0.006814015705747134,-0.01180982554924354,-0.001295916040069806,-0.0020297866347799287,-0.008720930800502551,0.004260669372864812
tax_1097667,100,N_3pct,ck4_p,-0.00343596722915529,-0.007236333823697228,0.0003115176537783205,-0.0025298907492130596,-0.007102551266367918,0.0016599155242734563
tax_1097667,100,N_3pct,ck4_msp,-0.00211771174337283,-0.005044155859748592,0.0003927797308408116,-0.0016244861024335977,-0.0053739080946714314,0.001739301975030605
tax_1097667,100,N_3pct,ck5,-0.006132247848654071,-0.012141390921475172,0.0013917023900711172,-0.0008667906251582647,-0.009311811722774581,0.00684876651951188
tax_1097667,100,N_3pct,pseknc_k3_l3,0.00573722995618664,-0.0014170178512299732,0.013238229182713116,0.0007008276326396778,-0.005531030306319229,0.007820683684708245
tax_1097667,100,N_3pct,pseeiip,-0.0007915502477828795,-0.007918045346647154,0.006795693776539295,-0.0015932202463263545,-0.008234222889339568,0.005122107092189673
tax_1097667,100,clean,ck4,-0.004784229070967205,-0.009483137787379303,-0.00010988049531001619,0.0,0.0,0.0
tax_1097667,100,clean,ck4_p,-0.0009060764799422305,-0.0034725698754455078,0.0016324164060061291,0.0,0.0,0.0
tax_1097667,100,clean,ck4_msp,-0.0004932256409392322,-0.0034214463103606207,0.0020454319121542665,0.0,0.0,0.0
tax_1097667,100,clean,ck5,-0.005265457223495806,-0.013251713915803062,0.0005936585762565644,0.0,0.0,0.0
tax_1097667,100,clean,pseknc_k3_l3,0.005036402323546962,-0.0008770551992564405,0.012586300830172467,0.0,0.0,0.0
tax_1097667,100,clean,pseeiip,0.000801669998543475,-0.005120166744986587,0.007912762896932444,0.0,0.0,0.0
tax_1097667,100,substitution_1pct,ck4,-0.006844736230417925,-0.012728939573871254,-0.002599031046345963,-0.0020605071594507196,-0.006659958687381611,0.001743713640823063
tax_1097667,100,substitution_1pct,ck4_p,-0.0017269984528197613,-0.005092225716137317,0.0016499136984779667,-0.0008209219728775308,-0.003354488452991927,0.00171973922556424
tax_1097667,100,substitution_1pct,ck4_msp,-0.00046723873504872504,-0.0034068835210579905,0.0024745799870048877,2.5986905890507117e-05,-0.0024770096718867403,0.003001840472156444
tax_1097667,100,substitution_1pct,ck5,-0.00021138200116099792,-0.006486915456965938,0.006018926423023133,0.0050540752223348084,-0.00045768263499528465,0.01089492302052362
tax_1097667,100,substitution_1pct,pseknc_k3_l3,0.0016735573064373677,-0.005423098351412986,0.008393637381031238,-0.0033628450171095947,-0.008821258874628661,0.0019953303667326677
tax_1097667,100,substitution_1pct,pseeiip,-0.0012716495555517016,-0.007937471969993734,0.00496412281199283,-0.0020733195540951765,-0.007458798632891598,0.003773491951954439
