panel,representation,cell_1,cell_2,value,metric
A,ck4,69,substitution_1pct,0.1609372031715278,standardized_drift
A,ck4p_msp,69,substitution_1pct,0.0931292297951307,standardized_drift
A,pseknc_k3_l3,69,substitution_1pct,0.0861450848503225,standardized_drift
A,ncp_anf,69,substitution_1pct,0.0848792501714986,standardized_drift
A,pseeiip,69,substitution_1pct,0.1194109639679075,standardized_drift
A,ck4,69,N_3pct,0.2627228030096423,standardized_drift
A,ck4p_msp,69,N_3pct,0.1582009242108077,standardized_drift
A,pseknc_k3_l3,69,N_3pct,0.1408385206005265,standardized_drift
A,ncp_anf,69,N_3pct,0.1703100826862634,standardized_drift
A,pseeiip,69,N_3pct,0.1914792713349679,standardized_drift
A,ck4,69,trim_5bp,0.2137283586329761,standardized_drift
A,ck4p_msp,69,trim_5bp,0.1268223682361521,standardized_drift
A,pseknc_k3_l3,69,trim_5bp,0.1291730608019208,standardized_drift
A,ncp_anf,69,trim_5bp,0.2619057988247438,standardized_drift
A,pseeiip,69,trim_5bp,0.1765285347655052,standardized_drift
A,ck4,69,substitution_1pct_N_3pct,0.3294454077175174,standardized_drift
A,ck4p_msp,69,substitution_1pct_N_3pct,0.1958618897548794,standardized_drift
A,pseknc_k3_l3,69,substitution_1pct_N_3pct,0.1749606773060606,standardized_drift
A,ncp_anf,69,substitution_1pct_N_3pct,0.2009591236470624,standardized_drift
A,pseeiip,69,substitution_1pct_N_3pct,0.2385381160887519,standardized_drift
A,ck4,69,short_indel,0.1256998926803363,standardized_drift
A,ck4p_msp,69,short_indel,0.0728452853684205,standardized_drift
A,pseknc_k3_l3,69,short_indel,0.0630686907049355,standardized_drift
A,ncp_anf,69,short_indel,0.3272828320810796,standardized_drift
A,pseeiip,69,short_indel,0.0855560480165,standardized_drift
A,ck4,69,local_mismatch_6bp,0.397342239896548,standardized_drift
A,ck4p_msp,69,local_mismatch_6bp,0.2308044479529724,standardized_drift
A,pseknc_k3_l3,69,local_mismatch_6bp,0.2296161538073765,standardized_drift
A,ncp_anf,69,local_mismatch_6bp,0.333405800941876,standardized_drift
A,pseeiip,69,local_mismatch_6bp,0.3169878101216939,standardized_drift
A,ck4,75,substitution_1pct,0.1446212981322754,standardized_drift
A,ck4p_msp,75,substitution_1pct,0.083690453823753,standardized_drift
A,pseknc_k3_l3,75,substitution_1pct,0.075676490404334,standardized_drift
A,ncp_anf,75,substitution_1pct,0.0780329250798325,standardized_drift
A,pseeiip,75,substitution_1pct,0.1054438509280917,standardized_drift
A,ck4,75,N_3pct,0.2454599967445739,standardized_drift
A,ck4p_msp,75,N_3pct,0.1478615629187687,standardized_drift
A,pseknc_k3_l3,75,N_3pct,0.1310387512182883,standardized_drift
A,ncp_anf,75,N_3pct,0.1595626235291813,standardized_drift
A,pseeiip,75,N_3pct,0.1781933477898208,standardized_drift
A,ck4,75,trim_5bp,0.198948942880259,standardized_drift
A,ck4p_msp,75,trim_5bp,0.1180639604278761,standardized_drift
A,pseknc_k3_l3,75,trim_5bp,0.1202022106752895,standardized_drift
A,ncp_anf,75,trim_5bp,0.2531763804142641,standardized_drift
A,pseeiip,75,trim_5bp,0.1649666702643072,standardized_drift
A,ck4,75,substitution_1pct_N_3pct,0.3180832929534827,standardized_drift
A,ck4p_msp,75,substitution_1pct_N_3pct,0.1887246134570495,standardized_drift
A,pseknc_k3_l3,75,substitution_1pct_N_3pct,0.1671852720926307,standardized_drift
A,ncp_anf,75,substitution_1pct_N_3pct,0.1940356066081651,standardized_drift
A,pseeiip,75,substitution_1pct_N_3pct,0.229544027019123,standardized_drift
A,ck4,75,short_indel,0.1282901721997943,standardized_drift
A,ck4p_msp,75,short_indel,0.0743429488438207,standardized_drift
A,pseknc_k3_l3,75,short_indel,0.0629457281540667,standardized_drift
A,ncp_anf,75,short_indel,0.3523557883730526,standardized_drift
A,pseeiip,75,short_indel,0.0871221760402614,standardized_drift
A,ck4,75,local_mismatch_6bp,0.3724660742517046,standardized_drift
A,ck4p_msp,75,local_mismatch_6bp,0.216213688663116,standardized_drift
A,pseknc_k3_l3,75,local_mismatch_6bp,0.2121199871862163,standardized_drift
A,ncp_anf,75,local_mismatch_6bp,0.3178719745784279,standardized_drift
A,pseeiip,75,local_mismatch_6bp,0.2948777220486163,standardized_drift
A,ck4,100,substitution_1pct,0.1564991425150965,standardized_drift
A,ck4p_msp,100,substitution_1pct,0.0905175635773809,standardized_drift
A,pseknc_k3_l3,100,substitution_1pct,0.0788392772545216,standardized_drift
A,ncp_anf,100,substitution_1pct,0.0906793706158897,standardized_drift
A,pseeiip,100,substitution_1pct,0.1115701723460172,standardized_drift
A,ck4,100,N_3pct,0.2429788773961406,standardized_drift
A,ck4p_msp,100,N_3pct,0.1468775023420107,standardized_drift
A,pseknc_k3_l3,100,N_3pct,0.1251001773042278,standardized_drift
A,ncp_anf,100,N_3pct,0.1718947207231884,standardized_drift
A,pseeiip,100,N_3pct,0.1714165197443799,standardized_drift
A,ck4,100,trim_5bp,0.1578019392202952,standardized_drift
A,ck4p_msp,100,trim_5bp,0.0934670832532836,standardized_drift
A,pseknc_k3_l3,100,trim_5bp,0.0902307706831201,standardized_drift
A,ncp_anf,100,trim_5bp,0.2187893020695883,standardized_drift
A,pseeiip,100,trim_5bp,0.1270777622054117,standardized_drift
A,ck4,100,substitution_1pct_N_3pct,0.2992510626886194,standardized_drift
A,ck4p_msp,100,substitution_1pct_N_3pct,0.1785205975801373,standardized_drift
A,pseknc_k3_l3,100,substitution_1pct_N_3pct,0.1542538801051594,standardized_drift
A,ncp_anf,100,substitution_1pct_N_3pct,0.2006209835914059,standardized_drift
A,pseeiip,100,substitution_1pct_N_3pct,0.2148551150709464,standardized_drift
A,ck4,100,short_indel,0.1248616409821662,standardized_drift
A,ck4p_msp,100,short_indel,0.0723136455157357,standardized_drift
A,pseknc_k3_l3,100,short_indel,0.0593742125646504,standardized_drift
A,ncp_anf,100,short_indel,0.400232990220415,standardized_drift
A,pseeiip,100,short_indel,0.0837536340409398,standardized_drift
A,ck4,100,local_mismatch_6bp,0.2976720934759136,standardized_drift
A,ck4p_msp,100,local_mismatch_6bp,0.1726771342409097,standardized_drift
A,pseknc_k3_l3,100,local_mismatch_6bp,0.1626270638281103,standardized_drift
A,ncp_anf,100,local_mismatch_6bp,0.2751758007668172,standardized_drift
A,pseeiip,100,local_mismatch_6bp,0.2306262909759785,standardized_drift
A,ck4,125,substitution_1pct,0.1495272138859649,standardized_drift
A,ck4p_msp,125,substitution_1pct,0.0864761977495044,standardized_drift
A,pseknc_k3_l3,125,substitution_1pct,0.07263404255023,standardized_drift
A,ncp_anf,125,substitution_1pct,0.0933013378948553,standardized_drift
A,pseeiip,125,substitution_1pct,0.1052314516951124,standardized_drift
A,ck4,125,N_3pct,0.2367068904752401,standardized_drift
A,ck4p_msp,125,N_3pct,0.1437043752120099,standardized_drift
A,pseknc_k3_l3,125,N_3pct,0.119295297982368,standardized_drift
A,ncp_anf,125,N_3pct,0.1784545162542342,standardized_drift
A,pseeiip,125,N_3pct,0.1654523292403068,standardized_drift
A,ck4,125,trim_5bp,0.1317647871450408,standardized_drift
A,ck4p_msp,125,trim_5bp,0.077547951951665,standardized_drift
A,pseknc_k3_l3,125,trim_5bp,0.0741056155652077,standardized_drift
A,ncp_anf,125,trim_5bp,0.198088098291236,standardized_drift
A,pseeiip,125,trim_5bp,0.106940602575684,standardized_drift
A,ck4,125,substitution_1pct_N_3pct,0.2969976188563563,standardized_drift
A,ck4p_msp,125,substitution_1pct_N_3pct,0.1774600838596058,standardized_drift
A,pseknc_k3_l3,125,substitution_1pct_N_3pct,0.148836167530142,standardized_drift
A,ncp_anf,125,substitution_1pct_N_3pct,0.2088311015010761,standardized_drift
A,pseeiip,125,substitution_1pct_N_3pct,0.2091961718016025,standardized_drift
A,ck4,125,short_indel,0.1283231253345301,standardized_drift
A,ck4p_msp,125,short_indel,0.0743133532455404,standardized_drift
A,pseknc_k3_l3,125,short_indel,0.0586812287396007,standardized_drift
A,ncp_anf,125,short_indel,0.4764252192129447,standardized_drift
A,pseeiip,125,short_indel,0.0842592858504256,standardized_drift
A,ck4,125,local_mismatch_6bp,0.2510417365430834,standardized_drift
A,ck4p_msp,125,local_mismatch_6bp,0.145630754371828,standardized_drift
A,pseknc_k3_l3,125,local_mismatch_6bp,0.1321657581018708,standardized_drift
A,ncp_anf,125,local_mismatch_6bp,0.2475336621661274,standardized_drift
A,pseeiip,125,local_mismatch_6bp,0.1908421142167374,standardized_drift
A,ck4,150,substitution_1pct,0.1449864302695268,standardized_drift
A,ck4p_msp,150,substitution_1pct,0.0838612220876522,standardized_drift
A,pseknc_k3_l3,150,substitution_1pct,0.0690425720122303,standardized_drift
A,ncp_anf,150,substitution_1pct,0.095826685304219,standardized_drift
A,pseeiip,150,substitution_1pct,0.1006355186996193,standardized_drift
A,ck4,150,N_3pct,0.2045295693116368,standardized_drift
A,ck4p_msp,150,N_3pct,0.1238908625691772,standardized_drift
A,pseknc_k3_l3,150,N_3pct,0.1006346801464379,standardized_drift
A,ncp_anf,150,N_3pct,0.1610439890110943,standardized_drift
A,pseeiip,150,N_3pct,0.1394294464649791,standardized_drift
A,ck4,150,trim_5bp,0.1142756110624995,standardized_drift
A,ck4p_msp,150,trim_5bp,0.0675906528340598,standardized_drift
A,pseknc_k3_l3,150,trim_5bp,0.0618459308138151,standardized_drift
A,ncp_anf,150,trim_5bp,0.1787823008648943,standardized_drift
A,pseeiip,150,trim_5bp,0.0895252275998741,standardized_drift
A,ck4,150,substitution_1pct_N_3pct,0.2653525779095499,standardized_drift
A,ck4p_msp,150,substitution_1pct_N_3pct,0.1579400966576081,standardized_drift
A,pseknc_k3_l3,150,substitution_1pct_N_3pct,0.1283590497043011,standardized_drift
A,ncp_anf,150,substitution_1pct_N_3pct,0.1960159730852089,standardized_drift
A,pseeiip,150,substitution_1pct_N_3pct,0.1822146192677508,standardized_drift
A,ck4,150,short_indel,0.1205766845142117,standardized_drift
A,ck4p_msp,150,short_indel,0.0698003691671709,standardized_drift
A,pseknc_k3_l3,150,short_indel,0.0539417625496913,standardized_drift
A,ncp_anf,150,short_indel,0.5045139418810842,standardized_drift
A,pseeiip,150,short_indel,0.0783286175847879,standardized_drift
A,ck4,150,local_mismatch_6bp,0.2142611872220511,standardized_drift
A,ck4p_msp,150,local_mismatch_6bp,0.1242256517062183,standardized_drift
A,pseknc_k3_l3,150,local_mismatch_6bp,0.1107370167537031,standardized_drift
A,ncp_anf,150,local_mismatch_6bp,0.2261693811246926,standardized_drift
A,pseeiip,150,local_mismatch_6bp,0.1612711100378078,standardized_drift
B,ck4,69,center,0.7955806043950258,grouped_local_change_macro_f1
B,ck4p_msp,69,center,0.9739745690981656,grouped_local_change_macro_f1
B,pseknc_k3_l3,69,center,0.8175276279758336,grouped_local_change_macro_f1
B,ncp_anf,69,center,0.965949706461526,grouped_local_change_macro_f1
B,pseeiip,69,center,0.7934109860428896,grouped_local_change_macro_f1
B,ck4,69,jittered,0.7255860642268139,grouped_local_change_macro_f1
B,ck4p_msp,69,jittered,0.8976557023065943,grouped_local_change_macro_f1
B,pseknc_k3_l3,69,jittered,0.7611906882456974,grouped_local_change_macro_f1
B,ncp_anf,69,jittered,0.9296690552884506,grouped_local_change_macro_f1
B,pseeiip,69,jittered,0.751652296050722,grouped_local_change_macro_f1
B,ck4,69,left,0.7711475392004168,grouped_local_change_macro_f1
B,ck4p_msp,69,left,0.9839911938351078,grouped_local_change_macro_f1
B,pseknc_k3_l3,69,left,0.8094625316850452,grouped_local_change_macro_f1
B,ncp_anf,69,left,0.9759603161702796,grouped_local_change_macro_f1
B,pseeiip,69,left,0.7685794324239792,grouped_local_change_macro_f1
B,ck4,69,right,0.7497843183730689,grouped_local_change_macro_f1
B,ck4p_msp,69,right,0.981987389610986,grouped_local_change_macro_f1
B,pseknc_k3_l3,69,right,0.7929206030458502,grouped_local_change_macro_f1
B,ncp_anf,69,right,0.9538314568685856,grouped_local_change_macro_f1
B,pseeiip,69,right,0.7737251572149177,grouped_local_change_macro_f1
B,ck4,100,center,0.9118676515654874,grouped_local_change_macro_f1
B,ck4p_msp,100,center,0.97798578897073,grouped_local_change_macro_f1
B,pseknc_k3_l3,100,center,0.8877071332395976,grouped_local_change_macro_f1
B,ncp_anf,100,center,0.9739601161502778,grouped_local_change_macro_f1
B,pseeiip,100,center,0.8573666934269077,grouped_local_change_macro_f1
B,ck4,100,jittered,0.9398941496896448,grouped_local_change_macro_f1
B,ck4p_msp,100,jittered,0.9719827877102196,grouped_local_change_macro_f1
B,pseknc_k3_l3,100,jittered,0.9077498346022548,grouped_local_change_macro_f1
B,ncp_anf,100,jittered,0.9639422908130836,grouped_local_change_macro_f1
B,pseeiip,100,jittered,0.8758403293784822,grouped_local_change_macro_f1
B,ck4,100,left,0.94394107718998,grouped_local_change_macro_f1
B,ck4p_msp,100,left,0.987997599279736,grouped_local_change_macro_f1
B,pseknc_k3_l3,100,left,0.9299645555930603,grouped_local_change_macro_f1
B,ncp_anf,100,left,0.9759783733222872,grouped_local_change_macro_f1
B,pseeiip,100,left,0.9078930122959984,grouped_local_change_macro_f1
B,ck4,100,right,0.9559209725139108,grouped_local_change_macro_f1
B,ck4p_msp,100,right,0.989997799299738,grouped_local_change_macro_f1
B,pseknc_k3_l3,100,right,0.9138500381135792,grouped_local_change_macro_f1
B,ncp_anf,100,right,0.9658225418549258,grouped_local_change_macro_f1
B,pseeiip,100,right,0.8977001003078747,grouped_local_change_macro_f1
B,ck4,150,center,0.9679442335490932,grouped_local_change_macro_f1
B,ck4p_msp,150,center,0.987992794475364,grouped_local_change_macro_f1
B,pseknc_k3_l3,150,center,0.9579344447596824,grouped_local_change_macro_f1
B,ncp_anf,150,center,0.9518627115143218,grouped_local_change_macro_f1
B,pseeiip,150,center,0.9479450369929447,grouped_local_change_macro_f1
B,ck4,150,jittered,0.9819729366630984,grouped_local_change_macro_f1
B,ck4p_msp,150,jittered,0.995999599959996,grouped_local_change_macro_f1
B,pseknc_k3_l3,150,jittered,0.9319117798186192,grouped_local_change_macro_f1
B,ncp_anf,150,jittered,0.9171334972240792,grouped_local_change_macro_f1
B,pseeiip,150,jittered,0.9499785733422892,grouped_local_change_macro_f1
B,ck4,150,left,0.9839887902312402,grouped_local_change_macro_f1
B,ck4p_msp,150,left,0.995999599959996,grouped_local_change_macro_f1
B,pseknc_k3_l3,150,left,0.9699757706596188,grouped_local_change_macro_f1
B,ncp_anf,150,left,0.9859949980592296,grouped_local_change_macro_f1
B,pseeiip,150,left,0.9579560438580992,grouped_local_change_macro_f1
B,ck4,150,right,0.979971536042844,grouped_local_change_macro_f1
B,ck4p_msp,150,right,0.997999799979998,grouped_local_change_macro_f1
B,pseknc_k3_l3,150,right,0.9619420328488312,grouped_local_change_macro_f1
B,ncp_anf,150,right,0.943790638510681,grouped_local_change_macro_f1
B,pseeiip,150,right,0.957935186866413,grouped_local_change_macro_f1
C,ck4,75,dimension,136.0,feature_dimension
C,ck4p_msp,75,dimension,222.0,feature_dimension
C,pseknc_k3_l3,75,dimension,67.0,feature_dimension
C,ncp_anf,75,dimension,300.0,feature_dimension
C,pseeiip,75,dimension,64.0,feature_dimension
D,ck4,long_duration_full_run_median,75_bp_10000_reads,1.294913399964571,reference_runtime_seconds
D,ck4p_msp,long_duration_full_run_median,75_bp_10000_reads,1.3502091998234391,reference_runtime_seconds
D,pseknc_k3_l3,long_duration_full_run_median,75_bp_10000_reads,25.14430040004663,reference_runtime_seconds
D,ncp_anf,long_duration_full_run_median,75_bp_10000_reads,1.0523253999417648,reference_runtime_seconds
D,pseeiip,long_duration_full_run_median,75_bp_10000_reads,0.8423106998670846,reference_runtime_seconds
