length,fold,representation,representation_label,n_features,macro_f1,accuracy
50,1,ck4,CK4,136,0.5811038541068875,0.5873015873015873
50,2,ck4,CK4,136,0.6673591545955585,0.6825396825396826
50,3,ck4,CK4,136,0.705105105105105,0.7037037037037037
50,4,ck4,CK4,136,0.7918902802623734,0.8148148148148148
50,5,ck4,CK4,136,0.40175899750367833,0.4444444444444444
50,1,ck5,CK5,512,0.6679042679042678,0.6666666666666666
50,2,ck5,CK5,512,0.6790432485050758,0.6825396825396826
50,3,ck5,CK5,512,0.701058201058201,0.7037037037037037
50,4,ck5,CK5,512,0.781643770015863,0.7962962962962963
50,5,ck5,CK5,512,0.5544467787114846,0.5555555555555556
50,1,ck4p_msp,CK4P-MSP,222,0.6054545454545455,0.6190476190476191
50,2,ck4p_msp,CK4P-MSP,222,0.6307519640852973,0.6507936507936508
50,3,ck4p_msp,CK4P-MSP,222,0.6611922927712401,0.6666666666666666
50,4,ck4p_msp,CK4P-MSP,222,0.7103377357884252,0.7592592592592593
50,5,ck4p_msp,CK4P-MSP,222,0.4318097361575622,0.46296296296296297
50,1,ck4p_msp_pkm_w025,CK4P-MSP-PKM,297,0.7782945736434108,0.7777777777777778
50,2,ck4p_msp_pkm_w025,CK4P-MSP-PKM,297,0.724878724878725,0.7301587301587301
50,3,ck4p_msp_pkm_w025,CK4P-MSP-PKM,297,0.7789473684210527,0.7777777777777778
50,4,ck4p_msp_pkm_w025,CK4P-MSP-PKM,297,0.8293188293188294,0.8333333333333334
50,5,ck4p_msp_pkm_w025,CK4P-MSP-PKM,297,0.5266034327009936,0.5370370370370371
50,1,pseknc_k3_l3,"PseKNC (k=3, lambda=3)",67,0.6194964194964195,0.6190476190476191
50,2,pseknc_k3_l3,"PseKNC (k=3, lambda=3)",67,0.5450924555868859,0.5555555555555556
50,3,pseknc_k3_l3,"PseKNC (k=3, lambda=3)",67,0.6251931075460487,0.6296296296296297
50,4,pseknc_k3_l3,"PseKNC (k=3, lambda=3)",67,0.6647286821705426,0.7037037037037037
50,5,pseknc_k3_l3,"PseKNC (k=3, lambda=3)",67,0.45182196135974567,0.46296296296296297
50,1,pseeiip,PseEIIP,64,0.6203328834907782,0.6190476190476191
50,2,pseeiip,PseEIIP,64,0.5450924555868859,0.5555555555555556
50,3,pseeiip,PseEIIP,64,0.6480938416422287,0.6481481481481481
50,4,pseeiip,PseEIIP,64,0.7064201947922878,0.7407407407407407
50,5,pseeiip,PseEIIP,64,0.43098862802641236,0.4444444444444444
50,1,ncp_anf,NCP+ANF,200,0.8403980966910028,0.8412698412698413
50,2,ncp_anf,NCP+ANF,200,0.9523088023088023,0.9523809523809523
50,3,ncp_anf,NCP+ANF,200,0.6865611741772732,0.6851851851851852
50,4,ncp_anf,NCP+ANF,200,0.9814671814671815,0.9814814814814815
50,5,ncp_anf,NCP+ANF,200,0.7921296296296297,0.7962962962962963
75,1,ck4,CK4,136,0.6782828282828284,0.6825396825396826
75,2,ck4,CK4,136,0.6055796055796056,0.6296296296296297
75,3,ck4,CK4,136,0.6983102918586791,0.7037037037037037
75,4,ck4,CK4,136,0.597951176983435,0.6111111111111112
75,5,ck4,CK4,136,0.48223938223938223,0.48148148148148145
75,1,ck5,CK5,512,0.7457431457431457,0.746031746031746
75,2,ck5,CK5,512,0.6536993326922517,0.6666666666666666
75,3,ck5,CK5,512,0.7558471933471934,0.7592592592592593
75,4,ck5,CK5,512,0.6855340188673522,0.7037037037037037
75,5,ck5,CK5,512,0.5225571098657017,0.5370370370370371
75,1,ck4p_msp,CK4P-MSP,222,0.6746634026927785,0.6825396825396826
75,2,ck4p_msp,CK4P-MSP,222,0.5912491682490222,0.6481481481481481
75,3,ck4p_msp,CK4P-MSP,222,0.6854636591478697,0.7037037037037037
75,4,ck4p_msp,CK4P-MSP,222,0.5302354113948317,0.5555555555555556
75,5,ck4p_msp,CK4P-MSP,222,0.4838570628044312,0.48148148148148145
75,1,ck4p_msp_pkm_w025,CK4P-MSP-PKM,297,0.7602931511042685,0.7619047619047619
75,2,ck4p_msp_pkm_w025,CK4P-MSP-PKM,297,0.6756843800322061,0.7037037037037037
75,3,ck4p_msp_pkm_w025,CK4P-MSP-PKM,297,0.7977262977262978,0.7962962962962963
75,4,ck4p_msp_pkm_w025,CK4P-MSP-PKM,297,0.7171071520316726,0.7407407407407407
75,5,ck4p_msp_pkm_w025,CK4P-MSP-PKM,297,0.5544973544973545,0.5555555555555556
75,1,pseknc_k3_l3,"PseKNC (k=3, lambda=3)",67,0.5138009049773755,0.5238095238095238
75,2,pseknc_k3_l3,"PseKNC (k=3, lambda=3)",67,0.5695238095238095,0.5925925925925926
75,3,pseknc_k3_l3,"PseKNC (k=3, lambda=3)",67,0.7245370370370371,0.7222222222222222
75,4,pseknc_k3_l3,"PseKNC (k=3, lambda=3)",67,0.613985413985414,0.6111111111111112
75,5,pseknc_k3_l3,"PseKNC (k=3, lambda=3)",67,0.44576802507836993,0.4444444444444444
75,1,pseeiip,PseEIIP,64,0.5330065359477124,0.5396825396825397
75,2,pseeiip,PseEIIP,64,0.5981955258929674,0.6111111111111112
75,3,pseeiip,PseEIIP,64,0.7404438698556346,0.7407407407407407
75,4,pseeiip,PseEIIP,64,0.6340852130325815,0.6296296296296297
75,5,pseeiip,PseEIIP,64,0.4467408585055644,0.4444444444444444
75,1,ncp_anf,NCP+ANF,300,0.9360679970436068,0.9365079365079365
75,2,ncp_anf,NCP+ANF,300,0.9814671814671815,0.9814814814814815
75,3,ncp_anf,NCP+ANF,300,0.9258830258830258,0.9259259259259259
75,4,ncp_anf,NCP+ANF,300,0.9247219355578489,0.9259259259259259
75,5,ncp_anf,NCP+ANF,300,0.7561272909320449,0.7592592592592593
100,1,ck4,CK4,136,0.7564509564509564,0.7619047619047619
100,2,ck4,CK4,136,0.7568922305764411,0.7777777777777778
100,3,ck4,CK4,136,0.7370141038871689,0.7407407407407407
100,4,ck4,CK4,136,0.6651186790505677,0.6666666666666666
100,5,ck4,CK4,136,0.5942721916352748,0.5925925925925926
100,1,ck5,CK5,512,0.7306879167344285,0.7301587301587301
100,2,ck5,CK5,512,0.7073684210526316,0.7407407407407407
100,3,ck5,CK5,512,0.7091550215489094,0.7222222222222222
100,4,ck5,CK5,512,0.667919799498747,0.6851851851851852
100,5,ck5,CK5,512,0.5694123335902201,0.5740740740740741
100,1,ck4p_msp,CK4P-MSP,222,0.7405779405779406,0.746031746031746
100,2,ck4p_msp,CK4P-MSP,222,0.6795648795648797,0.7222222222222222
100,3,ck4p_msp,CK4P-MSP,222,0.7370141038871689,0.7407407407407407
100,4,ck4p_msp,CK4P-MSP,222,0.6419385893070103,0.6481481481481481
100,5,ck4p_msp,CK4P-MSP,222,0.5565697543385171,0.5555555555555556
100,1,ck4p_msp_pkm_w025,CK4P-MSP-PKM,297,0.7924263295789103,0.7936507936507936
100,2,ck4p_msp_pkm_w025,CK4P-MSP-PKM,297,0.7407456528146183,0.7592592592592593
100,3,ck4p_msp_pkm_w025,CK4P-MSP-PKM,297,0.7160062160062161,0.7222222222222222
100,4,ck4p_msp_pkm_w025,CK4P-MSP-PKM,297,0.6924231924231924,0.7037037037037037
100,5,ck4p_msp_pkm_w025,CK4P-MSP-PKM,297,0.5743842364532019,0.5740740740740741
100,1,pseknc_k3_l3,"PseKNC (k=3, lambda=3)",67,0.6164021164021164,0.6190476190476191
100,2,pseknc_k3_l3,"PseKNC (k=3, lambda=3)",67,0.6654320987654321,0.6851851851851852
100,3,pseknc_k3_l3,"PseKNC (k=3, lambda=3)",67,0.7205062205062204,0.7222222222222222
100,4,pseknc_k3_l3,"PseKNC (k=3, lambda=3)",67,0.6226350189198486,0.6296296296296297
100,5,pseknc_k3_l3,"PseKNC (k=3, lambda=3)",67,0.4271284271284271,0.42592592592592593
100,1,pseeiip,PseEIIP,64,0.5662931839402428,0.5714285714285714
100,2,pseeiip,PseEIIP,64,0.6739749783228044,0.7037037037037037
100,3,pseeiip,PseEIIP,64,0.780451127819549,0.7777777777777778
100,4,pseeiip,PseEIIP,64,0.6574074074074074,0.6666666666666666
100,5,pseeiip,PseEIIP,64,0.4438236313236314,0.4444444444444444
100,1,ncp_anf,NCP+ANF,400,0.9523255813953488,0.9523809523809523
100,2,ncp_anf,NCP+ANF,400,0.926785919045981,0.9259259259259259
100,3,ncp_anf,NCP+ANF,400,0.8888888888888888,0.8888888888888888
100,4,ncp_anf,NCP+ANF,400,0.9253825253825254,0.9259259259259259
100,5,ncp_anf,NCP+ANF,400,0.7737632737632737,0.7777777777777778
150,1,ck4,CK4,136,0.6933706816059756,0.7142857142857143
150,2,ck4,CK4,136,0.7006631299734748,0.7222222222222222
150,3,ck4,CK4,136,0.7217635592248595,0.7222222222222222
150,4,ck4,CK4,136,0.7434228486860066,0.7407407407407407
150,5,ck4,CK4,136,0.5829994192799072,0.5925925925925926
150,1,ck5,CK5,512,0.7602487061659914,0.7619047619047619
150,2,ck5,CK5,512,0.7407555911966498,0.7592592592592593
150,3,ck5,CK5,512,0.7010310803414251,0.7222222222222222
150,4,ck5,CK5,512,0.7735294117647059,0.7777777777777778
150,5,ck5,CK5,512,0.6144039397383222,0.6296296296296297
150,1,ck4p_msp,CK4P-MSP,222,0.6562118437118437,0.6825396825396826
150,2,ck4p_msp,CK4P-MSP,222,0.7242690058479533,0.7407407407407407
150,3,ck4p_msp,CK4P-MSP,222,0.6914648716379638,0.7037037037037037
150,4,ck4p_msp,CK4P-MSP,222,0.6294880246099759,0.6481481481481481
150,5,ck4p_msp,CK4P-MSP,222,0.5829994192799072,0.5925925925925926
150,1,ck4p_msp_pkm_w025,CK4P-MSP-PKM,297,0.7337584987263365,0.746031746031746
150,2,ck4p_msp_pkm_w025,CK4P-MSP-PKM,297,0.7735471243601325,0.7962962962962963
150,3,ck4p_msp_pkm_w025,CK4P-MSP-PKM,297,0.6912375790424571,0.7222222222222222
150,4,ck4p_msp_pkm_w025,CK4P-MSP-PKM,297,0.7247863247863249,0.7407407407407407
150,5,ck4p_msp_pkm_w025,CK4P-MSP-PKM,297,0.622836661546339,0.6296296296296297
150,1,pseknc_k3_l3,"PseKNC (k=3, lambda=3)",67,0.5072930442949418,0.5396825396825397
150,2,pseknc_k3_l3,"PseKNC (k=3, lambda=3)",67,0.7393074188739823,0.7407407407407407
150,3,pseknc_k3_l3,"PseKNC (k=3, lambda=3)",67,0.7141805266805267,0.7222222222222222
150,4,pseknc_k3_l3,"PseKNC (k=3, lambda=3)",67,0.6607561852148861,0.6851851851851852
150,5,pseknc_k3_l3,"PseKNC (k=3, lambda=3)",67,0.41331692644243917,0.46296296296296297
150,1,pseeiip,PseEIIP,64,0.524529011040639,0.5555555555555556
150,2,pseeiip,PseEIIP,64,0.7412280701754387,0.7407407407407407
150,3,pseeiip,PseEIIP,64,0.6754385964912281,0.6851851851851852
150,4,pseeiip,PseEIIP,64,0.7017838962418663,0.7222222222222222
150,5,pseeiip,PseEIIP,64,0.4162778115912626,0.46296296296296297
150,1,ncp_anf,NCP+ANF,600,0.841053391053391,0.8412698412698413
150,2,ncp_anf,NCP+ANF,600,0.8150503444621092,0.8148148148148148
150,3,ncp_anf,NCP+ANF,600,0.9077694235588972,0.9074074074074074
150,4,ncp_anf,NCP+ANF,600,0.8139083139083138,0.8148148148148148
150,5,ncp_anf,NCP+ANF,600,0.7782665363310525,0.7777777777777778
