representation,representation_label,n_features,fold,length,condition,macro_f1,accuracy,n_test_sources,baseline_macro_f1,retention_ratio
ck4,CK4,136,1,69,N_3pct,0.7678916827852997,0.775,80,0.8563229844447605,0.8967313697450272
ck4,CK4,136,1,69,clean,0.8177083333333333,0.825,80,0.8563229844447605,0.9549064408957036
ck4,CK4,136,1,69,substitution_1pct,0.8315789473684211,0.8375,80,0.8563229844447605,0.9711043174995665
ck4,CK4,136,1,75,N_3pct,0.7936814958091554,0.8,80,0.8563229844447605,0.9268482923225261
ck4,CK4,136,1,75,clean,0.7698209718670077,0.775,80,0.8563229844447605,0.8989843620350321
ck4,CK4,136,1,75,substitution_1pct,0.7936814958091554,0.8,80,0.8563229844447605,0.9268482923225261
ck4,CK4,136,1,100,N_3pct,0.7834050007963052,0.7875,80,0.8563229844447605,0.9148475692314444
ck4,CK4,136,1,100,clean,0.7834050007963052,0.7875,80,0.8563229844447605,0.9148475692314444
ck4,CK4,136,1,100,substitution_1pct,0.7714285714285715,0.775,80,0.8563229844447605,0.9008616905556558
ck4,CK4,136,2,69,N_3pct,0.8372711625723674,0.8375,80,0.8563229844447605,0.9777515934776102
ck4,CK4,136,2,69,clean,0.849906191369606,0.85,80,0.8563229844447605,0.992506573814184
ck4,CK4,136,2,69,substitution_1pct,0.8372711625723674,0.8375,80,0.8563229844447605,0.9777515934776102
ck4,CK4,136,2,75,N_3pct,0.85,0.85,80,0.8563229844447605,0.9926161220011391
ck4,CK4,136,2,75,clean,0.8624785122675418,0.8625,80,0.8563229844447605,1.0071883248897873
ck4,CK4,136,2,75,substitution_1pct,0.85,0.85,80,0.8563229844447605,0.9926161220011391
ck4,CK4,136,2,100,N_3pct,0.875,0.875,80,0.8563229844447605,1.0218107138247021
ck4,CK4,136,2,100,clean,0.887341574088562,0.8875,80,0.8563229844447605,1.0362230025437351
ck4,CK4,136,2,100,substitution_1pct,0.887341574088562,0.8875,80,0.8563229844447605,1.0362230025437351
ck4,CK4,136,3,69,N_3pct,0.8619607843137256,0.8625,80,0.8563229844447605,1.0065837306382948
ck4,CK4,136,3,69,clean,0.8742928975487115,0.875,80,0.8563229844447605,1.0209849711269898
ck4,CK4,136,3,69,substitution_1pct,0.8742928975487115,0.875,80,0.8563229844447605,1.0209849711269898
ck4,CK4,136,3,75,N_3pct,0.8491514770584538,0.85,80,0.8563229844447605,0.9916252307638844
ck4,CK4,136,3,75,clean,0.8607374584586169,0.8625,80,0.8563229844447605,1.0051551506780105
ck4,CK4,136,3,75,substitution_1pct,0.8607374584586169,0.8625,80,0.8563229844447605,1.0051551506780105
ck4,CK4,136,3,100,N_3pct,0.8614391434419777,0.8625,80,0.8563229844447605,1.005974566945128
ck4,CK4,136,3,100,clean,0.8484848484848485,0.85,80,0.8563229844447605,0.9908467527997111
ck4,CK4,136,3,100,substitution_1pct,0.8737373737373737,0.875,80,0.8563229844447605,1.0203362394901787
ck4,CK4,136,4,69,N_3pct,0.8881900768693222,0.9,80,0.8563229844447605,1.0372138702375533
ck4,CK4,136,4,69,clean,0.8730382648562864,0.8875,80,0.8563229844447605,1.019519831553236
ck4,CK4,136,4,69,substitution_1pct,0.8602375960866526,0.875,80,0.8563229844447605,1.0045714195613122
ck4,CK4,136,4,75,N_3pct,0.8575498575498576,0.875,80,0.8563229844447605,1.0014327223809045
ck4,CK4,136,4,75,clean,0.8881900768693222,0.9,80,0.8563229844447605,1.0372138702375533
ck4,CK4,136,4,75,substitution_1pct,0.8730382648562864,0.8875,80,0.8563229844447605,1.019519831553236
ck4,CK4,136,4,100,N_3pct,0.8753246753246753,0.8875,80,0.8563229844447605,1.0221898643678653
ck4,CK4,136,4,100,clean,0.8753246753246753,0.8875,80,0.8563229844447605,1.0221898643678653
ck4,CK4,136,4,100,substitution_1pct,0.8901098901098901,0.9,80,0.8563229844447605,1.0394557967949873
ck4,CK4,136,5,69,N_3pct,0.8999374609130707,0.9,80,0.8563229844447605,1.0509322735236282
ck4,CK4,136,5,69,clean,0.8999374609130707,0.9,80,0.8563229844447605,1.0509322735236282
ck4,CK4,136,5,69,substitution_1pct,0.8999374609130707,0.9,80,0.8563229844447605,1.0509322735236282
ck4,CK4,136,5,75,N_3pct,0.887341574088562,0.8875,80,0.8563229844447605,1.0362230025437351
ck4,CK4,136,5,75,clean,0.887341574088562,0.8875,80,0.8563229844447605,1.0362230025437351
ck4,CK4,136,5,75,substitution_1pct,0.887341574088562,0.8875,80,0.8563229844447605,1.0362230025437351
ck4,CK4,136,5,100,N_3pct,0.899749373433584,0.9,80,0.8563229844447605,1.0507126280359986
ck4,CK4,136,5,100,clean,0.8870588235294118,0.8875,80,0.8563229844447605,1.0358928110572443
ck4,CK4,136,5,100,substitution_1pct,0.8994343180389692,0.9,80,0.8563229844447605,1.0503447114900952
ck5,CK5,512,1,69,N_3pct,0.7893350888742594,0.8,80,0.8614024798200072,0.9163371447911243
ck5,CK5,512,1,69,clean,0.8056680161943319,0.8125,80,0.8614024798200072,0.9352979995630832
ck5,CK5,512,1,69,substitution_1pct,0.819471308833011,0.825,80,0.8614024798200072,0.9513222077143801
ck5,CK5,512,1,75,N_3pct,0.8056680161943319,0.8125,80,0.8614024798200072,0.9352979995630832
ck5,CK5,512,1,75,clean,0.7678916827852997,0.775,80,0.8614024798200072,0.8914435479054497
ck5,CK5,512,1,75,substitution_1pct,0.7797570850202429,0.7875,80,0.8614024798200072,0.9052180638987429
ck5,CK5,512,1,100,N_3pct,0.7579232361841057,0.7625,80,0.8614024798200072,0.8798712029973216
ck5,CK5,512,1,100,clean,0.7834050007963052,0.7875,80,0.8614024798200072,0.9094529202655652
ck5,CK5,512,1,100,substitution_1pct,0.7579232361841057,0.7625,80,0.8614024798200072,0.8798712029973216
ck5,CK5,512,2,69,N_3pct,0.7988686360779385,0.8,80,0.8614024798200072,0.9274046160685127
ck5,CK5,512,2,69,clean,0.8245614035087719,0.825,80,0.8614024798200072,0.9572312859849982
ck5,CK5,512,2,69,substitution_1pct,0.8117647058823529,0.8125,80,0.8614024798200072,0.9423756314841046
ck5,CK5,512,2,75,N_3pct,0.849906191369606,0.85,80,0.8614024798200072,0.9866539872826888
ck5,CK5,512,2,75,clean,0.8624785122675418,0.8625,80,0.8614024798200072,1.0012491633966034
ck5,CK5,512,2,75,substitution_1pct,0.8624785122675418,0.8625,80,0.8614024798200072,1.0012491633966034
ck5,CK5,512,2,100,N_3pct,0.9,0.9,80,0.8614024798200072,1.0448077653410726
ck5,CK5,512,2,100,clean,0.87468671679198,0.875,80,0.8614024798200072,1.015421637716609
ck5,CK5,512,2,100,substitution_1pct,0.887341574088562,0.8875,80,0.8614024798200072,1.030112630130778
ck5,CK5,512,3,69,N_3pct,0.8624785122675418,0.8625,80,0.8614024798200072,1.0012491633966034
ck5,CK5,512,3,69,clean,0.8623063683304647,0.8625,80,0.8614024798200072,1.0010493219274763
ck5,CK5,512,3,69,substitution_1pct,0.8624785122675418,0.8625,80,0.8614024798200072,1.0012491633966034
ck5,CK5,512,3,75,N_3pct,0.849906191369606,0.85,80,0.8614024798200072,0.9866539872826888
ck5,CK5,512,3,75,clean,0.887341574088562,0.8875,80,0.8614024798200072,1.030112630130778
ck5,CK5,512,3,75,substitution_1pct,0.87468671679198,0.875,80,0.8614024798200072,1.015421637716609
ck5,CK5,512,3,100,N_3pct,0.8614391434419777,0.8625,80,0.8614024798200072,1.0000425627077114
ck5,CK5,512,3,100,clean,0.8614391434419777,0.8625,80,0.8614024798200072,1.0000425627077114
ck5,CK5,512,3,100,substitution_1pct,0.8742928975487115,0.875,80,0.8614024798200072,1.0149644539349338
ck5,CK5,512,4,69,N_3pct,0.8647734956051386,0.875,80,0.8614024798200072,1.0039134038548807
ck5,CK5,512,4,69,clean,0.8448245459354611,0.8625,80,0.8614024798200072,0.9807547177156837
ck5,CK5,512,4,69,substitution_1pct,0.8501107136773973,0.8625,80,0.8614024798200072,0.9868914167219842
ck5,CK5,512,4,75,N_3pct,0.8476190476190477,0.8625,80,0.8614024798200072,0.9839988477815393
ck5,CK5,512,4,75,clean,0.8730382648562864,0.8875,80,0.8614024798200072,1.0135079539574934
ck5,CK5,512,4,75,substitution_1pct,0.8881900768693222,0.9,80,0.8614024798200072,1.0310976549021689
ck5,CK5,512,4,100,N_3pct,0.9046159087037984,0.9125,80,0.8614024798200072,1.0501663622942214
ck5,CK5,512,4,100,clean,0.8753246753246753,0.8875,80,0.8614024798200072,1.016162242193193
ck5,CK5,512,4,100,substitution_1pct,0.9030303030303031,0.9125,80,0.8614024798200072,1.0483256366048472
ck5,CK5,512,5,69,N_3pct,0.9124863259884357,0.9125,80,0.8614024798200072,1.0593031101780699
ck5,CK5,512,5,69,clean,0.8999374609130707,0.9,80,0.8614024798200072,1.044735163870338
ck5,CK5,512,5,69,substitution_1pct,0.8999374609130707,0.9,80,0.8614024798200072,1.044735163870338
ck5,CK5,512,5,75,N_3pct,0.887341574088562,0.8875,80,0.8614024798200072,1.030112630130778
ck5,CK5,512,5,75,clean,0.887341574088562,0.8875,80,0.8614024798200072,1.030112630130778
ck5,CK5,512,5,75,substitution_1pct,0.8749218261413383,0.875,80,0.8614024798200072,1.0156945755765134
ck5,CK5,512,5,100,N_3pct,0.887341574088562,0.8875,80,0.8614024798200072,1.030112630130778
ck5,CK5,512,5,100,clean,0.912156862745098,0.9125,80,0.8614024798200072,1.0589206371169213
ck5,CK5,512,5,100,substitution_1pct,0.912156862745098,0.9125,80,0.8614024798200072,1.0589206371169213
ck4p_msp,CK4P-MSP,222,1,69,N_3pct,0.7678916827852997,0.775,80,0.8584650489706362,0.8944938220910208
ck4p_msp,CK4P-MSP,222,1,69,clean,0.7953964194373402,0.8,80,0.8584650489706362,0.9265332588567
ck4p_msp,CK4P-MSP,222,1,69,substitution_1pct,0.8088867654085046,0.8125,80,0.8584650489706362,0.9422477553144654
ck4p_msp,CK4P-MSP,222,1,75,N_3pct,0.7698209718670077,0.775,80,0.8584650489706362,0.89674119265552
ck4p_msp,CK4P-MSP,222,1,75,clean,0.7698209718670077,0.775,80,0.8584650489706362,0.89674119265552
ck4p_msp,CK4P-MSP,222,1,75,substitution_1pct,0.7817364788958434,0.7875,80,0.8584650489706362,0.9106212068076667
ck4p_msp,CK4P-MSP,222,1,100,N_3pct,0.784776072163317,0.7875,80,0.8584650489706362,0.9141619371741717
ck4p_msp,CK4P-MSP,222,1,100,clean,0.7714285714285715,0.775,80,0.8584650489706362,0.898613836816737
ck4p_msp,CK4P-MSP,222,1,100,substitution_1pct,0.7714285714285715,0.775,80,0.8584650489706362,0.898613836816737
ck4p_msp,CK4P-MSP,222,2,69,N_3pct,0.8624785122675418,0.8625,80,0.8584650489706362,1.004675162141683
ck4p_msp,CK4P-MSP,222,2,69,clean,0.85,0.85,80,0.8584650489706362,0.9901393201962194
ck4p_msp,CK4P-MSP,222,2,69,substitution_1pct,0.85,0.85,80,0.8584650489706362,0.9901393201962194
ck4p_msp,CK4P-MSP,222,2,75,N_3pct,0.85,0.85,80,0.8584650489706362,0.9901393201962194
ck4p_msp,CK4P-MSP,222,2,75,clean,0.849906191369606,0.85,80,0.8584650489706362,0.9900300453567761
ck4p_msp,CK4P-MSP,222,2,75,substitution_1pct,0.849906191369606,0.85,80,0.8584650489706362,0.9900300453567761
ck4p_msp,CK4P-MSP,222,2,100,N_3pct,0.875,0.875,80,0.8584650489706362,1.019261064907873
ck4p_msp,CK4P-MSP,222,2,100,clean,0.87468671679198,0.875,80,0.8584650489706362,1.0188961307636166
ck4p_msp,CK4P-MSP,222,2,100,substitution_1pct,0.887341574088562,0.8875,80,0.8584650489706362,1.0336373917057553
ck4p_msp,CK4P-MSP,222,3,69,N_3pct,0.8619607843137256,0.8625,80,0.8584650489706362,1.004072076489638
ck4p_msp,CK4P-MSP,222,3,69,clean,0.8742928975487115,0.875,80,0.8584650489706362,1.0184373826250166
ck4p_msp,CK4P-MSP,222,3,69,substitution_1pct,0.8742928975487115,0.875,80,0.8584650489706362,1.0184373826250166
ck4p_msp,CK4P-MSP,222,3,75,N_3pct,0.8491514770584538,0.85,80,0.8584650489706362,0.9891509014567919
ck4p_msp,CK4P-MSP,222,3,75,clean,0.8476190476190477,0.85,80,0.8584650489706362,0.9873658206998716
ck4p_msp,CK4P-MSP,222,3,75,substitution_1pct,0.8476190476190477,0.85,80,0.8584650489706362,0.9873658206998716
ck4p_msp,CK4P-MSP,222,3,100,N_3pct,0.8354169963601836,0.8375,80,0.8584650489706362,0.9731520198311056
ck4p_msp,CK4P-MSP,222,3,100,clean,0.8737373737373737,0.875,80,0.8584650489706362,1.0177902697204158
ck4p_msp,CK4P-MSP,222,3,100,substitution_1pct,0.8737373737373737,0.875,80,0.8584650489706362,1.0177902697204158
ck4p_msp,CK4P-MSP,222,4,69,N_3pct,0.8730382648562864,0.8875,80,0.8584650489706362,1.0169758989059887
ck4p_msp,CK4P-MSP,222,4,69,clean,0.8730382648562864,0.8875,80,0.8584650489706362,1.0169758989059887
ck4p_msp,CK4P-MSP,222,4,69,substitution_1pct,0.8730382648562864,0.8875,80,0.8584650489706362,1.0169758989059887
ck4p_msp,CK4P-MSP,222,4,75,N_3pct,0.8416981471487678,0.8625,80,0.8584650489706362,0.9804687426215275
ck4p_msp,CK4P-MSP,222,4,75,clean,0.8416981471487678,0.8625,80,0.8584650489706362,0.9804687426215275
ck4p_msp,CK4P-MSP,222,4,75,substitution_1pct,0.8416981471487678,0.8625,80,0.8584650489706362,0.9804687426215275
ck4p_msp,CK4P-MSP,222,4,100,N_3pct,0.8881900768693222,0.9,80,0.8584650489706362,1.0346257869604925
ck4p_msp,CK4P-MSP,222,4,100,clean,0.8730382648562864,0.8875,80,0.8584650489706362,1.0169758989059887
ck4p_msp,CK4P-MSP,222,4,100,substitution_1pct,0.9030303030303031,0.9125,80,0.8584650489706362,1.0519127180694239
ck4p_msp,CK4P-MSP,222,5,69,N_3pct,0.887341574088562,0.8875,80,0.8584650489706362,1.0336373917057553
ck4p_msp,CK4P-MSP,222,5,69,clean,0.887341574088562,0.8875,80,0.8584650489706362,1.0336373917057553
ck4p_msp,CK4P-MSP,222,5,69,substitution_1pct,0.887341574088562,0.8875,80,0.8584650489706362,1.0336373917057553
ck4p_msp,CK4P-MSP,222,5,75,N_3pct,0.887341574088562,0.8875,80,0.8584650489706362,1.0336373917057553
ck4p_msp,CK4P-MSP,222,5,75,clean,0.87468671679198,0.875,80,0.8584650489706362,1.0188961307636166
ck4p_msp,CK4P-MSP,222,5,75,substitution_1pct,0.8870588235294118,0.8875,80,0.8584650489706362,1.0333080241217294
ck4p_msp,CK4P-MSP,222,5,100,N_3pct,0.8870588235294118,0.8875,80,0.8584650489706362,1.0333080241217294
ck4p_msp,CK4P-MSP,222,5,100,clean,0.8994343180389692,0.9,80,0.8584650489706362,1.0477238637932413
ck4p_msp,CK4P-MSP,222,5,100,substitution_1pct,0.8994343180389692,0.9,80,0.8584650489706362,1.0477238637932413
ck4p_msp_pkm_w025,CK4P-MSP-PKM,297,1,69,N_3pct,0.7678916827852997,0.775,80,0.8584650489706362,0.8944938220910208
ck4p_msp_pkm_w025,CK4P-MSP-PKM,297,1,69,clean,0.7953964194373402,0.8,80,0.8584650489706362,0.9265332588567
ck4p_msp_pkm_w025,CK4P-MSP-PKM,297,1,69,substitution_1pct,0.8088867654085046,0.8125,80,0.8584650489706362,0.9422477553144654
ck4p_msp_pkm_w025,CK4P-MSP-PKM,297,1,75,N_3pct,0.7698209718670077,0.775,80,0.8584650489706362,0.89674119265552
ck4p_msp_pkm_w025,CK4P-MSP-PKM,297,1,75,clean,0.7579232361841057,0.7625,80,0.8584650489706362,0.8828818798073519
ck4p_msp_pkm_w025,CK4P-MSP-PKM,297,1,75,substitution_1pct,0.7698209718670077,0.775,80,0.8584650489706362,0.89674119265552
ck4p_msp_pkm_w025,CK4P-MSP-PKM,297,1,100,N_3pct,0.784776072163317,0.7875,80,0.8584650489706362,0.9141619371741717
ck4p_msp_pkm_w025,CK4P-MSP-PKM,297,1,100,clean,0.7714285714285715,0.775,80,0.8584650489706362,0.898613836816737
ck4p_msp_pkm_w025,CK4P-MSP-PKM,297,1,100,substitution_1pct,0.7714285714285715,0.775,80,0.8584650489706362,0.898613836816737
ck4p_msp_pkm_w025,CK4P-MSP-PKM,297,2,69,N_3pct,0.8624785122675418,0.8625,80,0.8584650489706362,1.004675162141683
ck4p_msp_pkm_w025,CK4P-MSP-PKM,297,2,69,clean,0.85,0.85,80,0.8584650489706362,0.9901393201962194
ck4p_msp_pkm_w025,CK4P-MSP-PKM,297,2,69,substitution_1pct,0.8374746054070948,0.8375,80,0.8584650489706362,0.9755488664463271
ck4p_msp_pkm_w025,CK4P-MSP-PKM,297,2,75,N_3pct,0.8624785122675418,0.8625,80,0.8584650489706362,1.004675162141683
ck4p_msp_pkm_w025,CK4P-MSP-PKM,297,2,75,clean,0.8372711625723674,0.8375,80,0.8584650489706362,0.9753118820344732
ck4p_msp_pkm_w025,CK4P-MSP-PKM,297,2,75,substitution_1pct,0.849906191369606,0.85,80,0.8584650489706362,0.9900300453567761
ck4p_msp_pkm_w025,CK4P-MSP-PKM,297,2,100,N_3pct,0.8624785122675418,0.8625,80,0.8584650489706362,1.004675162141683
ck4p_msp_pkm_w025,CK4P-MSP-PKM,297,2,100,clean,0.87468671679198,0.875,80,0.8584650489706362,1.0188961307636166
ck4p_msp_pkm_w025,CK4P-MSP-PKM,297,2,100,substitution_1pct,0.887341574088562,0.8875,80,0.8584650489706362,1.0336373917057553
ck4p_msp_pkm_w025,CK4P-MSP-PKM,297,3,69,N_3pct,0.8742928975487115,0.875,80,0.8584650489706362,1.0184373826250166
ck4p_msp_pkm_w025,CK4P-MSP-PKM,297,3,69,clean,0.8742928975487115,0.875,80,0.8584650489706362,1.0184373826250166
ck4p_msp_pkm_w025,CK4P-MSP-PKM,297,3,69,substitution_1pct,0.8742928975487115,0.875,80,0.8584650489706362,1.0184373826250166
ck4p_msp_pkm_w025,CK4P-MSP-PKM,297,3,75,N_3pct,0.8491514770584538,0.85,80,0.8584650489706362,0.9891509014567919
ck4p_msp_pkm_w025,CK4P-MSP-PKM,297,3,75,clean,0.8476190476190477,0.85,80,0.8584650489706362,0.9873658206998716
ck4p_msp_pkm_w025,CK4P-MSP-PKM,297,3,75,substitution_1pct,0.8476190476190477,0.85,80,0.8584650489706362,0.9873658206998716
ck4p_msp_pkm_w025,CK4P-MSP-PKM,297,3,100,N_3pct,0.8354169963601836,0.8375,80,0.8584650489706362,0.9731520198311056
ck4p_msp_pkm_w025,CK4P-MSP-PKM,297,3,100,clean,0.8737373737373737,0.875,80,0.8584650489706362,1.0177902697204158
ck4p_msp_pkm_w025,CK4P-MSP-PKM,297,3,100,substitution_1pct,0.8737373737373737,0.875,80,0.8584650489706362,1.0177902697204158
ck4p_msp_pkm_w025,CK4P-MSP-PKM,297,4,69,N_3pct,0.8730382648562864,0.8875,80,0.8584650489706362,1.0169758989059887
ck4p_msp_pkm_w025,CK4P-MSP-PKM,297,4,69,clean,0.8730382648562864,0.8875,80,0.8584650489706362,1.0169758989059887
ck4p_msp_pkm_w025,CK4P-MSP-PKM,297,4,69,substitution_1pct,0.8730382648562864,0.8875,80,0.8584650489706362,1.0169758989059887
ck4p_msp_pkm_w025,CK4P-MSP-PKM,297,4,75,N_3pct,0.8416981471487678,0.8625,80,0.8584650489706362,0.9804687426215275
ck4p_msp_pkm_w025,CK4P-MSP-PKM,297,4,75,clean,0.8416981471487678,0.8625,80,0.8584650489706362,0.9804687426215275
ck4p_msp_pkm_w025,CK4P-MSP-PKM,297,4,75,substitution_1pct,0.8416981471487678,0.8625,80,0.8584650489706362,0.9804687426215275
ck4p_msp_pkm_w025,CK4P-MSP-PKM,297,4,100,N_3pct,0.8881900768693222,0.9,80,0.8584650489706362,1.0346257869604925
ck4p_msp_pkm_w025,CK4P-MSP-PKM,297,4,100,clean,0.8730382648562864,0.8875,80,0.8584650489706362,1.0169758989059887
ck4p_msp_pkm_w025,CK4P-MSP-PKM,297,4,100,substitution_1pct,0.8881900768693222,0.9,80,0.8584650489706362,1.0346257869604925
ck4p_msp_pkm_w025,CK4P-MSP-PKM,297,5,69,N_3pct,0.887341574088562,0.8875,80,0.8584650489706362,1.0336373917057553
ck4p_msp_pkm_w025,CK4P-MSP-PKM,297,5,69,clean,0.8999374609130707,0.9,80,0.8584650489706362,1.0483099597265642
ck4p_msp_pkm_w025,CK4P-MSP-PKM,297,5,69,substitution_1pct,0.8999374609130707,0.9,80,0.8584650489706362,1.0483099597265642
ck4p_msp_pkm_w025,CK4P-MSP-PKM,297,5,75,N_3pct,0.887341574088562,0.8875,80,0.8584650489706362,1.0336373917057553
ck4p_msp_pkm_w025,CK4P-MSP-PKM,297,5,75,clean,0.887341574088562,0.8875,80,0.8584650489706362,1.0336373917057553
ck4p_msp_pkm_w025,CK4P-MSP-PKM,297,5,75,substitution_1pct,0.899749373433584,0.9,80,0.8584650489706362,1.0480908623041214
ck4p_msp_pkm_w025,CK4P-MSP-PKM,297,5,100,N_3pct,0.8870588235294118,0.8875,80,0.8584650489706362,1.0333080241217294
ck4p_msp_pkm_w025,CK4P-MSP-PKM,297,5,100,clean,0.8994343180389692,0.9,80,0.8584650489706362,1.0477238637932413
ck4p_msp_pkm_w025,CK4P-MSP-PKM,297,5,100,substitution_1pct,0.8994343180389692,0.9,80,0.8584650489706362,1.0477238637932413
pseknc_k3_l3,"PseKNC (k=3, lambda=3)",67,1,69,N_3pct,0.756058417589472,0.7625,80,0.8559209384722898,0.8833274004710532
pseknc_k3_l3,"PseKNC (k=3, lambda=3)",67,1,69,clean,0.7817364788958434,0.7875,80,0.8559209384722898,0.9133279065367227
pseknc_k3_l3,"PseKNC (k=3, lambda=3)",67,1,69,substitution_1pct,0.7936814958091554,0.8,80,0.8559209384722898,0.9272836545227835
pseknc_k3_l3,"PseKNC (k=3, lambda=3)",67,1,75,N_3pct,0.756058417589472,0.7625,80,0.8559209384722898,0.8833274004710532
pseknc_k3_l3,"PseKNC (k=3, lambda=3)",67,1,75,clean,0.756058417589472,0.7625,80,0.8559209384722898,0.8833274004710532
pseknc_k3_l3,"PseKNC (k=3, lambda=3)",67,1,75,substitution_1pct,0.756058417589472,0.7625,80,0.8559209384722898,0.8833274004710532
pseknc_k3_l3,"PseKNC (k=3, lambda=3)",67,1,100,N_3pct,0.7834050007963052,0.7875,80,0.8559209384722898,0.9152772944129438
pseknc_k3_l3,"PseKNC (k=3, lambda=3)",67,1,100,clean,0.7714285714285715,0.775,80,0.8559209384722898,0.9012848462446468
pseknc_k3_l3,"PseKNC (k=3, lambda=3)",67,1,100,substitution_1pct,0.7834050007963052,0.7875,80,0.8559209384722898,0.9152772944129438
pseknc_k3_l3,"PseKNC (k=3, lambda=3)",67,2,69,N_3pct,0.85,0.85,80,0.8559209384722898,0.9930823768806756
pseknc_k3_l3,"PseKNC (k=3, lambda=3)",67,2,69,clean,0.85,0.85,80,0.8559209384722898,0.9930823768806756
pseknc_k3_l3,"PseKNC (k=3, lambda=3)",67,2,69,substitution_1pct,0.85,0.85,80,0.8559209384722898,0.9930823768806756
pseknc_k3_l3,"PseKNC (k=3, lambda=3)",67,2,75,N_3pct,0.8624785122675418,0.8625,80,0.8559209384722898,1.0076614246719522
pseknc_k3_l3,"PseKNC (k=3, lambda=3)",67,2,75,clean,0.8749218261413383,0.875,80,0.8559209384722898,1.0221993490461427
pseknc_k3_l3,"PseKNC (k=3, lambda=3)",67,2,75,substitution_1pct,0.8623063683304647,0.8625,80,0.8559209384722898,1.0074603033658367
pseknc_k3_l3,"PseKNC (k=3, lambda=3)",67,2,100,N_3pct,0.8874824191279886,0.8875,80,0.8559209384722898,1.0368742943852176
pseknc_k3_l3,"PseKNC (k=3, lambda=3)",67,2,100,clean,0.887341574088562,0.8875,80,0.8559209384722898,1.0367097405893049
pseknc_k3_l3,"PseKNC (k=3, lambda=3)",67,2,100,substitution_1pct,0.9124863259884357,0.9125,80,0.8559209384722898,1.0660871640984833
pseknc_k3_l3,"PseKNC (k=3, lambda=3)",67,3,69,N_3pct,0.8742928975487115,0.875,80,0.8559209384722898,1.021464551514785
pseknc_k3_l3,"PseKNC (k=3, lambda=3)",67,3,69,clean,0.8614391434419777,0.8625,80,0.8559209384722898,1.0064470965969559
pseknc_k3_l3,"PseKNC (k=3, lambda=3)",67,3,69,substitution_1pct,0.8737373737373737,0.875,80,0.8559209384722898,1.0208155151536356
pseknc_k3_l3,"PseKNC (k=3, lambda=3)",67,3,75,N_3pct,0.836246260431428,0.8375,80,0.8559209384722898,0.9770134399609635
pseknc_k3_l3,"PseKNC (k=3, lambda=3)",67,3,75,clean,0.8607374584586169,0.8625,80,0.8559209384722898,1.0056272954309589
pseknc_k3_l3,"PseKNC (k=3, lambda=3)",67,3,75,substitution_1pct,0.8607374584586169,0.8625,80,0.8559209384722898,1.0056272954309589
pseknc_k3_l3,"PseKNC (k=3, lambda=3)",67,3,100,N_3pct,0.8607374584586169,0.8625,80,0.8559209384722898,1.0056272954309589
pseknc_k3_l3,"PseKNC (k=3, lambda=3)",67,3,100,clean,0.8607374584586169,0.8625,80,0.8559209384722898,1.0056272954309589
pseknc_k3_l3,"PseKNC (k=3, lambda=3)",67,3,100,substitution_1pct,0.8607374584586169,0.8625,80,0.8559209384722898,1.0056272954309589
pseknc_k3_l3,"PseKNC (k=3, lambda=3)",67,4,69,N_3pct,0.8602375960866526,0.875,80,0.8559209384722898,1.0050432901221782
pseknc_k3_l3,"PseKNC (k=3, lambda=3)",67,4,69,clean,0.8730382648562864,0.8875,80,0.8559209384722898,1.019998723730896
pseknc_k3_l3,"PseKNC (k=3, lambda=3)",67,4,69,substitution_1pct,0.8575498575498576,0.875,80,0.8559209384722898,1.0019031186227028
pseknc_k3_l3,"PseKNC (k=3, lambda=3)",67,4,75,N_3pct,0.8448245459354611,0.8625,80,0.8559209384722898,0.987035727205559
pseknc_k3_l3,"PseKNC (k=3, lambda=3)",67,4,75,clean,0.8575498575498576,0.875,80,0.8559209384722898,1.0019031186227028
pseknc_k3_l3,"PseKNC (k=3, lambda=3)",67,4,75,substitution_1pct,0.8575498575498576,0.875,80,0.8559209384722898,1.0019031186227028
pseknc_k3_l3,"PseKNC (k=3, lambda=3)",67,4,100,N_3pct,0.8626373626373627,0.875,80,0.8559209384722898,1.0078470146752816
pseknc_k3_l3,"PseKNC (k=3, lambda=3)",67,4,100,clean,0.8730382648562864,0.8875,80,0.8559209384722898,1.019998723730896
pseknc_k3_l3,"PseKNC (k=3, lambda=3)",67,4,100,substitution_1pct,0.8730382648562864,0.8875,80,0.8559209384722898,1.019998723730896
pseknc_k3_l3,"PseKNC (k=3, lambda=3)",67,5,69,N_3pct,0.887341574088562,0.8875,80,0.8559209384722898,1.0367097405893049
pseknc_k3_l3,"PseKNC (k=3, lambda=3)",67,5,69,clean,0.87468671679198,0.875,80,0.8559209384722898,1.0219246632208632
pseknc_k3_l3,"PseKNC (k=3, lambda=3)",67,5,69,substitution_1pct,0.8623063683304647,0.8625,80,0.8559209384722898,1.0074603033658367
pseknc_k3_l3,"PseKNC (k=3, lambda=3)",67,5,75,N_3pct,0.87468671679198,0.875,80,0.8559209384722898,1.0219246632208632
pseknc_k3_l3,"PseKNC (k=3, lambda=3)",67,5,75,clean,0.8870588235294118,0.8875,80,0.8559209384722898,1.036379394004193
pseknc_k3_l3,"PseKNC (k=3, lambda=3)",67,5,75,substitution_1pct,0.8870588235294118,0.8875,80,0.8559209384722898,1.036379394004193
pseknc_k3_l3,"PseKNC (k=3, lambda=3)",67,5,100,N_3pct,0.887341574088562,0.8875,80,0.8559209384722898,1.0367097405893049
pseknc_k3_l3,"PseKNC (k=3, lambda=3)",67,5,100,clean,0.8870588235294118,0.8875,80,0.8559209384722898,1.036379394004193
pseknc_k3_l3,"PseKNC (k=3, lambda=3)",67,5,100,substitution_1pct,0.8870588235294118,0.8875,80,0.8559209384722898,1.036379394004193
pseeiip,PseEIIP,64,1,69,N_3pct,0.7797570850202429,0.7875,80,0.8532764215352266,0.9138387811270974
pseeiip,PseEIIP,64,1,69,clean,0.7817364788958434,0.7875,80,0.8532764215352266,0.9161585380378054
pseeiip,PseEIIP,64,1,69,substitution_1pct,0.8074145402022148,0.8125,80,0.8532764215352266,0.9462520231714636
pseeiip,PseEIIP,64,1,75,N_3pct,0.7698209718670077,0.775,80,0.8532764215352266,0.9021941219024138
pseeiip,PseEIIP,64,1,75,clean,0.7936814958091554,0.8,80,0.8532764215352266,0.9301575383756095
pseeiip,PseEIIP,64,1,75,substitution_1pct,0.8056680161943319,0.8125,80,0.8532764215352266,0.9442051788384859
pseeiip,PseEIIP,64,1,100,N_3pct,0.784776072163317,0.7875,80,0.8532764215352266,0.9197207989778238
pseeiip,PseEIIP,64,1,100,clean,0.7579232361841057,0.7625,80,0.8532764215352266,0.8882505329520765
pseeiip,PseEIIP,64,1,100,substitution_1pct,0.7834050007963052,0.7875,80,0.8532764215352266,0.9181139675543737
pseeiip,PseEIIP,64,2,69,N_3pct,0.85,0.85,80,0.8532764215352266,0.9961601874228146
pseeiip,PseEIIP,64,2,69,clean,0.85,0.85,80,0.8532764215352266,0.9961601874228146
pseeiip,PseEIIP,64,2,69,substitution_1pct,0.8374746054070948,0.8375,80,0.8532764215352266,0.9814810116284464
pseeiip,PseEIIP,64,2,75,N_3pct,0.875,0.875,80,0.8532764215352266,1.0254590164646622
pseeiip,PseEIIP,64,2,75,clean,0.8624785122675418,0.8625,80,0.8532764215352266,1.0107844193277469
pseeiip,PseEIIP,64,2,75,substitution_1pct,0.8624785122675418,0.8625,80,0.8532764215352266,1.0107844193277469
pseeiip,PseEIIP,64,2,100,N_3pct,0.8624785122675418,0.8625,80,0.8532764215352266,1.0107844193277469
pseeiip,PseEIIP,64,2,100,clean,0.887341574088562,0.8875,80,0.8532764215352266,1.039922763237785
pseeiip,PseEIIP,64,2,100,substitution_1pct,0.8999374609130707,0.9,80,0.8532764215352266,1.0546845526258546
pseeiip,PseEIIP,64,3,69,N_3pct,0.8619607843137256,0.8625,80,0.8532764215352266,1.010177666415385
pseeiip,PseEIIP,64,3,69,clean,0.8614391434419777,0.8625,80,0.8532764215352266,1.0095663277464817
pseeiip,PseEIIP,64,3,69,substitution_1pct,0.8614391434419777,0.8625,80,0.8532764215352266,1.0095663277464817
pseeiip,PseEIIP,64,3,75,N_3pct,0.836246260431428,0.8375,80,0.8532764215352266,0.9800414488505873
pseeiip,PseEIIP,64,3,75,clean,0.8607374584586169,0.8625,80,0.8532764215352266,1.0087439858117329
pseeiip,PseEIIP,64,3,75,substitution_1pct,0.8607374584586169,0.8625,80,0.8532764215352266,1.0087439858117329
pseeiip,PseEIIP,64,3,100,N_3pct,0.8476190476190477,0.85,80,0.8532764215352266,0.9933698227521627
pseeiip,PseEIIP,64,3,100,clean,0.8607374584586169,0.8625,80,0.8532764215352266,1.0087439858117329
pseeiip,PseEIIP,64,3,100,substitution_1pct,0.8607374584586169,0.8625,80,0.8532764215352266,1.0087439858117329
pseeiip,PseEIIP,64,4,69,N_3pct,0.8730382648562864,0.8875,80,0.8532764215352266,1.0231599547606203
pseeiip,PseEIIP,64,4,69,clean,0.8881900768693222,0.9,80,0.8532764215352266,1.0409171687543861
pseeiip,PseEIIP,64,4,69,substitution_1pct,0.9030303030303031,0.9125,80,0.8532764215352266,1.0583092187237033
pseeiip,PseEIIP,64,4,75,N_3pct,0.8602375960866526,0.875,80,0.8532764215352266,1.0081581705245075
pseeiip,PseEIIP,64,4,75,clean,0.8881900768693222,0.9,80,0.8532764215352266,1.0409171687543861
pseeiip,PseEIIP,64,4,75,substitution_1pct,0.8881900768693222,0.9,80,0.8532764215352266,1.0409171687543861
pseeiip,PseEIIP,64,4,100,N_3pct,0.8901098901098901,0.9,80,0.8532764215352266,1.043167099951493
pseeiip,PseEIIP,64,4,100,clean,0.8730382648562864,0.8875,80,0.8532764215352266,1.0231599547606203
pseeiip,PseEIIP,64,4,100,substitution_1pct,0.8753246753246753,0.8875,80,0.8532764215352266,1.025839520737933
pseeiip,PseEIIP,64,5,69,N_3pct,0.887341574088562,0.8875,80,0.8532764215352266,1.039922763237785
pseeiip,PseEIIP,64,5,69,clean,0.887341574088562,0.8875,80,0.8532764215352266,1.039922763237785
pseeiip,PseEIIP,64,5,69,substitution_1pct,0.8749218261413383,0.875,80,0.8532764215352266,1.0253674003638433
pseeiip,PseEIIP,64,5,75,N_3pct,0.87468671679198,0.875,80,0.8532764215352266,1.0250918632185237
pseeiip,PseEIIP,64,5,75,clean,0.899749373433584,0.9,80,0.8532764215352266,1.054464122909599
pseeiip,PseEIIP,64,5,75,substitution_1pct,0.899749373433584,0.9,80,0.8532764215352266,1.054464122909599
pseeiip,PseEIIP,64,5,100,N_3pct,0.887341574088562,0.8875,80,0.8532764215352266,1.039922763237785
pseeiip,PseEIIP,64,5,100,clean,0.887341574088562,0.8875,80,0.8532764215352266,1.039922763237785
pseeiip,PseEIIP,64,5,100,substitution_1pct,0.899749373433584,0.9,80,0.8532764215352266,1.054464122909599
ncp_anf,NCP+ANF,400,1,69,N_3pct,0.699812382739212,0.7,80,0.8543107439261837,0.8191543741134069
ncp_anf,NCP+ANF,400,1,69,clean,0.6870599280237835,0.6875,80,0.8543107439261837,0.8042271888870784
ncp_anf,NCP+ANF,400,1,69,substitution_1pct,0.699812382739212,0.7,80,0.8543107439261837,0.8191543741134069
ncp_anf,NCP+ANF,400,1,75,N_3pct,0.7248280175109443,0.725,80,0.8543107439261837,0.8484360318118307
ncp_anf,NCP+ANF,400,1,75,clean,0.699812382739212,0.7,80,0.8543107439261837,0.8191543741134069
ncp_anf,NCP+ANF,400,1,75,substitution_1pct,0.7124550711048601,0.7125,80,0.8543107439261837,0.8339530740660092
ncp_anf,NCP+ANF,400,1,100,N_3pct,0.7606676113997796,0.7625,80,0.8543107439261837,0.8903875045559589
ncp_anf,NCP+ANF,400,1,100,clean,0.7606676113997796,0.7625,80,0.8543107439261837,0.8903875045559589
ncp_anf,NCP+ANF,400,1,100,substitution_1pct,0.784776072163317,0.7875,80,0.8543107439261837,0.9186072839921176
ncp_anf,NCP+ANF,400,2,69,N_3pct,0.8100965342617503,0.8125,80,0.8543107439261837,0.9482457525218088
ncp_anf,NCP+ANF,400,2,69,clean,0.8614391434419777,0.8625,80,0.8543107439261837,1.0083440358984996
ncp_anf,NCP+ANF,400,2,69,substitution_1pct,0.8614391434419777,0.8625,80,0.8543107439261837,1.0083440358984996
ncp_anf,NCP+ANF,400,2,75,N_3pct,0.8484848484848485,0.85,80,0.8543107439261837,0.9931805897529031
ncp_anf,NCP+ANF,400,2,75,clean,0.8484848484848485,0.85,80,0.8543107439261837,0.9931805897529031
ncp_anf,NCP+ANF,400,2,75,substitution_1pct,0.8484848484848485,0.85,80,0.8543107439261837,0.9931805897529031
ncp_anf,NCP+ANF,400,2,100,N_3pct,0.887341574088562,0.8875,80,0.8543107439261837,1.0386637185558236
ncp_anf,NCP+ANF,400,2,100,clean,0.887341574088562,0.8875,80,0.8543107439261837,1.0386637185558236
ncp_anf,NCP+ANF,400,2,100,substitution_1pct,0.8999374609130707,0.9,80,0.8543107439261837,1.0534076357007975
ncp_anf,NCP+ANF,400,3,69,N_3pct,0.8209718670076727,0.825,80,0.8543107439261837,0.9609757021604406
ncp_anf,NCP+ANF,400,3,69,clean,0.8074145402022148,0.8125,80,0.8543107439261837,0.9451063865725878
ncp_anf,NCP+ANF,400,3,69,substitution_1pct,0.8074145402022148,0.8125,80,0.8543107439261837,0.9451063865725878
ncp_anf,NCP+ANF,400,3,75,N_3pct,0.7953964194373402,0.8,80,0.8543107439261837,0.931038764398433
ncp_anf,NCP+ANF,400,3,75,clean,0.8088867654085046,0.8125,80,0.8543107439261837,0.9468296766245469
ncp_anf,NCP+ANF,400,3,75,substitution_1pct,0.8209718670076727,0.825,80,0.8543107439261837,0.9609757021604406
ncp_anf,NCP+ANF,400,3,100,N_3pct,0.836246260431428,0.8375,80,0.8543107439261837,0.9788549030628644
ncp_anf,NCP+ANF,400,3,100,clean,0.8354169963601836,0.8375,80,0.8543107439261837,0.9778842210515001
ncp_anf,NCP+ANF,400,3,100,substitution_1pct,0.8484848484848485,0.85,80,0.8543107439261837,0.9931805897529031
ncp_anf,NCP+ANF,400,4,69,N_3pct,0.8545454545454545,0.875,80,0.8543107439261837,1.0002747368225666
ncp_anf,NCP+ANF,400,4,69,clean,0.8087883802169517,0.8375,80,0.8543107439261837,0.9467145133865186
ncp_anf,NCP+ANF,400,4,69,substitution_1pct,0.7963636363636364,0.825,80,0.8543107439261837,0.9321709249537963
ncp_anf,NCP+ANF,400,4,75,N_3pct,0.8087883802169517,0.8375,80,0.8543107439261837,0.9467145133865186
ncp_anf,NCP+ANF,400,4,75,clean,0.8254545454545454,0.85,80,0.8543107439261837,0.9662228308881814
ncp_anf,NCP+ANF,400,4,75,substitution_1pct,0.8254545454545454,0.85,80,0.8543107439261837,0.9662228308881814
ncp_anf,NCP+ANF,400,4,100,N_3pct,0.8791743581137774,0.8875,80,0.8543107439261837,1.0291037123954772
ncp_anf,NCP+ANF,400,4,100,clean,0.8881900768693222,0.9,80,0.8543107439261837,1.0396569201359194
ncp_anf,NCP+ANF,400,4,100,substitution_1pct,0.8753246753246753,0.8875,80,0.8543107439261837,1.024597526775699
ncp_anf,NCP+ANF,400,5,69,N_3pct,0.8330926015085861,0.8375,80,0.8543107439261837,0.9751634372288418
ncp_anf,NCP+ANF,400,5,69,clean,0.8465473145780051,0.85,80,0.8543107439261837,0.990912639922448
ncp_anf,NCP+ANF,400,5,69,substitution_1pct,0.8465473145780051,0.85,80,0.8543107439261837,0.990912639922448
ncp_anf,NCP+ANF,400,5,75,N_3pct,0.8465473145780051,0.85,80,0.8543107439261837,0.990912639922448
ncp_anf,NCP+ANF,400,5,75,clean,0.8598502946329033,0.8625,80,0.8543107439261837,1.0064842339231992
ncp_anf,NCP+ANF,400,5,75,substitution_1pct,0.8607374584586169,0.8625,80,0.8543107439261837,1.0075226895811913
ncp_anf,NCP+ANF,400,5,100,N_3pct,0.8999374609130707,0.9,80,0.8543107439261837,1.0534076357007975
ncp_anf,NCP+ANF,400,5,100,clean,0.8999374609130707,0.9,80,0.8543107439261837,1.0534076357007975
ncp_anf,NCP+ANF,400,5,100,substitution_1pct,0.8999374609130707,0.9,80,0.8543107439261837,1.0534076357007975
