fold,classifier,accuracy,macro_f1,n_features,n_train,n_test,n_train_groups,n_test_groups,length,representation,n_samples,n_groups,n_classes
1,contract_logistic,0.5873015873015873,0.5811038541068875,136,225,63,25,7,50,ck4,288,32,3
1,nearest_centroid,0.6031746031746031,0.5982905982905983,136,225,63,25,7,50,ck4,288,32,3
2,contract_logistic,0.6825396825396826,0.6673591545955585,136,225,63,25,7,50,ck4,288,32,3
2,nearest_centroid,0.6349206349206349,0.6262323862323862,136,225,63,25,7,50,ck4,288,32,3
3,contract_logistic,0.7037037037037037,0.705105105105105,136,234,54,26,6,50,ck4,288,32,3
3,nearest_centroid,0.6851851851851852,0.6871847924479505,136,234,54,26,6,50,ck4,288,32,3
4,contract_logistic,0.8148148148148148,0.7918902802623734,136,234,54,26,6,50,ck4,288,32,3
4,nearest_centroid,0.6296296296296297,0.6189704293152569,136,234,54,26,6,50,ck4,288,32,3
5,contract_logistic,0.4444444444444444,0.40175899750367833,136,234,54,26,6,50,ck4,288,32,3
5,nearest_centroid,0.37037037037037035,0.3477495016919297,136,234,54,26,6,50,ck4,288,32,3
1,contract_logistic,0.6666666666666666,0.6679042679042678,397,225,63,25,7,50,ckmer5_count_l2,288,32,3
1,nearest_centroid,0.6825396825396826,0.6862702309510821,397,225,63,25,7,50,ckmer5_count_l2,288,32,3
2,contract_logistic,0.6825396825396826,0.6790432485050758,397,225,63,25,7,50,ckmer5_count_l2,288,32,3
2,nearest_centroid,0.7301587301587301,0.7269984917043741,397,225,63,25,7,50,ckmer5_count_l2,288,32,3
3,contract_logistic,0.7037037037037037,0.701058201058201,397,234,54,26,6,50,ckmer5_count_l2,288,32,3
3,nearest_centroid,0.6296296296296297,0.6173759966863415,397,234,54,26,6,50,ckmer5_count_l2,288,32,3
4,contract_logistic,0.7962962962962963,0.781643770015863,397,234,54,26,6,50,ckmer5_count_l2,288,32,3
4,nearest_centroid,0.7777777777777778,0.7692597913310987,397,234,54,26,6,50,ckmer5_count_l2,288,32,3
5,contract_logistic,0.5555555555555556,0.5544467787114846,397,234,54,26,6,50,ckmer5_count_l2,288,32,3
5,nearest_centroid,0.46296296296296297,0.45233918128654965,397,234,54,26,6,50,ckmer5_count_l2,288,32,3
1,contract_logistic,0.4126984126984127,0.3299467827769715,11,225,63,25,7,50,p,288,32,3
1,nearest_centroid,0.38095238095238093,0.3463464346258243,11,225,63,25,7,50,p,288,32,3
2,contract_logistic,0.36507936507936506,0.2912127814088598,11,225,63,25,7,50,p,288,32,3
2,nearest_centroid,0.4126984126984127,0.39183967193075847,11,225,63,25,7,50,p,288,32,3
3,contract_logistic,0.35185185185185186,0.28257575757575754,11,234,54,26,6,50,p,288,32,3
3,nearest_centroid,0.37037037037037035,0.3194444444444444,11,234,54,26,6,50,p,288,32,3
4,contract_logistic,0.42592592592592593,0.33685268979386623,11,234,54,26,6,50,p,288,32,3
4,nearest_centroid,0.4444444444444444,0.40068873221047135,11,234,54,26,6,50,p,288,32,3
5,contract_logistic,0.3333333333333333,0.2634489693313223,11,234,54,26,6,50,p,288,32,3
5,nearest_centroid,0.2962962962962963,0.26526315789473687,11,234,54,26,6,50,p,288,32,3
1,contract_logistic,0.5238095238095238,0.5250952171683879,75,225,63,25,7,50,msp,288,32,3
1,nearest_centroid,0.5079365079365079,0.5068713450292397,75,225,63,25,7,50,msp,288,32,3
2,contract_logistic,0.5555555555555556,0.5549577108313076,75,225,63,25,7,50,msp,288,32,3
2,nearest_centroid,0.5555555555555556,0.5562330623306232,75,225,63,25,7,50,msp,288,32,3
3,contract_logistic,0.5,0.50132776109007,75,234,54,26,6,50,msp,288,32,3
3,nearest_centroid,0.48148148148148145,0.48333333333333334,75,234,54,26,6,50,msp,288,32,3
4,contract_logistic,0.6851851851851852,0.6857292133154202,75,234,54,26,6,50,msp,288,32,3
4,nearest_centroid,0.7222222222222222,0.7222734254992319,75,234,54,26,6,50,msp,288,32,3
5,contract_logistic,0.5740740740740741,0.5701754385964911,75,234,54,26,6,50,msp,288,32,3
5,nearest_centroid,0.6111111111111112,0.6093337919963308,75,234,54,26,6,50,msp,288,32,3
1,contract_logistic,0.49206349206349204,0.4921250876761494,86,225,63,25,7,50,p_msp,288,32,3
1,nearest_centroid,0.49206349206349204,0.4921250876761494,86,225,63,25,7,50,p_msp,288,32,3
2,contract_logistic,0.5714285714285714,0.5670394617203128,86,225,63,25,7,50,p_msp,288,32,3
2,nearest_centroid,0.5714285714285714,0.5670394617203128,86,225,63,25,7,50,p_msp,288,32,3
3,contract_logistic,0.5,0.50132776109007,86,234,54,26,6,50,p_msp,288,32,3
3,nearest_centroid,0.5,0.50132776109007,86,234,54,26,6,50,p_msp,288,32,3
4,contract_logistic,0.7037037037037037,0.7031817855347268,86,234,54,26,6,50,p_msp,288,32,3
4,nearest_centroid,0.7037037037037037,0.7031817855347268,86,234,54,26,6,50,p_msp,288,32,3
5,contract_logistic,0.6296296296296297,0.623391812865497,86,234,54,26,6,50,p_msp,288,32,3
5,nearest_centroid,0.6481481481481481,0.6442906273126986,86,234,54,26,6,50,p_msp,288,32,3
1,contract_logistic,0.6190476190476191,0.6054545454545455,222,225,63,25,7,50,ck4p_msp,288,32,3
1,nearest_centroid,0.6190476190476191,0.6169590643274853,222,225,63,25,7,50,ck4p_msp,288,32,3
2,contract_logistic,0.6507936507936508,0.6307519640852973,222,225,63,25,7,50,ck4p_msp,288,32,3
2,nearest_centroid,0.6190476190476191,0.6091036414565827,222,225,63,25,7,50,ck4p_msp,288,32,3
3,contract_logistic,0.6666666666666666,0.6611922927712401,222,234,54,26,6,50,ck4p_msp,288,32,3
3,nearest_centroid,0.6851851851851852,0.6871847924479505,222,234,54,26,6,50,ck4p_msp,288,32,3
4,contract_logistic,0.7592592592592593,0.7103377357884252,222,234,54,26,6,50,ck4p_msp,288,32,3
4,nearest_centroid,0.6481481481481481,0.6417624521072797,222,234,54,26,6,50,ck4p_msp,288,32,3
5,contract_logistic,0.46296296296296297,0.4318097361575622,222,234,54,26,6,50,ck4p_msp,288,32,3
5,nearest_centroid,0.37037037037037035,0.3477495016919297,222,234,54,26,6,50,ck4p_msp,288,32,3
1,contract_logistic,0.6825396825396826,0.6782828282828284,136,216,63,24,7,75,ck4,279,31,3
1,nearest_centroid,0.6825396825396826,0.6854561878952122,136,216,63,24,7,75,ck4,279,31,3
2,contract_logistic,0.6296296296296297,0.6055796055796056,136,225,54,25,6,75,ck4,279,31,3
2,nearest_centroid,0.5740740740740741,0.5523180988297268,136,225,54,25,6,75,ck4,279,31,3
3,contract_logistic,0.7037037037037037,0.6983102918586791,136,225,54,25,6,75,ck4,279,31,3
3,nearest_centroid,0.6481481481481481,0.6555555555555556,136,225,54,25,6,75,ck4,279,31,3
4,contract_logistic,0.6111111111111112,0.597951176983435,136,225,54,25,6,75,ck4,279,31,3
4,nearest_centroid,0.5185185185185185,0.5015873015873016,136,225,54,25,6,75,ck4,279,31,3
5,contract_logistic,0.48148148148148145,0.48223938223938223,136,225,54,25,6,75,ck4,279,31,3
5,nearest_centroid,0.42592592592592593,0.42672040603075084,136,225,54,25,6,75,ck4,279,31,3
1,contract_logistic,0.746031746031746,0.7457431457431457,461,216,63,24,7,75,ckmer5_count_l2,279,31,3
1,nearest_centroid,0.7142857142857143,0.719261523772802,461,216,63,24,7,75,ckmer5_count_l2,279,31,3
2,contract_logistic,0.6666666666666666,0.6536993326922517,461,225,54,25,6,75,ckmer5_count_l2,279,31,3
2,nearest_centroid,0.6666666666666666,0.6604205614248656,461,225,54,25,6,75,ckmer5_count_l2,279,31,3
3,contract_logistic,0.7592592592592593,0.7558471933471934,461,225,54,25,6,75,ckmer5_count_l2,279,31,3
3,nearest_centroid,0.6481481481481481,0.6477290687817003,461,225,54,25,6,75,ckmer5_count_l2,279,31,3
4,contract_logistic,0.7037037037037037,0.6855340188673522,461,225,54,25,6,75,ckmer5_count_l2,279,31,3
4,nearest_centroid,0.6111111111111112,0.5870610870610871,461,225,54,25,6,75,ckmer5_count_l2,279,31,3
5,contract_logistic,0.5370370370370371,0.5225571098657017,461,225,54,25,6,75,ckmer5_count_l2,279,31,3
5,nearest_centroid,0.48148148148148145,0.476976976976977,461,225,54,25,6,75,ckmer5_count_l2,279,31,3
1,contract_logistic,0.36507936507936506,0.2938907552569367,11,216,63,24,7,75,p,279,31,3
1,nearest_centroid,0.3492063492063492,0.28519668737060044,11,216,63,24,7,75,p,279,31,3
2,contract_logistic,0.35185185185185186,0.3042568542568543,11,225,54,25,6,75,p,279,31,3
2,nearest_centroid,0.37037037037037035,0.33286311389759665,11,225,54,25,6,75,p,279,31,3
3,contract_logistic,0.4444444444444444,0.40695652173913044,11,225,54,25,6,75,p,279,31,3
3,nearest_centroid,0.46296296296296297,0.44616087175610986,11,225,54,25,6,75,p,279,31,3
4,contract_logistic,0.48148148148148145,0.46419753086419746,11,225,54,25,6,75,p,279,31,3
4,nearest_centroid,0.46296296296296297,0.45692640692640696,11,225,54,25,6,75,p,279,31,3
5,contract_logistic,0.2777777777777778,0.22023809523809523,11,225,54,25,6,75,p,279,31,3
5,nearest_centroid,0.2777777777777778,0.22289766970618033,11,225,54,25,6,75,p,279,31,3
1,contract_logistic,0.49206349206349204,0.48536428110896196,75,216,63,24,7,75,msp,279,31,3
1,nearest_centroid,0.4444444444444444,0.44349908615365224,75,216,63,24,7,75,msp,279,31,3
2,contract_logistic,0.48148148148148145,0.4538712921065862,75,225,54,25,6,75,msp,279,31,3
2,nearest_centroid,0.5555555555555556,0.5441473559120618,75,225,54,25,6,75,msp,279,31,3
3,contract_logistic,0.7222222222222222,0.7200885095621938,75,225,54,25,6,75,msp,279,31,3
3,nearest_centroid,0.7777777777777778,0.7773191147804152,75,225,54,25,6,75,msp,279,31,3
4,contract_logistic,0.5925925925925926,0.5909090909090908,75,225,54,25,6,75,msp,279,31,3
4,nearest_centroid,0.5925925925925926,0.5910087719298245,75,225,54,25,6,75,msp,279,31,3
5,contract_logistic,0.5185185185185185,0.49532896044523955,75,225,54,25,6,75,msp,279,31,3
5,nearest_centroid,0.5185185185185185,0.5162866215497794,75,225,54,25,6,75,msp,279,31,3
1,contract_logistic,0.4603174603174603,0.451241134751773,86,216,63,24,7,75,p_msp,279,31,3
1,nearest_centroid,0.49206349206349204,0.48798222947549746,86,216,63,24,7,75,p_msp,279,31,3
2,contract_logistic,0.5370370370370371,0.4944769330734243,86,225,54,25,6,75,p_msp,279,31,3
2,nearest_centroid,0.5370370370370371,0.5084113417446751,86,225,54,25,6,75,p_msp,279,31,3
3,contract_logistic,0.6481481481481481,0.6458967683097245,86,225,54,25,6,75,p_msp,279,31,3
3,nearest_centroid,0.6481481481481481,0.6474673202614379,86,225,54,25,6,75,p_msp,279,31,3
4,contract_logistic,0.5925925925925926,0.5910087719298245,86,225,54,25,6,75,p_msp,279,31,3
4,nearest_centroid,0.5925925925925926,0.5910087719298245,86,225,54,25,6,75,p_msp,279,31,3
5,contract_logistic,0.5,0.48698188192272235,86,225,54,25,6,75,p_msp,279,31,3
5,nearest_centroid,0.5370370370370371,0.5367290367290368,86,225,54,25,6,75,p_msp,279,31,3
1,contract_logistic,0.6825396825396826,0.6746634026927785,222,216,63,24,7,75,ck4p_msp,279,31,3
1,nearest_centroid,0.6349206349206349,0.6384057971014493,222,216,63,24,7,75,ck4p_msp,279,31,3
2,contract_logistic,0.6481481481481481,0.5912491682490222,222,225,54,25,6,75,ck4p_msp,279,31,3
2,nearest_centroid,0.5925925925925926,0.5669457336124002,222,225,54,25,6,75,ck4p_msp,279,31,3
3,contract_logistic,0.7037037037037037,0.6854636591478697,222,225,54,25,6,75,ck4p_msp,279,31,3
3,nearest_centroid,0.6481481481481481,0.6555555555555556,222,225,54,25,6,75,ck4p_msp,279,31,3
4,contract_logistic,0.5555555555555556,0.5302354113948317,222,225,54,25,6,75,ck4p_msp,279,31,3
4,nearest_centroid,0.5370370370370371,0.5265745007680491,222,225,54,25,6,75,ck4p_msp,279,31,3
5,contract_logistic,0.48148148148148145,0.4838570628044312,222,225,54,25,6,75,ck4p_msp,279,31,3
5,nearest_centroid,0.42592592592592593,0.42672040603075084,222,225,54,25,6,75,ck4p_msp,279,31,3
1,contract_logistic,0.7619047619047619,0.7564509564509564,136,216,63,24,7,100,ck4,279,31,3
1,nearest_centroid,0.6825396825396826,0.6882278620083498,136,216,63,24,7,100,ck4,279,31,3
2,contract_logistic,0.7777777777777778,0.7568922305764411,136,225,54,25,6,100,ck4,279,31,3
2,nearest_centroid,0.7222222222222222,0.7160285285285285,136,225,54,25,6,100,ck4,279,31,3
3,contract_logistic,0.7407407407407407,0.7370141038871689,136,225,54,25,6,100,ck4,279,31,3
3,nearest_centroid,0.6851851851851852,0.6873343932167462,136,225,54,25,6,100,ck4,279,31,3
4,contract_logistic,0.6666666666666666,0.6651186790505677,136,225,54,25,6,100,ck4,279,31,3
4,nearest_centroid,0.5925925925925926,0.5874766573295985,136,225,54,25,6,100,ck4,279,31,3
5,contract_logistic,0.5925925925925926,0.5942721916352748,136,225,54,25,6,100,ck4,279,31,3
5,nearest_centroid,0.5740740740740741,0.5720437502046698,136,225,54,25,6,100,ck4,279,31,3
1,contract_logistic,0.7301587301587301,0.7306879167344285,482,216,63,24,7,100,ckmer5_count_l2,279,31,3
1,nearest_centroid,0.6984126984126984,0.7068294709804143,482,216,63,24,7,100,ckmer5_count_l2,279,31,3
2,contract_logistic,0.7407407407407407,0.7073684210526316,482,225,54,25,6,100,ckmer5_count_l2,279,31,3
2,nearest_centroid,0.7222222222222222,0.7082106496740644,482,225,54,25,6,100,ckmer5_count_l2,279,31,3
3,contract_logistic,0.7222222222222222,0.7091550215489094,482,225,54,25,6,100,ckmer5_count_l2,279,31,3
3,nearest_centroid,0.6666666666666666,0.6596055088702147,482,225,54,25,6,100,ckmer5_count_l2,279,31,3
4,contract_logistic,0.6851851851851852,0.667919799498747,482,225,54,25,6,100,ckmer5_count_l2,279,31,3
4,nearest_centroid,0.6666666666666666,0.6581881533101045,482,225,54,25,6,100,ckmer5_count_l2,279,31,3
5,contract_logistic,0.5740740740740741,0.5694123335902201,482,225,54,25,6,100,ckmer5_count_l2,279,31,3
5,nearest_centroid,0.5555555555555556,0.5516934046345812,482,225,54,25,6,100,ckmer5_count_l2,279,31,3
1,contract_logistic,0.3492063492063492,0.30073010252038385,11,216,63,24,7,100,p,279,31,3
1,nearest_centroid,0.3333333333333333,0.3257646562940972,11,216,63,24,7,100,p,279,31,3
2,contract_logistic,0.3148148148148148,0.24089635854341737,11,225,54,25,6,100,p,279,31,3
2,nearest_centroid,0.3148148148148148,0.25925925925925924,11,225,54,25,6,100,p,279,31,3
3,contract_logistic,0.35185185185185186,0.28341880341880343,11,225,54,25,6,100,p,279,31,3
3,nearest_centroid,0.2962962962962963,0.26099290780141843,11,225,54,25,6,100,p,279,31,3
4,contract_logistic,0.4444444444444444,0.359000337723742,11,225,54,25,6,100,p,279,31,3
4,nearest_centroid,0.37037037037037035,0.31066518023039763,11,225,54,25,6,100,p,279,31,3
5,contract_logistic,0.3333333333333333,0.30815018315018317,11,225,54,25,6,100,p,279,31,3
5,nearest_centroid,0.3333333333333333,0.3209120993698717,11,225,54,25,6,100,p,279,31,3
1,contract_logistic,0.4444444444444444,0.43915343915343913,75,216,63,24,7,100,msp,279,31,3
1,nearest_centroid,0.4444444444444444,0.4427536231884058,75,216,63,24,7,100,msp,279,31,3
2,contract_logistic,0.4444444444444444,0.4328845757417186,75,225,54,25,6,100,msp,279,31,3
2,nearest_centroid,0.46296296296296297,0.4599326599326599,75,225,54,25,6,100,msp,279,31,3
3,contract_logistic,0.5925925925925926,0.5955709403985266,75,225,54,25,6,100,msp,279,31,3
3,nearest_centroid,0.5925925925925926,0.5965852949723918,75,225,54,25,6,100,msp,279,31,3
4,contract_logistic,0.5555555555555556,0.5488757049732659,75,225,54,25,6,100,msp,279,31,3
4,nearest_centroid,0.5,0.49399301479645813,75,225,54,25,6,100,msp,279,31,3
5,contract_logistic,0.5185185185185185,0.5205595839742182,75,225,54,25,6,100,msp,279,31,3
5,nearest_centroid,0.5185185185185185,0.5195505102625846,75,225,54,25,6,100,msp,279,31,3
1,contract_logistic,0.3968253968253968,0.3927094868955334,86,216,63,24,7,100,p_msp,279,31,3
1,nearest_centroid,0.42857142857142855,0.4296747967479675,86,216,63,24,7,100,p_msp,279,31,3
2,contract_logistic,0.42592592592592593,0.3950373298199385,86,225,54,25,6,100,p_msp,279,31,3
2,nearest_centroid,0.4444444444444444,0.4224598930481283,86,225,54,25,6,100,p_msp,279,31,3
3,contract_logistic,0.5185185185185185,0.5116732399474138,86,225,54,25,6,100,p_msp,279,31,3
3,nearest_centroid,0.5370370370370371,0.5354075005237796,86,225,54,25,6,100,p_msp,279,31,3
4,contract_logistic,0.5370370370370371,0.5318713450292398,86,225,54,25,6,100,p_msp,279,31,3
4,nearest_centroid,0.5,0.4970329180855497,86,225,54,25,6,100,p_msp,279,31,3
5,contract_logistic,0.48148148148148145,0.4701401443161977,86,225,54,25,6,100,p_msp,279,31,3
5,nearest_centroid,0.5185185185185185,0.5205278592375366,86,225,54,25,6,100,p_msp,279,31,3
1,contract_logistic,0.746031746031746,0.7405779405779406,222,216,63,24,7,100,ck4p_msp,279,31,3
1,nearest_centroid,0.6825396825396826,0.6882278620083498,222,216,63,24,7,100,ck4p_msp,279,31,3
2,contract_logistic,0.7222222222222222,0.6795648795648797,222,225,54,25,6,100,ck4p_msp,279,31,3
2,nearest_centroid,0.7222222222222222,0.7138157894736842,222,225,54,25,6,100,ck4p_msp,279,31,3
3,contract_logistic,0.7407407407407407,0.7370141038871689,222,225,54,25,6,100,ck4p_msp,279,31,3
3,nearest_centroid,0.6851851851851852,0.6873343932167462,222,225,54,25,6,100,ck4p_msp,279,31,3
4,contract_logistic,0.6481481481481481,0.6419385893070103,222,225,54,25,6,100,ck4p_msp,279,31,3
4,nearest_centroid,0.6111111111111112,0.6048344947735192,222,225,54,25,6,100,ck4p_msp,279,31,3
5,contract_logistic,0.5555555555555556,0.5565697543385171,222,225,54,25,6,100,ck4p_msp,279,31,3
5,nearest_centroid,0.5740740740740741,0.5720437502046698,222,225,54,25,6,100,ck4p_msp,279,31,3
1,contract_logistic,0.7142857142857143,0.6933706816059756,136,216,63,24,7,150,ck4,279,31,3
1,nearest_centroid,0.6507936507936508,0.6536922015182884,136,216,63,24,7,150,ck4,279,31,3
2,contract_logistic,0.7222222222222222,0.7006631299734748,136,225,54,25,6,150,ck4,279,31,3
2,nearest_centroid,0.6666666666666666,0.6666666666666666,136,225,54,25,6,150,ck4,279,31,3
3,contract_logistic,0.7222222222222222,0.7217635592248595,136,225,54,25,6,150,ck4,279,31,3
3,nearest_centroid,0.6481481481481481,0.6373548199767712,136,225,54,25,6,150,ck4,279,31,3
4,contract_logistic,0.7407407407407407,0.7434228486860066,136,225,54,25,6,150,ck4,279,31,3
4,nearest_centroid,0.5740740740740741,0.5784390159390159,136,225,54,25,6,150,ck4,279,31,3
5,contract_logistic,0.5925925925925926,0.5829994192799072,136,225,54,25,6,150,ck4,279,31,3
5,nearest_centroid,0.5,0.5002549483150234,136,225,54,25,6,150,ck4,279,31,3
1,contract_logistic,0.7619047619047619,0.7602487061659914,504,216,63,24,7,150,ckmer5_count_l2,279,31,3
1,nearest_centroid,0.6349206349206349,0.6405228758169934,504,216,63,24,7,150,ckmer5_count_l2,279,31,3
2,contract_logistic,0.7592592592592593,0.7407555911966498,504,225,54,25,6,150,ckmer5_count_l2,279,31,3
2,nearest_centroid,0.7222222222222222,0.7147721884563989,504,225,54,25,6,150,ckmer5_count_l2,279,31,3
3,contract_logistic,0.7222222222222222,0.7010310803414251,504,225,54,25,6,150,ckmer5_count_l2,279,31,3
3,nearest_centroid,0.7037037037037037,0.7002304247641407,504,225,54,25,6,150,ckmer5_count_l2,279,31,3
4,contract_logistic,0.7777777777777778,0.7735294117647059,504,225,54,25,6,150,ckmer5_count_l2,279,31,3
4,nearest_centroid,0.6111111111111112,0.6151127203758783,504,225,54,25,6,150,ckmer5_count_l2,279,31,3
5,contract_logistic,0.6296296296296297,0.6144039397383222,504,225,54,25,6,150,ckmer5_count_l2,279,31,3
5,nearest_centroid,0.5740740740740741,0.5690613690613691,504,225,54,25,6,150,ckmer5_count_l2,279,31,3
1,contract_logistic,0.3968253968253968,0.35605442176870755,11,216,63,24,7,150,p,279,31,3
1,nearest_centroid,0.4444444444444444,0.4391960349407158,11,216,63,24,7,150,p,279,31,3
2,contract_logistic,0.48148148148148145,0.3844155844155844,11,225,54,25,6,150,p,279,31,3
2,nearest_centroid,0.48148148148148145,0.4094744816165459,11,225,54,25,6,150,p,279,31,3
3,contract_logistic,0.5,0.4051282051282052,11,225,54,25,6,150,p,279,31,3
3,nearest_centroid,0.48148148148148145,0.4556732812546766,11,225,54,25,6,150,p,279,31,3
4,contract_logistic,0.46296296296296297,0.3669467787114846,11,225,54,25,6,150,p,279,31,3
4,nearest_centroid,0.42592592592592593,0.36470832684016413,11,225,54,25,6,150,p,279,31,3
5,contract_logistic,0.35185185185185186,0.2766531713900135,11,225,54,25,6,150,p,279,31,3
5,nearest_centroid,0.37037037037037035,0.36112989257005484,11,225,54,25,6,150,p,279,31,3
1,contract_logistic,0.42857142857142855,0.4156818181818182,75,216,63,24,7,150,msp,279,31,3
1,nearest_centroid,0.4126984126984127,0.401936026936027,75,216,63,24,7,150,msp,279,31,3
2,contract_logistic,0.42592592592592593,0.40740740740740744,75,225,54,25,6,150,msp,279,31,3
2,nearest_centroid,0.4444444444444444,0.43317572892040984,75,225,54,25,6,150,msp,279,31,3
3,contract_logistic,0.48148148148148145,0.48329156223893066,75,225,54,25,6,150,msp,279,31,3
3,nearest_centroid,0.48148148148148145,0.48329156223893066,75,225,54,25,6,150,msp,279,31,3
4,contract_logistic,0.5925925925925926,0.5859774212715388,75,225,54,25,6,150,msp,279,31,3
4,nearest_centroid,0.5740740740740741,0.570940170940171,75,225,54,25,6,150,msp,279,31,3
5,contract_logistic,0.3888888888888889,0.3850408850408851,75,225,54,25,6,150,msp,279,31,3
5,nearest_centroid,0.3888888888888889,0.38734402852049915,75,225,54,25,6,150,msp,279,31,3
1,contract_logistic,0.36507936507936506,0.34164107064501975,86,216,63,24,7,150,p_msp,279,31,3
1,nearest_centroid,0.3492063492063492,0.34240362811791386,86,216,63,24,7,150,p_msp,279,31,3
2,contract_logistic,0.46296296296296297,0.4480808080808081,86,225,54,25,6,150,p_msp,279,31,3
2,nearest_centroid,0.46296296296296297,0.4567518961607632,86,225,54,25,6,150,p_msp,279,31,3
3,contract_logistic,0.5185185185185185,0.518774465522433,86,225,54,25,6,150,p_msp,279,31,3
3,nearest_centroid,0.48148148148148145,0.4809941520467836,86,225,54,25,6,150,p_msp,279,31,3
4,contract_logistic,0.5370370370370371,0.5178571428571429,86,225,54,25,6,150,p_msp,279,31,3
4,nearest_centroid,0.5555555555555556,0.5426809918853982,86,225,54,25,6,150,p_msp,279,31,3
5,contract_logistic,0.3888888888888889,0.3730955035302861,86,225,54,25,6,150,p_msp,279,31,3
5,nearest_centroid,0.35185185185185186,0.34271284271284275,86,225,54,25,6,150,p_msp,279,31,3
1,contract_logistic,0.6825396825396826,0.6562118437118437,222,216,63,24,7,150,ck4p_msp,279,31,3
1,nearest_centroid,0.6507936507936508,0.6536922015182884,222,216,63,24,7,150,ck4p_msp,279,31,3
2,contract_logistic,0.7407407407407407,0.7242690058479533,222,225,54,25,6,150,ck4p_msp,279,31,3
2,nearest_centroid,0.6851851851851852,0.6865293865293866,222,225,54,25,6,150,ck4p_msp,279,31,3
3,contract_logistic,0.7037037037037037,0.6914648716379638,222,225,54,25,6,150,ck4p_msp,279,31,3
3,nearest_centroid,0.6481481481481481,0.6373548199767712,222,225,54,25,6,150,ck4p_msp,279,31,3
4,contract_logistic,0.6481481481481481,0.6294880246099759,222,225,54,25,6,150,ck4p_msp,279,31,3
4,nearest_centroid,0.5740740740740741,0.5784390159390159,222,225,54,25,6,150,ck4p_msp,279,31,3
5,contract_logistic,0.5925925925925926,0.5829994192799072,222,225,54,25,6,150,ck4p_msp,279,31,3
5,nearest_centroid,0.5185185185185185,0.5170922475270302,222,225,54,25,6,150,ck4p_msp,279,31,3
