data layer,scale,diagnostic question,primary metrics,claim boundary
WGS perturbation pairs,"25,200 rows; 3,600 clean templates; 6 genera/21 species; lengths 69,75,100,125,150,300 bp",Which representations keep clean and perturbed reads close?,"paired cosine, L2 drift, retrieval","controlled representation stability, not clinical validation"
Position-property ablation,"36,000 rows; 3,600 templates; 6 genera/21 species; lengths 69,75,100,125,150,300 bp",What do P and MSP add to the CK4 composition backbone?,"paired stability, block drift, delta-readout, MI proxies","decomposable representation audit, not a natural physical metric"
Shared-template length continuity,"420 shared templates at every integer length from 50 to 75 bp; 76,440 global rows and 18,720 local triplets",Does the stability-readability profile persist across the lower short-read range?,"paired drift, grouped delta-readout, conditional P/MSP increments","descriptive lower-bound sensitivity; not a dense 50-150 bp scan"
ART Illumina-like simulation,"55,961 matched clean/simulated pairs; 111,922 rows; lengths 50,60,69,75,100,125,150 bp",Does current-contract ordering persist within simulator lengths and quality strata?,"drift ratio versus CK4, observed base difference rate","within-length simulator context; not a causal length trend or clinical error model"
CAMI_TOY_low fixed-head probes,"16,342 eligible source groups; 6 binary target tasks; 2,400 groups and 21,600 task rows per target; lengths 69,75,100 bp",Is coarse label information retained under length and perturbation shifts without refitting?,"fixed-head macro-F1, retention, MCC, AUROC/AUPRC","source-grouped coarse-label transfer; not fine taxonomic classification"
CAMI II marine anonymous-read probe,"48,000 rows from 4,000 anonymous source reads; lengths 69,75,100 bp",Do stability trends persist in a more complex external metagenomic read source?,"paired cosine, L2 drift, retrieval",paired stability without reconstructed read-level taxonomic labels
controlled position tasks,controlled synthetic tasks over the short-read length grid,What does fine positional resolution add?,"macro-F1, feature dimension",upper-bound diagnostic
local mutation sensitivity,"250 triplets per analysis cell; 12 representations; 4 local modes; lengths 69,100,150 bp",Can local biochemical change be detected beyond equal-count noise?,"sensitivity ratio, delta-readout macro-F1","selective sensitivity, not functional effect prediction"
boundary probes,"spaced-seed, context-visibility and ARG/SNP boundary screens","Where do spaced-seed, context and ARG/SNP claims stop?","seed stability, visibility threshold, macro-F1",mechanism boundary and failure modes
